===== FORMAL output_projection_unit
SBY 11:11:03 [bmc] Removing directory '/home/jese/tinyllm/src/output_projection_unit/formal/bmc'.
SBY 11:11:03 [bmc] Copy '/home/jese/tinyllm/src/output_projection_unit/formal/../../../systemverilog_fp_unit/rtl/fp_pkg.sv' to '/home/jese/tinyllm/src/output_projection_unit/formal/bmc/src/fp_pkg.sv'.
SBY 11:11:03 [bmc] Copy '/home/jese/tinyllm/src/output_projection_unit/formal/../output_projection_unit.sv' to '/home/jese/tinyllm/src/output_projection_unit/formal/bmc/src/output_projection_unit.sv'.
SBY 11:11:03 [bmc] Copy '/home/jese/tinyllm/src/output_projection_unit/formal/matrix_unit_stub.sv' to '/home/jese/tinyllm/src/output_projection_unit/formal/bmc/src/matrix_unit_stub.sv'.
SBY 11:11:03 [bmc] Copy '/home/jese/tinyllm/src/output_projection_unit/formal/../../../systemverilog_fp_unit/rtl/fp32_to_bf16_round.sv' to '/home/jese/tinyllm/src/output_projection_unit/formal/bmc/src/fp32_to_bf16_round.sv'.
SBY 11:11:03 [bmc] Copy '/home/jese/tinyllm/src/output_projection_unit/formal/fp_unit_stub.sv' to '/home/jese/tinyllm/src/output_projection_unit/formal/bmc/src/fp_unit_stub.sv'.
SBY 11:11:03 [bmc] Copy '/home/jese/tinyllm/src/output_projection_unit/formal/output_projection_props.sv' to '/home/jese/tinyllm/src/output_projection_unit/formal/bmc/src/output_projection_props.sv'.
SBY 11:11:03 [bmc] engine_0: smtbmc boolector
SBY 11:11:03 [bmc] base: starting process "cd bmc/src; yosys -ql ../model/design.log ../model/design.ys"
SBY 11:11:04 [bmc] base: ERROR: Module `matrix_unit' referenced in module `output_projection_unit' in cell `u_proj' does not have a parameter named 'LANES'.
SBY 11:11:04 [bmc] base: finished (returncode=1)
SBY 11:11:04 [bmc] base: task failed. ERROR.
SBY 11:11:04 [bmc] summary: Elapsed clock time [H:MM:SS (secs)]: 0:00:00 (0)
SBY 11:11:04 [bmc] summary: Elapsed process time [H:MM:SS (secs)]: 0:00:00 (0)
SBY 11:11:04 [bmc] summary: engine_0 (smtbmc boolector) did not return a status
SBY 11:11:04 [bmc] summary: engine_0 did not produce any traces
SBY 11:11:04 [bmc] DONE (ERROR, rc=16)
----- output_projection_unit rc=16
===== FORMAL attention_unit
SBY 11:11:04 [bmc_bmc] Removing directory '/home/jese/tinyllm/src/attention_unit/formal/bmc_bmc'.
SBY 11:11:04 [bmc_bmc] Copy '/home/jese/tinyllm/src/attention_unit/formal/../../../systemverilog_fp_unit/rtl/fp_pkg.sv' to '/home/jese/tinyllm/src/attention_unit/formal/bmc_bmc/src/fp_pkg.sv'.
SBY 11:11:04 [bmc_bmc] Copy '/home/jese/tinyllm/src/attention_unit/formal/fp_unit_stub.sv' to '/home/jese/tinyllm/src/attention_unit/formal/bmc_bmc/src/fp_unit_stub.sv'.
SBY 11:11:04 [bmc_bmc] Copy '/home/jese/tinyllm/src/attention_unit/formal/fp_exp_seq_stub.sv' to '/home/jese/tinyllm/src/attention_unit/formal/bmc_bmc/src/fp_exp_seq_stub.sv'.
SBY 11:11:04 [bmc_bmc] Copy '/home/jese/tinyllm/src/attention_unit/formal/matrix_unit_stub.sv' to '/home/jese/tinyllm/src/attention_unit/formal/bmc_bmc/src/matrix_unit_stub.sv'.
SBY 11:11:04 [bmc_bmc] Copy '/home/jese/tinyllm/src/attention_unit/formal/../../../systemverilog_fp_unit/rtl/fp32_to_bf16_round.sv' to '/home/jese/tinyllm/src/attention_unit/formal/bmc_bmc/src/fp32_to_bf16_round.sv'.
SBY 11:11:04 [bmc_bmc] Copy '/home/jese/tinyllm/src/attention_unit/formal/../attn_softmax_seq.sv' to '/home/jese/tinyllm/src/attention_unit/formal/bmc_bmc/src/attn_softmax_seq.sv'.
SBY 11:11:04 [bmc_bmc] Copy '/home/jese/tinyllm/src/attention_unit/formal/../attention_unit.sv' to '/home/jese/tinyllm/src/attention_unit/formal/bmc_bmc/src/attention_unit.sv'.
SBY 11:11:04 [bmc_bmc] Copy '/home/jese/tinyllm/src/attention_unit/formal/attention_props.sv' to '/home/jese/tinyllm/src/attention_unit/formal/bmc_bmc/src/attention_props.sv'.
SBY 11:11:04 [bmc_bmc] engine_0: smtbmc boolector
SBY 11:11:04 [bmc_bmc] base: starting process "cd bmc_bmc/src; yosys -ql ../model/design.log ../model/design.ys"
SBY 11:11:04 [bmc_bmc] base: Warning: Resizing cell port $paramod$3dfabf2fe676ec2750153c21e77bd4df68aa8534\attention_unit.u_v.load_out_idx from 3 bits to 2 bits.
SBY 11:11:04 [bmc_bmc] base: Warning: Resizing cell port $paramod$3dfabf2fe676ec2750153c21e77bd4df68aa8534\attention_unit.u_k.load_out_idx from 3 bits to 2 bits.
SBY 11:11:04 [bmc_bmc] base: Warning: Resizing cell port attention_props.u_dut.load_in_idx from 10 bits to 3 bits.
SBY 11:11:04 [bmc_bmc] base: Warning: Resizing cell port attention_props.u_dut.load_out_idx from 10 bits to 3 bits.
SBY 11:11:04 [bmc_bmc] base: finished (returncode=0)
SBY 11:11:04 [bmc_bmc] prep: starting process "cd bmc_bmc/model; yosys -ql design_prep.log design_prep.ys"
SBY 11:11:04 [bmc_bmc] prep: finished (returncode=0)
SBY 11:11:04 [bmc_bmc] smt2: starting process "cd bmc_bmc/model; yosys -ql design_smt2.log design_smt2.ys"
SBY 11:11:04 [bmc_bmc] smt2: finished (returncode=0)
SBY 11:11:04 [bmc_bmc] engine_0: starting process "cd bmc_bmc; yosys-smtbmc -s boolector --presat --unroll --noprogress -t 220  --append 0 --dump-vcd engine_0/trace.vcd --dump-yw engine_0/trace.yw --dump-vlogtb engine_0/trace_tb.v --dump-smtc engine_0/trace.smtc model/design_smt2.smt2"
SBY 11:11:04 [bmc_bmc] engine_0: ##   0:00:00  Solver: boolector
SBY 11:11:04 [bmc_bmc] engine_0: ##   0:00:00  Checking assumptions in step 0..
SBY 11:11:04 [bmc_bmc] engine_0: ##   0:00:00  Checking assertions in step 0..
SBY 11:11:04 [bmc_bmc] engine_0: ##   0:00:00  Checking assumptions in step 1..
SBY 11:11:04 [bmc_bmc] engine_0: ##   0:00:00  Checking assertions in step 1..
SBY 11:11:04 [bmc_bmc] engine_0: ##   0:00:00  Checking assumptions in step 2..
SBY 11:11:04 [bmc_bmc] engine_0: ##   0:00:00  Checking assertions in step 2..
SBY 11:11:04 [bmc_bmc] engine_0: ##   0:00:00  Checking assumptions in step 3..
SBY 11:11:04 [bmc_bmc] engine_0: ##   0:00:00  Checking assertions in step 3..
SBY 11:11:05 [bmc_bmc] engine_0: ##   0:00:00  Checking assumptions in step 4..
SBY 11:11:05 [bmc_bmc] engine_0: ##   0:00:00  Checking assertions in step 4..
SBY 11:11:05 [bmc_bmc] engine_0: ##   0:00:00  Checking assumptions in step 5..
SBY 11:11:05 [bmc_bmc] engine_0: ##   0:00:00  Checking assertions in step 5..
SBY 11:11:05 [bmc_bmc] engine_0: ##   0:00:00  Checking assumptions in step 6..
SBY 11:11:05 [bmc_bmc] engine_0: ##   0:00:00  Checking assertions in step 6..
SBY 11:11:05 [bmc_bmc] engine_0: ##   0:00:00  Checking assumptions in step 7..
SBY 11:11:05 [bmc_bmc] engine_0: ##   0:00:00  Checking assertions in step 7..
SBY 11:11:05 [bmc_bmc] engine_0: ##   0:00:00  Checking assumptions in step 8..
SBY 11:11:05 [bmc_bmc] engine_0: ##   0:00:00  Checking assertions in step 8..
SBY 11:11:05 [bmc_bmc] engine_0: ##   0:00:00  Checking assumptions in step 9..
SBY 11:11:05 [bmc_bmc] engine_0: ##   0:00:00  Checking assertions in step 9..
SBY 11:11:05 [bmc_bmc] engine_0: ##   0:00:00  Checking assumptions in step 10..
SBY 11:11:05 [bmc_bmc] engine_0: ##   0:00:00  Checking assertions in step 10..
SBY 11:11:05 [bmc_bmc] engine_0: ##   0:00:00  Checking assumptions in step 11..
SBY 11:11:05 [bmc_bmc] engine_0: ##   0:00:00  Checking assertions in step 11..
SBY 11:11:05 [bmc_bmc] engine_0: ##   0:00:00  Checking assumptions in step 12..
SBY 11:11:05 [bmc_bmc] engine_0: ##   0:00:00  Checking assertions in step 12..
SBY 11:11:05 [bmc_bmc] engine_0: ##   0:00:00  Checking assumptions in step 13..
SBY 11:11:05 [bmc_bmc] engine_0: ##   0:00:00  Checking assertions in step 13..
SBY 11:11:05 [bmc_bmc] engine_0: ##   0:00:01  Checking assumptions in step 14..
SBY 11:11:05 [bmc_bmc] engine_0: ##   0:00:01  Checking assertions in step 14..
SBY 11:11:05 [bmc_bmc] engine_0: ##   0:00:01  Checking assumptions in step 15..
SBY 11:11:05 [bmc_bmc] engine_0: ##   0:00:01  Checking assertions in step 15..
SBY 11:11:05 [bmc_bmc] engine_0: ##   0:00:01  Checking assumptions in step 16..
SBY 11:11:05 [bmc_bmc] engine_0: ##   0:00:01  Checking assertions in step 16..
SBY 11:11:05 [bmc_bmc] engine_0: ##   0:00:01  Checking assumptions in step 17..
SBY 11:11:05 [bmc_bmc] engine_0: ##   0:00:01  Checking assertions in step 17..
SBY 11:11:06 [bmc_bmc] engine_0: ##   0:00:01  Checking assumptions in step 18..
SBY 11:11:06 [bmc_bmc] engine_0: ##   0:00:01  Checking assertions in step 18..
SBY 11:11:06 [bmc_bmc] engine_0: ##   0:00:01  Checking assumptions in step 19..
SBY 11:11:06 [bmc_bmc] engine_0: ##   0:00:01  Checking assertions in step 19..
SBY 11:11:06 [bmc_bmc] engine_0: ##   0:00:01  Checking assumptions in step 20..
SBY 11:11:06 [bmc_bmc] engine_0: ##   0:00:01  Checking assertions in step 20..
SBY 11:11:06 [bmc_bmc] engine_0: ##   0:00:01  Checking assumptions in step 21..
SBY 11:11:06 [bmc_bmc] engine_0: ##   0:00:01  Checking assertions in step 21..
SBY 11:11:06 [bmc_bmc] engine_0: ##   0:00:01  Checking assumptions in step 22..
SBY 11:11:06 [bmc_bmc] engine_0: ##   0:00:01  Checking assertions in step 22..
SBY 11:11:06 [bmc_bmc] engine_0: ##   0:00:01  Checking assumptions in step 23..
SBY 11:11:06 [bmc_bmc] engine_0: ##   0:00:01  Checking assertions in step 23..
SBY 11:11:06 [bmc_bmc] engine_0: ##   0:00:01  Checking assumptions in step 24..
SBY 11:11:06 [bmc_bmc] engine_0: ##   0:00:02  Checking assertions in step 24..
SBY 11:11:06 [bmc_bmc] engine_0: ##   0:00:02  Checking assumptions in step 25..
SBY 11:11:06 [bmc_bmc] engine_0: ##   0:00:02  Checking assertions in step 25..
SBY 11:11:06 [bmc_bmc] engine_0: ##   0:00:02  Checking assumptions in step 26..
SBY 11:11:06 [bmc_bmc] engine_0: ##   0:00:02  Checking assertions in step 26..
SBY 11:11:07 [bmc_bmc] engine_0: ##   0:00:02  Checking assumptions in step 27..
SBY 11:11:07 [bmc_bmc] engine_0: ##   0:00:02  Checking assertions in step 27..
SBY 11:11:07 [bmc_bmc] engine_0: ##   0:00:02  Checking assumptions in step 28..
SBY 11:11:07 [bmc_bmc] engine_0: ##   0:00:02  Checking assertions in step 28..
SBY 11:11:07 [bmc_bmc] engine_0: ##   0:00:02  Checking assumptions in step 29..
SBY 11:11:07 [bmc_bmc] engine_0: ##   0:00:02  Checking assertions in step 29..
SBY 11:11:07 [bmc_bmc] engine_0: ##   0:00:02  Checking assumptions in step 30..
SBY 11:11:07 [bmc_bmc] engine_0: ##   0:00:02  Checking assertions in step 30..
SBY 11:11:07 [bmc_bmc] engine_0: ##   0:00:02  Checking assumptions in step 31..
SBY 11:11:07 [bmc_bmc] engine_0: ##   0:00:02  Checking assertions in step 31..
SBY 11:11:07 [bmc_bmc] engine_0: ##   0:00:03  Checking assumptions in step 32..
SBY 11:11:07 [bmc_bmc] engine_0: ##   0:00:03  Checking assertions in step 32..
SBY 11:11:07 [bmc_bmc] engine_0: ##   0:00:03  Checking assumptions in step 33..
SBY 11:11:08 [bmc_bmc] engine_0: ##   0:00:03  Checking assertions in step 33..
SBY 11:11:08 [bmc_bmc] engine_0: ##   0:00:03  Checking assumptions in step 34..
SBY 11:11:08 [bmc_bmc] engine_0: ##   0:00:03  Checking assertions in step 34..
SBY 11:11:08 [bmc_bmc] engine_0: ##   0:00:03  Checking assumptions in step 35..
SBY 11:11:08 [bmc_bmc] engine_0: ##   0:00:03  Checking assertions in step 35..
SBY 11:11:08 [bmc_bmc] engine_0: ##   0:00:03  Checking assumptions in step 36..
SBY 11:11:08 [bmc_bmc] engine_0: ##   0:00:03  Checking assertions in step 36..
SBY 11:11:08 [bmc_bmc] engine_0: ##   0:00:04  Checking assumptions in step 37..
SBY 11:11:08 [bmc_bmc] engine_0: ##   0:00:04  Checking assertions in step 37..
SBY 11:11:08 [bmc_bmc] engine_0: ##   0:00:04  Checking assumptions in step 38..
SBY 11:11:09 [bmc_bmc] engine_0: ##   0:00:04  Checking assertions in step 38..
SBY 11:11:09 [bmc_bmc] engine_0: ##   0:00:04  Checking assumptions in step 39..
SBY 11:11:09 [bmc_bmc] engine_0: ##   0:00:04  Checking assertions in step 39..
SBY 11:11:09 [bmc_bmc] engine_0: ##   0:00:04  Checking assumptions in step 40..
SBY 11:11:09 [bmc_bmc] engine_0: ##   0:00:05  Checking assertions in step 40..
SBY 11:11:09 [bmc_bmc] engine_0: ##   0:00:05  Checking assumptions in step 41..
SBY 11:11:09 [bmc_bmc] engine_0: ##   0:00:05  Checking assertions in step 41..
SBY 11:11:10 [bmc_bmc] engine_0: ##   0:00:05  Checking assumptions in step 42..
SBY 11:11:10 [bmc_bmc] engine_0: ##   0:00:05  Checking assertions in step 42..
SBY 11:11:10 [bmc_bmc] engine_0: ##   0:00:05  Checking assumptions in step 43..
SBY 11:11:10 [bmc_bmc] engine_0: ##   0:00:05  Checking assertions in step 43..
SBY 11:11:10 [bmc_bmc] engine_0: ##   0:00:06  Checking assumptions in step 44..
SBY 11:11:10 [bmc_bmc] engine_0: ##   0:00:06  Checking assertions in step 44..
SBY 11:11:11 [bmc_bmc] engine_0: ##   0:00:06  Checking assumptions in step 45..
SBY 11:11:11 [bmc_bmc] engine_0: ##   0:00:06  Checking assertions in step 45..
SBY 11:11:11 [bmc_bmc] engine_0: ##   0:00:06  Checking assumptions in step 46..
SBY 11:11:11 [bmc_bmc] engine_0: ##   0:00:06  Checking assertions in step 46..
SBY 11:11:11 [bmc_bmc] engine_0: ##   0:00:07  Checking assumptions in step 47..
SBY 11:11:11 [bmc_bmc] engine_0: ##   0:00:07  Checking assertions in step 47..
SBY 11:11:12 [bmc_bmc] engine_0: ##   0:00:07  Checking assumptions in step 48..
SBY 11:11:12 [bmc_bmc] engine_0: ##   0:00:07  Checking assertions in step 48..
SBY 11:11:12 [bmc_bmc] engine_0: ##   0:00:07  Checking assumptions in step 49..
SBY 11:11:12 [bmc_bmc] engine_0: ##   0:00:07  Checking assertions in step 49..
SBY 11:11:12 [bmc_bmc] engine_0: ##   0:00:07  Checking assumptions in step 50..
SBY 11:11:12 [bmc_bmc] engine_0: ##   0:00:08  Checking assertions in step 50..
SBY 11:11:12 [bmc_bmc] engine_0: ##   0:00:08  Checking assumptions in step 51..
SBY 11:11:13 [bmc_bmc] engine_0: ##   0:00:08  Checking assertions in step 51..
SBY 11:11:13 [bmc_bmc] engine_0: ##   0:00:08  Checking assumptions in step 52..
SBY 11:11:13 [bmc_bmc] engine_0: ##   0:00:08  Checking assertions in step 52..
SBY 11:11:13 [bmc_bmc] engine_0: ##   0:00:09  Checking assumptions in step 53..
SBY 11:11:13 [bmc_bmc] engine_0: ##   0:00:09  Checking assertions in step 53..
SBY 11:11:14 [bmc_bmc] engine_0: ##   0:00:09  Checking assumptions in step 54..
SBY 11:11:14 [bmc_bmc] engine_0: ##   0:00:09  Checking assertions in step 54..
SBY 11:11:14 [bmc_bmc] engine_0: ##   0:00:09  Checking assumptions in step 55..
SBY 11:11:14 [bmc_bmc] engine_0: ##   0:00:09  Checking assertions in step 55..
SBY 11:11:14 [bmc_bmc] engine_0: ##   0:00:10  Checking assumptions in step 56..
SBY 11:11:14 [bmc_bmc] engine_0: ##   0:00:10  Checking assertions in step 56..
SBY 11:11:15 [bmc_bmc] engine_0: ##   0:00:10  Checking assumptions in step 57..
SBY 11:11:15 [bmc_bmc] engine_0: ##   0:00:10  Checking assertions in step 57..
SBY 11:11:15 [bmc_bmc] engine_0: ##   0:00:10  Checking assumptions in step 58..
SBY 11:11:13 [bmc_bmc] engine_0: ##   0:00:08  Checking assertions in step 58..
SBY 11:11:13 [bmc_bmc] engine_0: ##   0:00:08  Checking assumptions in step 59..
SBY 11:11:13 [bmc_bmc] engine_0: ##   0:00:08  Checking assertions in step 59..
SBY 11:11:13 [bmc_bmc] engine_0: ##   0:00:09  Checking assumptions in step 60..
SBY 11:11:14 [bmc_bmc] engine_0: ##   0:00:09  Checking assertions in step 60..
SBY 11:11:14 [bmc_bmc] engine_0: ##   0:00:10  Checking assumptions in step 61..
SBY 11:11:15 [bmc_bmc] engine_0: ##   0:00:10  Checking assertions in step 61..
SBY 11:11:15 [bmc_bmc] engine_0: ##   0:00:10  Checking assumptions in step 62..
SBY 11:11:15 [bmc_bmc] engine_0: ##   0:00:10  Checking assertions in step 62..
SBY 11:11:15 [bmc_bmc] engine_0: ##   0:00:11  Checking assumptions in step 63..
SBY 11:11:16 [bmc_bmc] engine_0: ##   0:00:11  Checking assertions in step 63..
SBY 11:11:16 [bmc_bmc] engine_0: ##   0:00:11  Checking assumptions in step 64..
SBY 11:11:16 [bmc_bmc] engine_0: ##   0:00:11  Checking assertions in step 64..
SBY 11:11:16 [bmc_bmc] engine_0: ##   0:00:11  Checking assumptions in step 65..
SBY 11:11:16 [bmc_bmc] engine_0: ##   0:00:12  Checking assertions in step 65..
SBY 11:11:17 [bmc_bmc] engine_0: ##   0:00:12  Checking assumptions in step 66..
SBY 11:11:17 [bmc_bmc] engine_0: ##   0:00:12  Checking assertions in step 66..
SBY 11:11:17 [bmc_bmc] engine_0: ##   0:00:12  Checking assumptions in step 67..
SBY 11:11:17 [bmc_bmc] engine_0: ##   0:00:13  Checking assertions in step 67..
SBY 11:11:18 [bmc_bmc] engine_0: ##   0:00:13  Checking assumptions in step 68..
SBY 11:11:18 [bmc_bmc] engine_0: ##   0:00:13  Checking assertions in step 68..
SBY 11:11:18 [bmc_bmc] engine_0: ##   0:00:13  Checking assumptions in step 69..
SBY 11:11:18 [bmc_bmc] engine_0: ##   0:00:14  Checking assertions in step 69..
SBY 11:11:19 [bmc_bmc] engine_0: ##   0:00:14  Checking assumptions in step 70..
SBY 11:11:19 [bmc_bmc] engine_0: ##   0:00:14  Checking assertions in step 70..
SBY 11:11:19 [bmc_bmc] engine_0: ##   0:00:14  Checking assumptions in step 71..
SBY 11:11:19 [bmc_bmc] engine_0: ##   0:00:15  Checking assertions in step 71..
SBY 11:11:20 [bmc_bmc] engine_0: ##   0:00:15  Checking assumptions in step 72..
SBY 11:11:20 [bmc_bmc] engine_0: ##   0:00:15  Checking assertions in step 72..
SBY 11:11:20 [bmc_bmc] engine_0: ##   0:00:15  Checking assumptions in step 73..
SBY 11:11:20 [bmc_bmc] engine_0: ##   0:00:16  Checking assertions in step 73..
SBY 11:11:21 [bmc_bmc] engine_0: ##   0:00:16  Checking assumptions in step 74..
SBY 11:11:21 [bmc_bmc] engine_0: ##   0:00:16  Checking assertions in step 74..
SBY 11:11:21 [bmc_bmc] engine_0: ##   0:00:16  Checking assumptions in step 75..
SBY 11:11:22 [bmc_bmc] engine_0: ##   0:00:17  Checking assertions in step 75..
SBY 11:11:22 [bmc_bmc] engine_0: ##   0:00:17  Checking assumptions in step 76..
SBY 11:11:22 [bmc_bmc] engine_0: ##   0:00:17  Checking assertions in step 76..
SBY 11:11:22 [bmc_bmc] engine_0: ##   0:00:18  Checking assumptions in step 77..
SBY 11:11:23 [bmc_bmc] engine_0: ##   0:00:18  Checking assertions in step 77..
SBY 11:11:23 [bmc_bmc] engine_0: ##   0:00:18  Checking assumptions in step 78..
SBY 11:11:24 [bmc_bmc] engine_0: ##   0:00:19  Checking assertions in step 78..
SBY 11:11:24 [bmc_bmc] engine_0: ##   0:00:19  Checking assumptions in step 79..
SBY 11:11:24 [bmc_bmc] engine_0: ##   0:00:20  Checking assertions in step 79..
SBY 11:11:24 [bmc_bmc] engine_0: ##   0:00:20  Checking assumptions in step 80..
SBY 11:11:25 [bmc_bmc] engine_0: ##   0:00:20  Checking assertions in step 80..
SBY 11:11:25 [bmc_bmc] engine_0: ##   0:00:21  Checking assumptions in step 81..
SBY 11:11:26 [bmc_bmc] engine_0: ##   0:00:21  Checking assertions in step 81..
SBY 11:11:26 [bmc_bmc] engine_0: ##   0:00:22  Checking assumptions in step 82..
SBY 11:11:27 [bmc_bmc] engine_0: ##   0:00:22  Checking assertions in step 82..
SBY 11:11:28 [bmc_bmc] engine_0: ##   0:00:23  Checking assumptions in step 83..
SBY 11:11:28 [bmc_bmc] engine_0: ##   0:00:23  Checking assertions in step 83..
SBY 11:11:28 [bmc_bmc] engine_0: ##   0:00:24  Checking assumptions in step 84..
SBY 11:11:29 [bmc_bmc] engine_0: ##   0:00:24  Checking assertions in step 84..
SBY 11:11:29 [bmc_bmc] engine_0: ##   0:00:24  Checking assumptions in step 85..
SBY 11:11:30 [bmc_bmc] engine_0: ##   0:00:25  Checking assertions in step 85..
SBY 11:11:30 [bmc_bmc] engine_0: ##   0:00:25  Checking assumptions in step 86..
SBY 11:11:30 [bmc_bmc] engine_0: ##   0:00:26  Checking assertions in step 86..
SBY 11:11:31 [bmc_bmc] engine_0: ##   0:00:26  Checking assumptions in step 87..
SBY 11:11:31 [bmc_bmc] engine_0: ##   0:00:26  Checking assertions in step 87..
SBY 11:11:31 [bmc_bmc] engine_0: ##   0:00:27  Checking assumptions in step 88..
SBY 11:11:32 [bmc_bmc] engine_0: ##   0:00:27  Checking assertions in step 88..
SBY 11:11:32 [bmc_bmc] engine_0: ##   0:00:27  Checking assumptions in step 89..
SBY 11:11:32 [bmc_bmc] engine_0: ##   0:00:28  Checking assertions in step 89..
SBY 11:11:33 [bmc_bmc] engine_0: ##   0:00:28  Checking assumptions in step 90..
SBY 11:11:33 [bmc_bmc] engine_0: ##   0:00:28  Checking assertions in step 90..
SBY 11:11:33 [bmc_bmc] engine_0: ##   0:00:29  Checking assumptions in step 91..
SBY 11:11:34 [bmc_bmc] engine_0: ##   0:00:29  Checking assertions in step 91..
SBY 11:11:34 [bmc_bmc] engine_0: ##   0:00:29  Checking assumptions in step 92..
SBY 11:11:35 [bmc_bmc] engine_0: ##   0:00:30  Checking assertions in step 92..
SBY 11:11:35 [bmc_bmc] engine_0: ##   0:00:30  Checking assumptions in step 93..
SBY 11:11:35 [bmc_bmc] engine_0: ##   0:00:31  Checking assertions in step 93..
SBY 11:11:36 [bmc_bmc] engine_0: ##   0:00:31  Checking assumptions in step 94..
SBY 11:11:36 [bmc_bmc] engine_0: ##   0:00:32  Checking assertions in step 94..
SBY 11:11:37 [bmc_bmc] engine_0: ##   0:00:32  Checking assumptions in step 95..
SBY 11:11:37 [bmc_bmc] engine_0: ##   0:00:32  Checking assertions in step 95..
SBY 11:11:37 [bmc_bmc] engine_0: ##   0:00:33  Checking assumptions in step 96..
SBY 11:11:38 [bmc_bmc] engine_0: ##   0:00:33  Checking assertions in step 96..
SBY 11:11:38 [bmc_bmc] engine_0: ##   0:00:34  Checking assumptions in step 97..
SBY 11:11:39 [bmc_bmc] engine_0: ##   0:00:34  Checking assertions in step 97..
SBY 11:11:39 [bmc_bmc] engine_0: ##   0:00:34  Checking assumptions in step 98..
SBY 11:11:40 [bmc_bmc] engine_0: ##   0:00:35  Checking assertions in step 98..
SBY 11:11:40 [bmc_bmc] engine_0: ##   0:00:35  Checking assumptions in step 99..
SBY 11:11:41 [bmc_bmc] engine_0: ##   0:00:36  Checking assertions in step 99..
SBY 11:11:41 [bmc_bmc] engine_0: ##   0:00:36  Checking assumptions in step 100..
SBY 11:11:42 [bmc_bmc] engine_0: ##   0:00:37  Checking assertions in step 100..
SBY 11:11:42 [bmc_bmc] engine_0: ##   0:00:37  Checking assumptions in step 101..
SBY 11:11:43 [bmc_bmc] engine_0: ##   0:00:38  Checking assertions in step 101..
SBY 11:11:43 [bmc_bmc] engine_0: ##   0:00:38  Checking assumptions in step 102..
SBY 11:11:44 [bmc_bmc] engine_0: ##   0:00:39  Checking assertions in step 102..
SBY 11:11:44 [bmc_bmc] engine_0: ##   0:00:39  Checking assumptions in step 103..
SBY 11:11:45 [bmc_bmc] engine_0: ##   0:00:40  Checking assertions in step 103..
SBY 11:11:43 [bmc_bmc] engine_0: ##   0:00:38  Checking assumptions in step 104..
SBY 11:11:43 [bmc_bmc] engine_0: ##   0:00:39  Checking assertions in step 104..
SBY 11:11:44 [bmc_bmc] engine_0: ##   0:00:39  Checking assumptions in step 105..
SBY 11:11:44 [bmc_bmc] engine_0: ##   0:00:40  Checking assertions in step 105..
SBY 11:11:45 [bmc_bmc] engine_0: ##   0:00:41  Checking assumptions in step 106..
SBY 11:11:46 [bmc_bmc] engine_0: ##   0:00:41  Checking assertions in step 106..
SBY 11:11:46 [bmc_bmc] engine_0: ##   0:00:42  Checking assumptions in step 107..
SBY 11:11:47 [bmc_bmc] engine_0: ##   0:00:42  Checking assertions in step 107..
SBY 11:11:48 [bmc_bmc] engine_0: ##   0:00:43  Checking assumptions in step 108..
SBY 11:11:48 [bmc_bmc] engine_0: ##   0:00:43  Checking assertions in step 108..
SBY 11:11:49 [bmc_bmc] engine_0: ##   0:00:44  Checking assumptions in step 109..
SBY 11:11:49 [bmc_bmc] engine_0: ##   0:00:45  Checking assertions in step 109..
SBY 11:11:50 [bmc_bmc] engine_0: ##   0:00:45  Checking assumptions in step 110..
SBY 11:11:50 [bmc_bmc] engine_0: ##   0:00:46  Checking assertions in step 110..
SBY 11:11:51 [bmc_bmc] engine_0: ##   0:00:46  Checking assumptions in step 111..
SBY 11:11:52 [bmc_bmc] engine_0: ##   0:00:47  Checking assertions in step 111..
SBY 11:11:52 [bmc_bmc] engine_0: ##   0:00:47  Checking assumptions in step 112..
SBY 11:11:53 [bmc_bmc] engine_0: ##   0:00:48  Checking assertions in step 112..
SBY 11:11:53 [bmc_bmc] engine_0: ##   0:00:48  Checking assumptions in step 113..
SBY 11:11:54 [bmc_bmc] engine_0: ##   0:00:49  Checking assertions in step 113..
SBY 11:11:54 [bmc_bmc] engine_0: ##   0:00:49  Checking assumptions in step 114..
SBY 11:11:55 [bmc_bmc] engine_0: ##   0:00:50  Checking assertions in step 114..
SBY 11:11:56 [bmc_bmc] engine_0: ##   0:00:51  Checking assumptions in step 115..
SBY 11:11:57 [bmc_bmc] engine_0: ##   0:00:52  Checking assertions in step 115..
SBY 11:11:57 [bmc_bmc] engine_0: ##   0:00:52  Checking assumptions in step 116..
SBY 11:11:58 [bmc_bmc] engine_0: ##   0:00:53  Checking assertions in step 116..
SBY 11:11:58 [bmc_bmc] engine_0: ##   0:00:53  Checking assumptions in step 117..
SBY 11:11:59 [bmc_bmc] engine_0: ##   0:00:54  Checking assertions in step 117..
SBY 11:11:59 [bmc_bmc] engine_0: ##   0:00:54  Checking assumptions in step 118..
SBY 11:12:00 [bmc_bmc] engine_0: ##   0:00:55  Checking assertions in step 118..
SBY 11:12:00 [bmc_bmc] engine_0: ##   0:00:55  Checking assumptions in step 119..
SBY 11:12:01 [bmc_bmc] engine_0: ##   0:00:56  Checking assertions in step 119..
SBY 11:12:01 [bmc_bmc] engine_0: ##   0:00:56  Checking assumptions in step 120..
SBY 11:12:02 [bmc_bmc] engine_0: ##   0:00:57  Checking assertions in step 120..
SBY 11:12:02 [bmc_bmc] engine_0: ##   0:00:57  Checking assumptions in step 121..
SBY 11:12:03 [bmc_bmc] engine_0: ##   0:00:58  Checking assertions in step 121..
SBY 11:12:03 [bmc_bmc] engine_0: ##   0:00:58  Checking assumptions in step 122..
SBY 11:12:04 [bmc_bmc] engine_0: ##   0:00:59  Checking assertions in step 122..
SBY 11:12:05 [bmc_bmc] engine_0: ##   0:01:00  Checking assumptions in step 123..
SBY 11:12:05 [bmc_bmc] engine_0: ##   0:01:01  Checking assertions in step 123..
SBY 11:12:06 [bmc_bmc] engine_0: ##   0:01:01  Checking assumptions in step 124..
SBY 11:12:07 [bmc_bmc] engine_0: ##   0:01:02  Checking assertions in step 124..
SBY 11:12:07 [bmc_bmc] engine_0: ##   0:01:02  Checking assumptions in step 125..
SBY 11:12:08 [bmc_bmc] engine_0: ##   0:01:03  Checking assertions in step 125..
SBY 11:12:08 [bmc_bmc] engine_0: ##   0:01:03  Checking assumptions in step 126..
SBY 11:12:09 [bmc_bmc] engine_0: ##   0:01:04  Checking assertions in step 126..
SBY 11:12:09 [bmc_bmc] engine_0: ##   0:01:05  Checking assumptions in step 127..
SBY 11:12:10 [bmc_bmc] engine_0: ##   0:01:06  Checking assertions in step 127..
SBY 11:12:11 [bmc_bmc] engine_0: ##   0:01:06  Checking assumptions in step 128..
SBY 11:12:12 [bmc_bmc] engine_0: ##   0:01:07  Checking assertions in step 128..
SBY 11:12:12 [bmc_bmc] engine_0: ##   0:01:07  Checking assumptions in step 129..
SBY 11:12:13 [bmc_bmc] engine_0: ##   0:01:08  Checking assertions in step 129..
SBY 11:12:14 [bmc_bmc] engine_0: ##   0:01:09  Checking assumptions in step 130..
SBY 11:12:15 [bmc_bmc] engine_0: ##   0:01:10  Checking assertions in step 130..
SBY 11:12:13 [bmc_bmc] engine_0: ##   0:01:08  Checking assumptions in step 131..
SBY 11:12:13 [bmc_bmc] engine_0: ##   0:01:09  Checking assertions in step 131..
SBY 11:12:14 [bmc_bmc] engine_0: ##   0:01:10  Checking assumptions in step 132..
SBY 11:12:16 [bmc_bmc] engine_0: ##   0:01:11  Checking assertions in step 132..
SBY 11:12:16 [bmc_bmc] engine_0: ##   0:01:12  Checking assumptions in step 133..
SBY 11:12:17 [bmc_bmc] engine_0: ##   0:01:12  Checking assertions in step 133..
SBY 11:12:18 [bmc_bmc] engine_0: ##   0:01:13  Checking assumptions in step 134..
SBY 11:12:18 [bmc_bmc] engine_0: ##   0:01:14  Checking assertions in step 134..
SBY 11:12:19 [bmc_bmc] engine_0: ##   0:01:14  Checking assumptions in step 135..
SBY 11:12:19 [bmc_bmc] engine_0: ##   0:01:15  Checking assertions in step 135..
SBY 11:12:20 [bmc_bmc] engine_0: ##   0:01:15  Checking assumptions in step 136..
SBY 11:12:21 [bmc_bmc] engine_0: ##   0:01:16  Checking assertions in step 136..
SBY 11:12:21 [bmc_bmc] engine_0: ##   0:01:17  Checking assumptions in step 137..
SBY 11:12:22 [bmc_bmc] engine_0: ##   0:01:17  Checking assertions in step 137..
SBY 11:12:23 [bmc_bmc] engine_0: ##   0:01:18  Checking assumptions in step 138..
SBY 11:12:23 [bmc_bmc] engine_0: ##   0:01:19  Checking assertions in step 138..
SBY 11:12:24 [bmc_bmc] engine_0: ##   0:01:20  Checking assumptions in step 139..
SBY 11:12:25 [bmc_bmc] engine_0: ##   0:01:21  Checking assertions in step 139..
SBY 11:12:26 [bmc_bmc] engine_0: ##   0:01:21  Checking assumptions in step 140..
SBY 11:12:27 [bmc_bmc] engine_0: ##   0:01:22  Checking assertions in step 140..
SBY 11:12:27 [bmc_bmc] engine_0: ##   0:01:23  Checking assumptions in step 141..
SBY 11:12:28 [bmc_bmc] engine_0: ##   0:01:24  Checking assertions in step 141..
SBY 11:12:29 [bmc_bmc] engine_0: ##   0:01:24  Checking assumptions in step 142..
SBY 11:12:30 [bmc_bmc] engine_0: ##   0:01:25  Checking assertions in step 142..
SBY 11:12:30 [bmc_bmc] engine_0: ##   0:01:26  Checking assumptions in step 143..
SBY 11:12:31 [bmc_bmc] engine_0: ##   0:01:27  Checking assertions in step 143..
SBY 11:12:32 [bmc_bmc] engine_0: ##   0:01:27  Checking assumptions in step 144..
SBY 11:12:33 [bmc_bmc] engine_0: ##   0:01:29  Checking assertions in step 144..
SBY 11:12:34 [bmc_bmc] engine_0: ##   0:01:29  Checking assumptions in step 145..
SBY 11:12:35 [bmc_bmc] engine_0: ##   0:01:30  Checking assertions in step 145..
SBY 11:12:36 [bmc_bmc] engine_0: ##   0:01:31  Checking assumptions in step 146..
SBY 11:12:37 [bmc_bmc] engine_0: ##   0:01:32  Checking assertions in step 146..
SBY 11:12:37 [bmc_bmc] engine_0: ##   0:01:33  Checking assumptions in step 147..
SBY 11:12:38 [bmc_bmc] engine_0: ##   0:01:34  Checking assertions in step 147..
SBY 11:12:39 [bmc_bmc] engine_0: ##   0:01:34  Checking assumptions in step 148..
SBY 11:12:40 [bmc_bmc] engine_0: ##   0:01:36  Checking assertions in step 148..
SBY 11:12:41 [bmc_bmc] engine_0: ##   0:01:37  Checking assumptions in step 149..
SBY 11:12:43 [bmc_bmc] engine_0: ##   0:01:38  Checking assertions in step 149..
SBY 11:12:44 [bmc_bmc] engine_0: ##   0:01:39  Checking assumptions in step 150..
SBY 11:12:43 [bmc_bmc] engine_0: ##   0:01:38  Checking assertions in step 150..
SBY 11:12:43 [bmc_bmc] engine_0: ##   0:01:39  Checking assumptions in step 151..
SBY 11:12:45 [bmc_bmc] engine_0: ##   0:01:41  Checking assertions in step 151..
SBY 11:12:46 [bmc_bmc] engine_0: ##   0:01:41  Checking assumptions in step 152..
SBY 11:12:47 [bmc_bmc] engine_0: ##   0:01:42  Checking assertions in step 152..
SBY 11:12:47 [bmc_bmc] engine_0: ##   0:01:43  Checking assumptions in step 153..
SBY 11:12:48 [bmc_bmc] engine_0: ##   0:01:44  Checking assertions in step 153..
SBY 11:12:49 [bmc_bmc] engine_0: ##   0:01:44  Checking assumptions in step 154..
SBY 11:12:50 [bmc_bmc] engine_0: ##   0:01:45  Checking assertions in step 154..
SBY 11:12:50 [bmc_bmc] engine_0: ##   0:01:46  Checking assumptions in step 155..
SBY 11:12:52 [bmc_bmc] engine_0: ##   0:01:47  Checking assertions in step 155..
SBY 11:12:52 [bmc_bmc] engine_0: ##   0:01:48  Checking assumptions in step 156..
SBY 11:12:53 [bmc_bmc] engine_0: ##   0:01:48  Checking assertions in step 156..
SBY 11:12:54 [bmc_bmc] engine_0: ##   0:01:49  Checking assumptions in step 157..
SBY 11:12:55 [bmc_bmc] engine_0: ##   0:01:50  Checking assertions in step 157..
SBY 11:12:55 [bmc_bmc] engine_0: ##   0:01:50  Checking assumptions in step 158..
SBY 11:12:56 [bmc_bmc] engine_0: ##   0:01:52  Checking assertions in step 158..
SBY 11:12:57 [bmc_bmc] engine_0: ##   0:01:52  Checking assumptions in step 159..
SBY 11:12:58 [bmc_bmc] engine_0: ##   0:01:53  Checking assertions in step 159..
SBY 11:12:58 [bmc_bmc] engine_0: ##   0:01:53  Checking assumptions in step 160..
SBY 11:12:59 [bmc_bmc] engine_0: ##   0:01:54  Checking assertions in step 160..
SBY 11:13:00 [bmc_bmc] engine_0: ##   0:01:55  Checking assumptions in step 161..
SBY 11:13:01 [bmc_bmc] engine_0: ##   0:01:56  Checking assertions in step 161..
SBY 11:13:01 [bmc_bmc] engine_0: ##   0:01:57  Checking assumptions in step 162..
SBY 11:13:03 [bmc_bmc] engine_0: ##   0:01:58  Checking assertions in step 162..
SBY 11:13:03 [bmc_bmc] engine_0: ##   0:01:58  Checking assumptions in step 163..
SBY 11:13:04 [bmc_bmc] engine_0: ##   0:01:59  Checking assertions in step 163..
SBY 11:13:05 [bmc_bmc] engine_0: ##   0:02:00  Checking assumptions in step 164..
SBY 11:13:06 [bmc_bmc] engine_0: ##   0:02:01  Checking assertions in step 164..
SBY 11:13:07 [bmc_bmc] engine_0: ##   0:02:02  Checking assumptions in step 165..
SBY 11:13:09 [bmc_bmc] engine_0: ##   0:02:04  Checking assertions in step 165..
SBY 11:13:10 [bmc_bmc] engine_0: ##   0:02:05  Checking assumptions in step 166..
SBY 11:13:11 [bmc_bmc] engine_0: ##   0:02:07  Checking assertions in step 166..
SBY 11:13:12 [bmc_bmc] engine_0: ##   0:02:07  Checking assumptions in step 167..
SBY 11:13:14 [bmc_bmc] engine_0: ##   0:02:09  Checking assertions in step 167..
SBY 11:13:13 [bmc_bmc] engine_0: ##   0:02:08  Checking assumptions in step 168..
SBY 11:13:15 [bmc_bmc] engine_0: ##   0:02:10  Checking assertions in step 168..
SBY 11:13:15 [bmc_bmc] engine_0: ##   0:02:11  Checking assumptions in step 169..
SBY 11:13:18 [bmc_bmc] engine_0: ##   0:02:13  Checking assertions in step 169..
SBY 11:13:18 [bmc_bmc] engine_0: ##   0:02:13  Checking assumptions in step 170..
SBY 11:13:19 [bmc_bmc] engine_0: ##   0:02:15  Checking assertions in step 170..
SBY 11:13:20 [bmc_bmc] engine_0: ##   0:02:15  Checking assumptions in step 171..
SBY 11:13:21 [bmc_bmc] engine_0: ##   0:02:16  Checking assertions in step 171..
SBY 11:13:22 [bmc_bmc] engine_0: ##   0:02:17  Checking assumptions in step 172..
SBY 11:13:23 [bmc_bmc] engine_0: ##   0:02:18  Checking assertions in step 172..
SBY 11:13:24 [bmc_bmc] engine_0: ##   0:02:19  Checking assumptions in step 173..
SBY 11:13:25 [bmc_bmc] engine_0: ##   0:02:20  Checking assertions in step 173..
SBY 11:13:25 [bmc_bmc] engine_0: ##   0:02:21  Checking assumptions in step 174..
SBY 11:13:27 [bmc_bmc] engine_0: ##   0:02:22  Checking assertions in step 174..
SBY 11:13:27 [bmc_bmc] engine_0: ##   0:02:22  Checking assumptions in step 175..
SBY 11:13:28 [bmc_bmc] engine_0: ##   0:02:24  Checking assertions in step 175..
SBY 11:13:29 [bmc_bmc] engine_0: ##   0:02:24  Checking assumptions in step 176..
SBY 11:13:30 [bmc_bmc] engine_0: ##   0:02:25  Checking assertions in step 176..
SBY 11:13:31 [bmc_bmc] engine_0: ##   0:02:27  Checking assumptions in step 177..
SBY 11:13:33 [bmc_bmc] engine_0: ##   0:02:29  Checking assertions in step 177..
SBY 11:13:34 [bmc_bmc] engine_0: ##   0:02:29  Checking assumptions in step 178..
SBY 11:13:36 [bmc_bmc] engine_0: ##   0:02:31  Checking assertions in step 178..
SBY 11:13:36 [bmc_bmc] engine_0: ##   0:02:32  Checking assumptions in step 179..
SBY 11:13:38 [bmc_bmc] engine_0: ##   0:02:33  Checking assertions in step 179..
SBY 11:13:39 [bmc_bmc] engine_0: ##   0:02:34  Checking assumptions in step 180..
SBY 11:13:40 [bmc_bmc] engine_0: ##   0:02:36  Checking assertions in step 180..
SBY 11:13:41 [bmc_bmc] engine_0: ##   0:02:36  Checking assumptions in step 181..
SBY 11:13:42 [bmc_bmc] engine_0: ##   0:02:38  Checking assertions in step 181..
SBY 11:13:43 [bmc_bmc] engine_0: ##   0:02:38  Checking assumptions in step 182..
SBY 11:13:42 [bmc_bmc] engine_0: ##   0:02:37  Checking assertions in step 182..
SBY 11:13:42 [bmc_bmc] engine_0: ##   0:02:38  Checking assumptions in step 183..
SBY 11:13:44 [bmc_bmc] engine_0: ##   0:02:39  Checking assertions in step 183..
SBY 11:13:44 [bmc_bmc] engine_0: ##   0:02:39  Checking assumptions in step 184..
SBY 11:13:46 [bmc_bmc] engine_0: ##   0:02:41  Checking assertions in step 184..
SBY 11:13:46 [bmc_bmc] engine_0: ##   0:02:42  Checking assumptions in step 185..
SBY 11:13:48 [bmc_bmc] engine_0: ##   0:02:43  Checking assertions in step 185..
SBY 11:13:48 [bmc_bmc] engine_0: ##   0:02:44  Checking assumptions in step 186..
SBY 11:13:50 [bmc_bmc] engine_0: ##   0:02:45  Checking assertions in step 186..
SBY 11:13:51 [bmc_bmc] engine_0: ##   0:02:46  Checking assumptions in step 187..
SBY 11:13:52 [bmc_bmc] engine_0: ##   0:02:47  Checking assertions in step 187..
SBY 11:13:53 [bmc_bmc] engine_0: ##   0:02:48  Checking assumptions in step 188..
SBY 11:13:55 [bmc_bmc] engine_0: ##   0:02:50  Checking assertions in step 188..
SBY 11:13:55 [bmc_bmc] engine_0: ##   0:02:50  Checking assumptions in step 189..
SBY 11:13:57 [bmc_bmc] engine_0: ##   0:02:52  Checking assertions in step 189..
SBY 11:13:58 [bmc_bmc] engine_0: ##   0:02:53  Checking assumptions in step 190..
SBY 11:13:59 [bmc_bmc] engine_0: ##   0:02:55  Checking assertions in step 190..
SBY 11:14:01 [bmc_bmc] engine_0: ##   0:02:56  Checking assumptions in step 191..
SBY 11:14:03 [bmc_bmc] engine_0: ##   0:02:58  Checking assertions in step 191..
SBY 11:14:04 [bmc_bmc] engine_0: ##   0:02:59  Checking assumptions in step 192..
SBY 11:14:06 [bmc_bmc] engine_0: ##   0:03:01  Checking assertions in step 192..
SBY 11:14:07 [bmc_bmc] engine_0: ##   0:03:02  Checking assumptions in step 193..
SBY 11:14:09 [bmc_bmc] engine_0: ##   0:03:04  Checking assertions in step 193..
SBY 11:14:15 [bmc_bmc] engine_0: ##   0:03:10  Checking assumptions in step 194..
SBY 11:14:17 [bmc_bmc] engine_0: ##   0:03:12  Checking assertions in step 194..
SBY 11:14:18 [bmc_bmc] engine_0: ##   0:03:13  Checking assumptions in step 195..
SBY 11:14:21 [bmc_bmc] engine_0: ##   0:03:16  Checking assertions in step 195..
SBY 11:14:21 [bmc_bmc] engine_0: ##   0:03:17  Checking assumptions in step 196..
SBY 11:14:24 [bmc_bmc] engine_0: ##   0:03:19  Checking assertions in step 196..
SBY 11:14:25 [bmc_bmc] engine_0: ##   0:03:20  Checking assumptions in step 197..
SBY 11:14:29 [bmc_bmc] engine_0: ##   0:03:24  Checking assertions in step 197..
SBY 11:14:29 [bmc_bmc] engine_0: ##   0:03:25  Checking assumptions in step 198..
SBY 11:14:32 [bmc_bmc] engine_0: ##   0:03:27  Checking assertions in step 198..
SBY 11:14:33 [bmc_bmc] engine_0: ##   0:03:28  Checking assumptions in step 199..
SBY 11:14:34 [bmc_bmc] engine_0: ##   0:03:30  Checking assertions in step 199..
SBY 11:14:35 [bmc_bmc] engine_0: ##   0:03:30  Checking assumptions in step 200..
SBY 11:14:37 [bmc_bmc] engine_0: ##   0:03:32  Checking assertions in step 200..
SBY 11:14:37 [bmc_bmc] engine_0: ##   0:03:33  Checking assumptions in step 201..
SBY 11:14:39 [bmc_bmc] engine_0: ##   0:03:34  Checking assertions in step 201..
SBY 11:14:40 [bmc_bmc] engine_0: ##   0:03:35  Checking assumptions in step 202..
SBY 11:14:41 [bmc_bmc] engine_0: ##   0:03:36  Checking assertions in step 202..
SBY 11:14:42 [bmc_bmc] engine_0: ##   0:03:37  Checking assumptions in step 203..
SBY 11:14:42 [bmc_bmc] engine_0: ##   0:03:38  Checking assertions in step 203..
SBY 11:14:43 [bmc_bmc] engine_0: ##   0:03:38  Checking assumptions in step 204..
SBY 11:14:46 [bmc_bmc] engine_0: ##   0:03:41  Checking assertions in step 204..
SBY 11:14:46 [bmc_bmc] engine_0: ##   0:03:42  Checking assumptions in step 205..
SBY 11:14:49 [bmc_bmc] engine_0: ##   0:03:45  Checking assertions in step 205..
SBY 11:14:50 [bmc_bmc] engine_0: ##   0:03:45  Checking assumptions in step 206..
SBY 11:14:53 [bmc_bmc] engine_0: ##   0:03:49  Checking assertions in step 206..
SBY 11:14:55 [bmc_bmc] engine_0: ##   0:03:50  Checking assumptions in step 207..
SBY 11:14:58 [bmc_bmc] engine_0: ##   0:03:53  Checking assertions in step 207..
SBY 11:14:58 [bmc_bmc] engine_0: ##   0:03:54  Checking assumptions in step 208..
SBY 11:15:01 [bmc_bmc] engine_0: ##   0:03:57  Checking assertions in step 208..
SBY 11:15:02 [bmc_bmc] engine_0: ##   0:03:57  Checking assumptions in step 209..
SBY 11:15:05 [bmc_bmc] engine_0: ##   0:04:00  Checking assertions in step 209..
SBY 11:15:06 [bmc_bmc] engine_0: ##   0:04:01  Checking assumptions in step 210..
SBY 11:15:09 [bmc_bmc] engine_0: ##   0:04:04  Checking assertions in step 210..
SBY 11:15:09 [bmc_bmc] engine_0: ##   0:04:05  Checking assumptions in step 211..
SBY 11:15:12 [bmc_bmc] engine_0: ##   0:04:07  Checking assertions in step 211..
SBY 11:15:13 [bmc_bmc] engine_0: ##   0:04:09  Checking assumptions in step 212..
SBY 11:15:17 [bmc_bmc] engine_0: ##   0:04:13  Checking assertions in step 212..
SBY 11:15:18 [bmc_bmc] engine_0: ##   0:04:13  Checking assumptions in step 213..
SBY 11:15:22 [bmc_bmc] engine_0: ##   0:04:17  Checking assertions in step 213..
SBY 11:15:23 [bmc_bmc] engine_0: ##   0:04:18  Checking assumptions in step 214..
SBY 11:15:25 [bmc_bmc] engine_0: ##   0:04:21  Checking assertions in step 214..
SBY 11:15:26 [bmc_bmc] engine_0: ##   0:04:22  Checking assumptions in step 215..
SBY 11:15:29 [bmc_bmc] engine_0: ##   0:04:25  Checking assertions in step 215..
SBY 11:15:30 [bmc_bmc] engine_0: ##   0:04:26  Checking assumptions in step 216..
SBY 11:15:33 [bmc_bmc] engine_0: ##   0:04:28  Checking assertions in step 216..
SBY 11:15:35 [bmc_bmc] engine_0: ##   0:04:30  Checking assumptions in step 217..
SBY 11:15:38 [bmc_bmc] engine_0: ##   0:04:33  Checking assertions in step 217..
SBY 11:15:40 [bmc_bmc] engine_0: ##   0:04:35  Checking assumptions in step 218..
SBY 11:15:42 [bmc_bmc] engine_0: ##   0:04:38  Checking assertions in step 218..
SBY 11:15:41 [bmc_bmc] engine_0: ##   0:04:36  Checking assumptions in step 219..
SBY 11:15:45 [bmc_bmc] engine_0: ##   0:04:40  Checking assertions in step 219..
SBY 11:15:46 [bmc_bmc] engine_0: ##   0:04:41  Status: passed
SBY 11:15:46 [bmc_bmc] engine_0: finished (returncode=0)
SBY 11:15:46 [bmc_bmc] engine_0: Status returned by engine: pass
SBY 11:15:46 [bmc_bmc] summary: Elapsed clock time [H:MM:SS (secs)]: 0:05:07 (307)
SBY 11:15:46 [bmc_bmc] summary: Elapsed process time [H:MM:SS (secs)]: 0:04:47 (287)
SBY 11:15:46 [bmc_bmc] summary: engine_0 (smtbmc boolector) returned pass
SBY 11:15:46 [bmc_bmc] summary: engine_0 did not produce any traces
SBY 11:15:46 [bmc_bmc] DONE (PASS, rc=0)
----- attention_unit rc=0
===== FORMAL mamba2_unit
SBY 11:15:46 [bmc_bmc] Removing directory '/home/jese/tinyllm/src/mamba2_unit/formal/bmc_bmc'.
SBY 11:15:46 [bmc_bmc] Copy '/home/jese/tinyllm/src/mamba2_unit/formal/../../../systemverilog_fp_unit/rtl/fp_pkg.sv' to '/home/jese/tinyllm/src/mamba2_unit/formal/bmc_bmc/src/fp_pkg.sv'.
SBY 11:15:46 [bmc_bmc] Copy '/home/jese/tinyllm/src/mamba2_unit/formal/fp_unit_stub.sv' to '/home/jese/tinyllm/src/mamba2_unit/formal/bmc_bmc/src/fp_unit_stub.sv'.
SBY 11:15:46 [bmc_bmc] Copy '/home/jese/tinyllm/src/mamba2_unit/formal/fp_exp_seq_stub.sv' to '/home/jese/tinyllm/src/mamba2_unit/formal/bmc_bmc/src/fp_exp_seq_stub.sv'.
SBY 11:15:46 [bmc_bmc] Copy '/home/jese/tinyllm/src/mamba2_unit/formal/matrix_unit_stub.sv' to '/home/jese/tinyllm/src/mamba2_unit/formal/bmc_bmc/src/matrix_unit_stub.sv'.
SBY 11:15:46 [bmc_bmc] Copy '/home/jese/tinyllm/src/mamba2_unit/formal/conv1d_unit_stub.sv' to '/home/jese/tinyllm/src/mamba2_unit/formal/bmc_bmc/src/conv1d_unit_stub.sv'.
SBY 11:15:46 [bmc_bmc] Copy '/home/jese/tinyllm/src/mamba2_unit/formal/ssm_unit_stub.sv' to '/home/jese/tinyllm/src/mamba2_unit/formal/bmc_bmc/src/ssm_unit_stub.sv'.
SBY 11:15:46 [bmc_bmc] Copy '/home/jese/tinyllm/src/mamba2_unit/formal/silu_seq_stub.sv' to '/home/jese/tinyllm/src/mamba2_unit/formal/bmc_bmc/src/silu_seq_stub.sv'.
SBY 11:15:46 [bmc_bmc] Copy '/home/jese/tinyllm/src/mamba2_unit/formal/../../../systemverilog_fp_unit/rtl/fp32_to_bf16_round.sv' to '/home/jese/tinyllm/src/mamba2_unit/formal/bmc_bmc/src/fp32_to_bf16_round.sv'.
SBY 11:15:46 [bmc_bmc] Copy '/home/jese/tinyllm/src/mamba2_unit/formal/../mamba2_unit.sv' to '/home/jese/tinyllm/src/mamba2_unit/formal/bmc_bmc/src/mamba2_unit.sv'.
SBY 11:15:46 [bmc_bmc] Copy '/home/jese/tinyllm/src/mamba2_unit/formal/mamba2_props.sv' to '/home/jese/tinyllm/src/mamba2_unit/formal/bmc_bmc/src/mamba2_props.sv'.
SBY 11:15:46 [bmc_bmc] engine_0: smtbmc boolector
SBY 11:15:46 [bmc_bmc] base: starting process "cd bmc_bmc/src; yosys -ql ../model/design.log ../model/design.ys"
SBY 11:15:46 [bmc_bmc] base: Warning: Resizing cell port $paramod$d8503fddbfd9a52b0941f6fbd9de5e676d6cd63d\mamba2_unit.u_outproj.load_in_idx from 3 bits to 2 bits.
SBY 11:15:46 [bmc_bmc] base: Warning: Resizing cell port $paramod$d8503fddbfd9a52b0941f6fbd9de5e676d6cd63d\mamba2_unit.u_outproj.load_out_idx from 4 bits to 3 bits.
SBY 11:15:46 [bmc_bmc] base: finished (returncode=0)
SBY 11:15:46 [bmc_bmc] prep: starting process "cd bmc_bmc/model; yosys -ql design_prep.log design_prep.ys"
SBY 11:15:46 [bmc_bmc] prep: finished (returncode=0)
SBY 11:15:46 [bmc_bmc] smt2: starting process "cd bmc_bmc/model; yosys -ql design_smt2.log design_smt2.ys"
SBY 11:15:47 [bmc_bmc] smt2: finished (returncode=0)
SBY 11:15:47 [bmc_bmc] engine_0: starting process "cd bmc_bmc; yosys-smtbmc -s boolector --presat --unroll --noprogress -t 260  --append 0 --dump-vcd engine_0/trace.vcd --dump-yw engine_0/trace.yw --dump-vlogtb engine_0/trace_tb.v --dump-smtc engine_0/trace.smtc model/design_smt2.smt2"
SBY 11:15:47 [bmc_bmc] engine_0: ##   0:00:00  Solver: boolector
SBY 11:15:47 [bmc_bmc] engine_0: ##   0:00:00  Checking assumptions in step 0..
SBY 11:15:47 [bmc_bmc] engine_0: ##   0:00:00  Checking assertions in step 0..
SBY 11:15:47 [bmc_bmc] engine_0: ##   0:00:00  Checking assumptions in step 1..
SBY 11:15:47 [bmc_bmc] engine_0: ##   0:00:00  Checking assertions in step 1..
SBY 11:15:47 [bmc_bmc] engine_0: ##   0:00:00  Checking assumptions in step 2..
SBY 11:15:47 [bmc_bmc] engine_0: ##   0:00:00  Checking assertions in step 2..
SBY 11:15:47 [bmc_bmc] engine_0: ##   0:00:00  Checking assumptions in step 3..
SBY 11:15:47 [bmc_bmc] engine_0: ##   0:00:00  Checking assertions in step 3..
SBY 11:15:47 [bmc_bmc] engine_0: ##   0:00:00  Checking assumptions in step 4..
SBY 11:15:47 [bmc_bmc] engine_0: ##   0:00:00  Checking assertions in step 4..
SBY 11:15:47 [bmc_bmc] engine_0: ##   0:00:00  Checking assumptions in step 5..
SBY 11:15:47 [bmc_bmc] engine_0: ##   0:00:00  Checking assertions in step 5..
SBY 11:15:47 [bmc_bmc] engine_0: ##   0:00:00  Checking assumptions in step 6..
SBY 11:15:47 [bmc_bmc] engine_0: ##   0:00:00  Checking assertions in step 6..
SBY 11:15:47 [bmc_bmc] engine_0: ##   0:00:00  Checking assumptions in step 7..
SBY 11:15:47 [bmc_bmc] engine_0: ##   0:00:00  Checking assertions in step 7..
SBY 11:15:47 [bmc_bmc] engine_0: ##   0:00:00  Checking assumptions in step 8..
SBY 11:15:47 [bmc_bmc] engine_0: ##   0:00:00  Checking assertions in step 8..
SBY 11:15:47 [bmc_bmc] engine_0: ##   0:00:00  Checking assumptions in step 9..
SBY 11:15:47 [bmc_bmc] engine_0: ##   0:00:00  Checking assertions in step 9..
SBY 11:15:47 [bmc_bmc] engine_0: ##   0:00:00  Checking assumptions in step 10..
SBY 11:15:47 [bmc_bmc] engine_0: ##   0:00:00  Checking assertions in step 10..
SBY 11:15:47 [bmc_bmc] engine_0: ##   0:00:00  Checking assumptions in step 11..
SBY 11:15:47 [bmc_bmc] engine_0: ##   0:00:00  Checking assertions in step 11..
SBY 11:15:47 [bmc_bmc] engine_0: ##   0:00:00  Checking assumptions in step 12..
SBY 11:15:47 [bmc_bmc] engine_0: ##   0:00:00  Checking assertions in step 12..
SBY 11:15:47 [bmc_bmc] engine_0: ##   0:00:00  Checking assumptions in step 13..
SBY 11:15:47 [bmc_bmc] engine_0: ##   0:00:00  Checking assertions in step 13..
SBY 11:15:47 [bmc_bmc] engine_0: ##   0:00:00  Checking assumptions in step 14..
SBY 11:15:47 [bmc_bmc] engine_0: ##   0:00:00  Checking assertions in step 14..
SBY 11:15:48 [bmc_bmc] engine_0: ##   0:00:00  Checking assumptions in step 15..
SBY 11:15:48 [bmc_bmc] engine_0: ##   0:00:00  Checking assertions in step 15..
SBY 11:15:48 [bmc_bmc] engine_0: ##   0:00:01  Checking assumptions in step 16..
SBY 11:15:48 [bmc_bmc] engine_0: ##   0:00:01  Checking assertions in step 16..
SBY 11:15:48 [bmc_bmc] engine_0: ##   0:00:01  Checking assumptions in step 17..
SBY 11:15:48 [bmc_bmc] engine_0: ##   0:00:01  Checking assertions in step 17..
SBY 11:15:48 [bmc_bmc] engine_0: ##   0:00:01  Checking assumptions in step 18..
SBY 11:15:48 [bmc_bmc] engine_0: ##   0:00:01  Checking assertions in step 18..
SBY 11:15:48 [bmc_bmc] engine_0: ##   0:00:01  Checking assumptions in step 19..
SBY 11:15:48 [bmc_bmc] engine_0: ##   0:00:01  Checking assertions in step 19..
SBY 11:15:48 [bmc_bmc] engine_0: ##   0:00:01  Checking assumptions in step 20..
SBY 11:15:48 [bmc_bmc] engine_0: ##   0:00:01  Checking assertions in step 20..
SBY 11:15:48 [bmc_bmc] engine_0: ##   0:00:01  Checking assumptions in step 21..
SBY 11:15:48 [bmc_bmc] engine_0: ##   0:00:01  Checking assertions in step 21..
SBY 11:15:48 [bmc_bmc] engine_0: ##   0:00:01  Checking assumptions in step 22..
SBY 11:15:48 [bmc_bmc] engine_0: ##   0:00:01  Checking assertions in step 22..
SBY 11:15:48 [bmc_bmc] engine_0: ##   0:00:01  Checking assumptions in step 23..
SBY 11:15:48 [bmc_bmc] engine_0: ##   0:00:01  Checking assertions in step 23..
SBY 11:15:48 [bmc_bmc] engine_0: ##   0:00:01  Checking assumptions in step 24..
SBY 11:15:48 [bmc_bmc] engine_0: ##   0:00:01  Checking assertions in step 24..
SBY 11:15:48 [bmc_bmc] engine_0: ##   0:00:01  Checking assumptions in step 25..
SBY 11:15:48 [bmc_bmc] engine_0: ##   0:00:01  Checking assertions in step 25..
SBY 11:15:48 [bmc_bmc] engine_0: ##   0:00:01  Checking assumptions in step 26..
SBY 11:15:48 [bmc_bmc] engine_0: ##   0:00:01  Checking assertions in step 26..
SBY 11:15:49 [bmc_bmc] engine_0: ##   0:00:01  Checking assumptions in step 27..
SBY 11:15:49 [bmc_bmc] engine_0: ##   0:00:01  Checking assertions in step 27..
SBY 11:15:49 [bmc_bmc] engine_0: ##   0:00:02  Checking assumptions in step 28..
SBY 11:15:49 [bmc_bmc] engine_0: ##   0:00:02  Checking assertions in step 28..
SBY 11:15:49 [bmc_bmc] engine_0: ##   0:00:02  Checking assumptions in step 29..
SBY 11:15:49 [bmc_bmc] engine_0: ##   0:00:02  Checking assertions in step 29..
SBY 11:15:49 [bmc_bmc] engine_0: ##   0:00:02  Checking assumptions in step 30..
SBY 11:15:49 [bmc_bmc] engine_0: ##   0:00:02  Checking assertions in step 30..
SBY 11:15:49 [bmc_bmc] engine_0: ##   0:00:02  Checking assumptions in step 31..
SBY 11:15:49 [bmc_bmc] engine_0: ##   0:00:02  Checking assertions in step 31..
SBY 11:15:49 [bmc_bmc] engine_0: ##   0:00:02  Checking assumptions in step 32..
SBY 11:15:49 [bmc_bmc] engine_0: ##   0:00:02  Checking assertions in step 32..
SBY 11:15:49 [bmc_bmc] engine_0: ##   0:00:02  Checking assumptions in step 33..
SBY 11:15:49 [bmc_bmc] engine_0: ##   0:00:02  Checking assertions in step 33..
SBY 11:15:49 [bmc_bmc] engine_0: ##   0:00:02  Checking assumptions in step 34..
SBY 11:15:49 [bmc_bmc] engine_0: ##   0:00:02  Checking assertions in step 34..
SBY 11:15:49 [bmc_bmc] engine_0: ##   0:00:02  Checking assumptions in step 35..
SBY 11:15:50 [bmc_bmc] engine_0: ##   0:00:02  Checking assertions in step 35..
SBY 11:15:50 [bmc_bmc] engine_0: ##   0:00:03  Checking assumptions in step 36..
SBY 11:15:50 [bmc_bmc] engine_0: ##   0:00:03  Checking assertions in step 36..
SBY 11:15:50 [bmc_bmc] engine_0: ##   0:00:03  Checking assumptions in step 37..
SBY 11:15:50 [bmc_bmc] engine_0: ##   0:00:03  Checking assertions in step 37..
SBY 11:15:50 [bmc_bmc] engine_0: ##   0:00:03  Checking assumptions in step 38..
SBY 11:15:50 [bmc_bmc] engine_0: ##   0:00:03  Checking assertions in step 38..
SBY 11:15:50 [bmc_bmc] engine_0: ##   0:00:03  Checking assumptions in step 39..
SBY 11:15:51 [bmc_bmc] engine_0: ##   0:00:03  Checking assertions in step 39..
SBY 11:15:51 [bmc_bmc] engine_0: ##   0:00:04  Checking assumptions in step 40..
SBY 11:15:51 [bmc_bmc] engine_0: ##   0:00:04  Checking assertions in step 40..
SBY 11:15:51 [bmc_bmc] engine_0: ##   0:00:04  Checking assumptions in step 41..
SBY 11:15:51 [bmc_bmc] engine_0: ##   0:00:04  Checking assertions in step 41..
SBY 11:15:51 [bmc_bmc] engine_0: ##   0:00:04  Checking assumptions in step 42..
SBY 11:15:51 [bmc_bmc] engine_0: ##   0:00:04  Checking assertions in step 42..
SBY 11:15:51 [bmc_bmc] engine_0: ##   0:00:04  Checking assumptions in step 43..
SBY 11:15:51 [bmc_bmc] engine_0: ##   0:00:04  Checking assertions in step 43..
SBY 11:15:51 [bmc_bmc] engine_0: ##   0:00:04  Checking assumptions in step 44..
SBY 11:15:52 [bmc_bmc] engine_0: ##   0:00:04  Checking assertions in step 44..
SBY 11:15:52 [bmc_bmc] engine_0: ##   0:00:05  Checking assumptions in step 45..
SBY 11:15:52 [bmc_bmc] engine_0: ##   0:00:05  Checking assertions in step 45..
SBY 11:15:52 [bmc_bmc] engine_0: ##   0:00:05  Checking assumptions in step 46..
SBY 11:15:52 [bmc_bmc] engine_0: ##   0:00:05  Checking assertions in step 46..
SBY 11:15:52 [bmc_bmc] engine_0: ##   0:00:05  Checking assumptions in step 47..
SBY 11:15:52 [bmc_bmc] engine_0: ##   0:00:05  Checking assertions in step 47..
SBY 11:15:52 [bmc_bmc] engine_0: ##   0:00:05  Checking assumptions in step 48..
SBY 11:15:53 [bmc_bmc] engine_0: ##   0:00:05  Checking assertions in step 48..
SBY 11:15:53 [bmc_bmc] engine_0: ##   0:00:06  Checking assumptions in step 49..
SBY 11:15:53 [bmc_bmc] engine_0: ##   0:00:06  Checking assertions in step 49..
SBY 11:15:53 [bmc_bmc] engine_0: ##   0:00:06  Checking assumptions in step 50..
SBY 11:15:53 [bmc_bmc] engine_0: ##   0:00:06  Checking assertions in step 50..
SBY 11:15:53 [bmc_bmc] engine_0: ##   0:00:06  Checking assumptions in step 51..
SBY 11:15:53 [bmc_bmc] engine_0: ##   0:00:06  Checking assertions in step 51..
SBY 11:15:53 [bmc_bmc] engine_0: ##   0:00:06  Checking assumptions in step 52..
SBY 11:15:54 [bmc_bmc] engine_0: ##   0:00:06  Checking assertions in step 52..
SBY 11:15:54 [bmc_bmc] engine_0: ##   0:00:07  Checking assumptions in step 53..
SBY 11:15:54 [bmc_bmc] engine_0: ##   0:00:07  Checking assertions in step 53..
SBY 11:15:54 [bmc_bmc] engine_0: ##   0:00:07  Checking assumptions in step 54..
SBY 11:15:54 [bmc_bmc] engine_0: ##   0:00:07  Checking assertions in step 54..
SBY 11:15:54 [bmc_bmc] engine_0: ##   0:00:07  Checking assumptions in step 55..
SBY 11:15:54 [bmc_bmc] engine_0: ##   0:00:07  Checking assertions in step 55..
SBY 11:15:55 [bmc_bmc] engine_0: ##   0:00:07  Checking assumptions in step 56..
SBY 11:15:55 [bmc_bmc] engine_0: ##   0:00:08  Checking assertions in step 56..
SBY 11:15:55 [bmc_bmc] engine_0: ##   0:00:08  Checking assumptions in step 57..
SBY 11:15:55 [bmc_bmc] engine_0: ##   0:00:08  Checking assertions in step 57..
SBY 11:15:55 [bmc_bmc] engine_0: ##   0:00:08  Checking assumptions in step 58..
SBY 11:15:55 [bmc_bmc] engine_0: ##   0:00:08  Checking assertions in step 58..
SBY 11:15:56 [bmc_bmc] engine_0: ##   0:00:08  Checking assumptions in step 59..
SBY 11:15:56 [bmc_bmc] engine_0: ##   0:00:09  Checking assertions in step 59..
SBY 11:15:56 [bmc_bmc] engine_0: ##   0:00:09  Checking assumptions in step 60..
SBY 11:15:56 [bmc_bmc] engine_0: ##   0:00:09  Checking assertions in step 60..
SBY 11:15:57 [bmc_bmc] engine_0: ##   0:00:10  Checking assumptions in step 61..
SBY 11:15:57 [bmc_bmc] engine_0: ##   0:00:10  Checking assertions in step 61..
SBY 11:15:58 [bmc_bmc] engine_0: ##   0:00:10  Checking assumptions in step 62..
SBY 11:15:58 [bmc_bmc] engine_0: ##   0:00:11  Checking assertions in step 62..
SBY 11:15:58 [bmc_bmc] engine_0: ##   0:00:11  Checking assumptions in step 63..
SBY 11:15:58 [bmc_bmc] engine_0: ##   0:00:11  Checking assertions in step 63..
SBY 11:15:58 [bmc_bmc] engine_0: ##   0:00:11  Checking assumptions in step 64..
SBY 11:15:59 [bmc_bmc] engine_0: ##   0:00:11  Checking assertions in step 64..
SBY 11:15:59 [bmc_bmc] engine_0: ##   0:00:12  Checking assumptions in step 65..
SBY 11:15:59 [bmc_bmc] engine_0: ##   0:00:12  Checking assertions in step 65..
SBY 11:15:59 [bmc_bmc] engine_0: ##   0:00:12  Checking assumptions in step 66..
SBY 11:15:59 [bmc_bmc] engine_0: ##   0:00:12  Checking assertions in step 66..
SBY 11:15:59 [bmc_bmc] engine_0: ##   0:00:12  Checking assumptions in step 67..
SBY 11:16:00 [bmc_bmc] engine_0: ##   0:00:12  Checking assertions in step 67..
SBY 11:16:00 [bmc_bmc] engine_0: ##   0:00:13  Checking assumptions in step 68..
SBY 11:16:00 [bmc_bmc] engine_0: ##   0:00:13  Checking assertions in step 68..
SBY 11:16:00 [bmc_bmc] engine_0: ##   0:00:13  Checking assumptions in step 69..
SBY 11:16:00 [bmc_bmc] engine_0: ##   0:00:13  Checking assertions in step 69..
SBY 11:16:00 [bmc_bmc] engine_0: ##   0:00:13  Checking assumptions in step 70..
SBY 11:16:01 [bmc_bmc] engine_0: ##   0:00:14  Checking assertions in step 70..
SBY 11:16:01 [bmc_bmc] engine_0: ##   0:00:14  Checking assumptions in step 71..
SBY 11:16:01 [bmc_bmc] engine_0: ##   0:00:14  Checking assertions in step 71..
SBY 11:16:01 [bmc_bmc] engine_0: ##   0:00:14  Checking assumptions in step 72..
SBY 11:16:02 [bmc_bmc] engine_0: ##   0:00:14  Checking assertions in step 72..
SBY 11:16:02 [bmc_bmc] engine_0: ##   0:00:15  Checking assumptions in step 73..
SBY 11:16:02 [bmc_bmc] engine_0: ##   0:00:15  Checking assertions in step 73..
SBY 11:16:02 [bmc_bmc] engine_0: ##   0:00:15  Checking assumptions in step 74..
SBY 11:16:02 [bmc_bmc] engine_0: ##   0:00:15  Checking assertions in step 74..
SBY 11:16:03 [bmc_bmc] engine_0: ##   0:00:15  Checking assumptions in step 75..
SBY 11:16:03 [bmc_bmc] engine_0: ##   0:00:16  Checking assertions in step 75..
SBY 11:16:03 [bmc_bmc] engine_0: ##   0:00:16  Checking assumptions in step 76..
SBY 11:16:03 [bmc_bmc] engine_0: ##   0:00:16  Checking assertions in step 76..
SBY 11:16:04 [bmc_bmc] engine_0: ##   0:00:17  Checking assumptions in step 77..
SBY 11:16:04 [bmc_bmc] engine_0: ##   0:00:17  Checking assertions in step 77..
SBY 11:16:04 [bmc_bmc] engine_0: ##   0:00:17  Checking assumptions in step 78..
SBY 11:16:05 [bmc_bmc] engine_0: ##   0:00:18  Checking assertions in step 78..
SBY 11:16:06 [bmc_bmc] engine_0: ##   0:00:18  Checking assumptions in step 79..
SBY 11:16:06 [bmc_bmc] engine_0: ##   0:00:19  Checking assertions in step 79..
SBY 11:16:06 [bmc_bmc] engine_0: ##   0:00:19  Checking assumptions in step 80..
SBY 11:16:06 [bmc_bmc] engine_0: ##   0:00:19  Checking assertions in step 80..
SBY 11:16:06 [bmc_bmc] engine_0: ##   0:00:19  Checking assumptions in step 81..
SBY 11:16:07 [bmc_bmc] engine_0: ##   0:00:20  Checking assertions in step 81..
SBY 11:16:07 [bmc_bmc] engine_0: ##   0:00:20  Checking assumptions in step 82..
SBY 11:16:07 [bmc_bmc] engine_0: ##   0:00:20  Checking assertions in step 82..
SBY 11:16:07 [bmc_bmc] engine_0: ##   0:00:20  Checking assumptions in step 83..
SBY 11:16:08 [bmc_bmc] engine_0: ##   0:00:21  Checking assertions in step 83..
SBY 11:16:08 [bmc_bmc] engine_0: ##   0:00:21  Checking assumptions in step 84..
SBY 11:16:08 [bmc_bmc] engine_0: ##   0:00:21  Checking assertions in step 84..
SBY 11:16:09 [bmc_bmc] engine_0: ##   0:00:22  Checking assumptions in step 85..
SBY 11:16:09 [bmc_bmc] engine_0: ##   0:00:22  Checking assertions in step 85..
SBY 11:16:09 [bmc_bmc] engine_0: ##   0:00:22  Checking assumptions in step 86..
SBY 11:16:09 [bmc_bmc] engine_0: ##   0:00:22  Checking assertions in step 86..
SBY 11:16:10 [bmc_bmc] engine_0: ##   0:00:23  Checking assumptions in step 87..
SBY 11:16:10 [bmc_bmc] engine_0: ##   0:00:23  Checking assertions in step 87..
SBY 11:16:10 [bmc_bmc] engine_0: ##   0:00:23  Checking assumptions in step 88..
SBY 11:16:10 [bmc_bmc] engine_0: ##   0:00:23  Checking assertions in step 88..
SBY 11:16:11 [bmc_bmc] engine_0: ##   0:00:24  Checking assumptions in step 89..
SBY 11:16:11 [bmc_bmc] engine_0: ##   0:00:24  Checking assertions in step 89..
SBY 11:16:11 [bmc_bmc] engine_0: ##   0:00:24  Checking assumptions in step 90..
SBY 11:16:12 [bmc_bmc] engine_0: ##   0:00:24  Checking assertions in step 90..
SBY 11:16:12 [bmc_bmc] engine_0: ##   0:00:25  Checking assumptions in step 91..
SBY 11:16:12 [bmc_bmc] engine_0: ##   0:00:25  Checking assertions in step 91..
SBY 11:16:13 [bmc_bmc] engine_0: ##   0:00:26  Checking assumptions in step 92..
SBY 11:16:11 [bmc_bmc] engine_0: ##   0:00:23  Checking assertions in step 92..
SBY 11:16:11 [bmc_bmc] engine_0: ##   0:00:24  Checking assumptions in step 93..
SBY 11:16:11 [bmc_bmc] engine_0: ##   0:00:24  Checking assertions in step 93..
SBY 11:16:11 [bmc_bmc] engine_0: ##   0:00:24  Checking assumptions in step 94..
SBY 11:16:12 [bmc_bmc] engine_0: ##   0:00:25  Checking assertions in step 94..
SBY 11:16:12 [bmc_bmc] engine_0: ##   0:00:25  Checking assumptions in step 95..
SBY 11:16:12 [bmc_bmc] engine_0: ##   0:00:25  Checking assertions in step 95..
SBY 11:16:13 [bmc_bmc] engine_0: ##   0:00:25  Checking assumptions in step 96..
SBY 11:16:13 [bmc_bmc] engine_0: ##   0:00:26  Checking assertions in step 96..
SBY 11:16:13 [bmc_bmc] engine_0: ##   0:00:26  Checking assumptions in step 97..
SBY 11:16:14 [bmc_bmc] engine_0: ##   0:00:27  Checking assertions in step 97..
SBY 11:16:14 [bmc_bmc] engine_0: ##   0:00:27  Checking assumptions in step 98..
SBY 11:16:14 [bmc_bmc] engine_0: ##   0:00:27  Checking assertions in step 98..
SBY 11:16:15 [bmc_bmc] engine_0: ##   0:00:28  Checking assumptions in step 99..
SBY 11:16:16 [bmc_bmc] engine_0: ##   0:00:29  Checking assertions in step 99..
SBY 11:16:16 [bmc_bmc] engine_0: ##   0:00:29  Checking assumptions in step 100..
SBY 11:16:17 [bmc_bmc] engine_0: ##   0:00:30  Checking assertions in step 100..
SBY 11:16:17 [bmc_bmc] engine_0: ##   0:00:30  Checking assumptions in step 101..
SBY 11:16:18 [bmc_bmc] engine_0: ##   0:00:31  Checking assertions in step 101..
SBY 11:16:18 [bmc_bmc] engine_0: ##   0:00:31  Checking assumptions in step 102..
SBY 11:16:19 [bmc_bmc] engine_0: ##   0:00:31  Checking assertions in step 102..
SBY 11:16:19 [bmc_bmc] engine_0: ##   0:00:32  Checking assumptions in step 103..
SBY 11:16:20 [bmc_bmc] engine_0: ##   0:00:33  Checking assertions in step 103..
SBY 11:16:20 [bmc_bmc] engine_0: ##   0:00:33  Checking assumptions in step 104..
SBY 11:16:20 [bmc_bmc] engine_0: ##   0:00:33  Checking assertions in step 104..
SBY 11:16:21 [bmc_bmc] engine_0: ##   0:00:34  Checking assumptions in step 105..
SBY 11:16:21 [bmc_bmc] engine_0: ##   0:00:34  Checking assertions in step 105..
SBY 11:16:21 [bmc_bmc] engine_0: ##   0:00:34  Checking assumptions in step 106..
SBY 11:16:22 [bmc_bmc] engine_0: ##   0:00:35  Checking assertions in step 106..
SBY 11:16:22 [bmc_bmc] engine_0: ##   0:00:35  Checking assumptions in step 107..
SBY 11:16:23 [bmc_bmc] engine_0: ##   0:00:36  Checking assertions in step 107..
SBY 11:16:23 [bmc_bmc] engine_0: ##   0:00:36  Checking assumptions in step 108..
SBY 11:16:23 [bmc_bmc] engine_0: ##   0:00:36  Checking assertions in step 108..
SBY 11:16:24 [bmc_bmc] engine_0: ##   0:00:36  Checking assumptions in step 109..
SBY 11:16:24 [bmc_bmc] engine_0: ##   0:00:37  Checking assertions in step 109..
SBY 11:16:24 [bmc_bmc] engine_0: ##   0:00:37  Checking assumptions in step 110..
SBY 11:16:25 [bmc_bmc] engine_0: ##   0:00:38  Checking assertions in step 110..
SBY 11:16:25 [bmc_bmc] engine_0: ##   0:00:38  Checking assumptions in step 111..
SBY 11:16:25 [bmc_bmc] engine_0: ##   0:00:38  Checking assertions in step 111..
SBY 11:16:26 [bmc_bmc] engine_0: ##   0:00:39  Checking assumptions in step 112..
SBY 11:16:26 [bmc_bmc] engine_0: ##   0:00:39  Checking assertions in step 112..
SBY 11:16:27 [bmc_bmc] engine_0: ##   0:00:40  Checking assumptions in step 113..
SBY 11:16:28 [bmc_bmc] engine_0: ##   0:00:41  Checking assertions in step 113..
SBY 11:16:28 [bmc_bmc] engine_0: ##   0:00:41  Checking assumptions in step 114..
SBY 11:16:29 [bmc_bmc] engine_0: ##   0:00:42  Checking assertions in step 114..
SBY 11:16:29 [bmc_bmc] engine_0: ##   0:00:42  Checking assumptions in step 115..
SBY 11:16:30 [bmc_bmc] engine_0: ##   0:00:43  Checking assertions in step 115..
SBY 11:16:30 [bmc_bmc] engine_0: ##   0:00:43  Checking assumptions in step 116..
SBY 11:16:30 [bmc_bmc] engine_0: ##   0:00:43  Checking assertions in step 116..
SBY 11:16:31 [bmc_bmc] engine_0: ##   0:00:44  Checking assumptions in step 117..
SBY 11:16:31 [bmc_bmc] engine_0: ##   0:00:44  Checking assertions in step 117..
SBY 11:16:32 [bmc_bmc] engine_0: ##   0:00:45  Checking assumptions in step 118..
SBY 11:16:32 [bmc_bmc] engine_0: ##   0:00:45  Checking assertions in step 118..
SBY 11:16:33 [bmc_bmc] engine_0: ##   0:00:45  Checking assumptions in step 119..
SBY 11:16:33 [bmc_bmc] engine_0: ##   0:00:46  Checking assertions in step 119..
SBY 11:16:33 [bmc_bmc] engine_0: ##   0:00:46  Checking assumptions in step 120..
SBY 11:16:34 [bmc_bmc] engine_0: ##   0:00:47  Checking assertions in step 120..
SBY 11:16:35 [bmc_bmc] engine_0: ##   0:00:47  Checking assumptions in step 121..
SBY 11:16:35 [bmc_bmc] engine_0: ##   0:00:48  Checking assertions in step 121..
SBY 11:16:35 [bmc_bmc] engine_0: ##   0:00:48  Checking assumptions in step 122..
SBY 11:16:36 [bmc_bmc] engine_0: ##   0:00:49  Checking assertions in step 122..
SBY 11:16:36 [bmc_bmc] engine_0: ##   0:00:49  Checking assumptions in step 123..
SBY 11:16:37 [bmc_bmc] engine_0: ##   0:00:50  Checking assertions in step 123..
SBY 11:16:37 [bmc_bmc] engine_0: ##   0:00:50  Checking assumptions in step 124..
SBY 11:16:37 [bmc_bmc] engine_0: ##   0:00:50  Checking assertions in step 124..
SBY 11:16:38 [bmc_bmc] engine_0: ##   0:00:51  Checking assumptions in step 125..
SBY 11:16:38 [bmc_bmc] engine_0: ##   0:00:51  Checking assertions in step 125..
SBY 11:16:39 [bmc_bmc] engine_0: ##   0:00:51  Checking assumptions in step 126..
SBY 11:16:39 [bmc_bmc] engine_0: ##   0:00:52  Checking assertions in step 126..
SBY 11:16:40 [bmc_bmc] engine_0: ##   0:00:52  Checking assumptions in step 127..
SBY 11:16:40 [bmc_bmc] engine_0: ##   0:00:53  Checking assertions in step 127..
SBY 11:16:40 [bmc_bmc] engine_0: ##   0:00:53  Checking assumptions in step 128..
SBY 11:16:41 [bmc_bmc] engine_0: ##   0:00:54  Checking assertions in step 128..
SBY 11:16:42 [bmc_bmc] engine_0: ##   0:00:55  Checking assumptions in step 129..
SBY 11:16:42 [bmc_bmc] engine_0: ##   0:00:55  Checking assertions in step 129..
SBY 11:16:40 [bmc_bmc] engine_0: ##   0:00:53  Checking assumptions in step 130..
SBY 11:16:41 [bmc_bmc] engine_0: ##   0:00:54  Checking assertions in step 130..
SBY 11:16:41 [bmc_bmc] engine_0: ##   0:00:54  Checking assumptions in step 131..
SBY 11:16:42 [bmc_bmc] engine_0: ##   0:00:55  Checking assertions in step 131..
SBY 11:16:44 [bmc_bmc] engine_0: ##   0:00:56  Checking assumptions in step 132..
SBY 11:16:44 [bmc_bmc] engine_0: ##   0:00:57  Checking assertions in step 132..
SBY 11:16:45 [bmc_bmc] engine_0: ##   0:00:57  Checking assumptions in step 133..
SBY 11:16:45 [bmc_bmc] engine_0: ##   0:00:58  Checking assertions in step 133..
SBY 11:16:45 [bmc_bmc] engine_0: ##   0:00:58  Checking assumptions in step 134..
SBY 11:16:46 [bmc_bmc] engine_0: ##   0:00:59  Checking assertions in step 134..
SBY 11:16:46 [bmc_bmc] engine_0: ##   0:00:59  Checking assumptions in step 135..
SBY 11:16:47 [bmc_bmc] engine_0: ##   0:01:00  Checking assertions in step 135..
SBY 11:16:47 [bmc_bmc] engine_0: ##   0:01:00  Checking assumptions in step 136..
SBY 11:16:48 [bmc_bmc] engine_0: ##   0:01:01  Checking assertions in step 136..
SBY 11:16:48 [bmc_bmc] engine_0: ##   0:01:01  Checking assumptions in step 137..
SBY 11:16:49 [bmc_bmc] engine_0: ##   0:01:02  Checking assertions in step 137..
SBY 11:16:49 [bmc_bmc] engine_0: ##   0:01:02  Checking assumptions in step 138..
SBY 11:16:50 [bmc_bmc] engine_0: ##   0:01:03  Checking assertions in step 138..
SBY 11:16:51 [bmc_bmc] engine_0: ##   0:01:04  Checking assumptions in step 139..
SBY 11:16:52 [bmc_bmc] engine_0: ##   0:01:04  Checking assertions in step 139..
SBY 11:16:52 [bmc_bmc] engine_0: ##   0:01:05  Checking assumptions in step 140..
SBY 11:16:53 [bmc_bmc] engine_0: ##   0:01:05  Checking assertions in step 140..
SBY 11:16:53 [bmc_bmc] engine_0: ##   0:01:06  Checking assumptions in step 141..
SBY 11:16:54 [bmc_bmc] engine_0: ##   0:01:06  Checking assertions in step 141..
SBY 11:16:54 [bmc_bmc] engine_0: ##   0:01:07  Checking assumptions in step 142..
SBY 11:16:55 [bmc_bmc] engine_0: ##   0:01:07  Checking assertions in step 142..
SBY 11:16:55 [bmc_bmc] engine_0: ##   0:01:08  Checking assumptions in step 143..
SBY 11:16:56 [bmc_bmc] engine_0: ##   0:01:09  Checking assertions in step 143..
SBY 11:16:56 [bmc_bmc] engine_0: ##   0:01:09  Checking assumptions in step 144..
SBY 11:16:57 [bmc_bmc] engine_0: ##   0:01:10  Checking assertions in step 144..
SBY 11:16:57 [bmc_bmc] engine_0: ##   0:01:10  Checking assumptions in step 145..
SBY 11:16:58 [bmc_bmc] engine_0: ##   0:01:11  Checking assertions in step 145..
SBY 11:16:58 [bmc_bmc] engine_0: ##   0:01:11  Checking assumptions in step 146..
SBY 11:16:59 [bmc_bmc] engine_0: ##   0:01:12  Checking assertions in step 146..
SBY 11:16:59 [bmc_bmc] engine_0: ##   0:01:12  Checking assumptions in step 147..
SBY 11:17:00 [bmc_bmc] engine_0: ##   0:01:13  Checking assertions in step 147..
SBY 11:17:00 [bmc_bmc] engine_0: ##   0:01:13  Checking assumptions in step 148..
SBY 11:17:01 [bmc_bmc] engine_0: ##   0:01:14  Checking assertions in step 148..
SBY 11:17:02 [bmc_bmc] engine_0: ##   0:01:15  Checking assumptions in step 149..
SBY 11:17:02 [bmc_bmc] engine_0: ##   0:01:15  Checking assertions in step 149..
SBY 11:17:03 [bmc_bmc] engine_0: ##   0:01:16  Checking assumptions in step 150..
SBY 11:17:04 [bmc_bmc] engine_0: ##   0:01:17  Checking assertions in step 150..
SBY 11:17:04 [bmc_bmc] engine_0: ##   0:01:17  Checking assumptions in step 151..
SBY 11:17:05 [bmc_bmc] engine_0: ##   0:01:18  Checking assertions in step 151..
SBY 11:17:05 [bmc_bmc] engine_0: ##   0:01:18  Checking assumptions in step 152..
SBY 11:17:06 [bmc_bmc] engine_0: ##   0:01:19  Checking assertions in step 152..
SBY 11:17:06 [bmc_bmc] engine_0: ##   0:01:19  Checking assumptions in step 153..
SBY 11:17:07 [bmc_bmc] engine_0: ##   0:01:20  Checking assertions in step 153..
SBY 11:17:08 [bmc_bmc] engine_0: ##   0:01:21  Checking assumptions in step 154..
SBY 11:17:08 [bmc_bmc] engine_0: ##   0:01:21  Checking assertions in step 154..
SBY 11:17:10 [bmc_bmc] engine_0: ##   0:01:23  Checking assumptions in step 155..
SBY 11:17:11 [bmc_bmc] engine_0: ##   0:01:24  Checking assertions in step 155..
SBY 11:17:11 [bmc_bmc] engine_0: ##   0:01:24  Checking assumptions in step 156..
SBY 11:17:12 [bmc_bmc] engine_0: ##   0:01:25  Checking assertions in step 156..
SBY 11:17:10 [bmc_bmc] engine_0: ##   0:01:23  Checking assumptions in step 157..
SBY 11:17:11 [bmc_bmc] engine_0: ##   0:01:24  Checking assertions in step 157..
SBY 11:17:12 [bmc_bmc] engine_0: ##   0:01:24  Checking assumptions in step 158..
SBY 11:17:12 [bmc_bmc] engine_0: ##   0:01:25  Checking assertions in step 158..
SBY 11:17:13 [bmc_bmc] engine_0: ##   0:01:26  Checking assumptions in step 159..
SBY 11:17:14 [bmc_bmc] engine_0: ##   0:01:27  Checking assertions in step 159..
SBY 11:17:14 [bmc_bmc] engine_0: ##   0:01:27  Checking assumptions in step 160..
SBY 11:17:15 [bmc_bmc] engine_0: ##   0:01:28  Checking assertions in step 160..
SBY 11:17:16 [bmc_bmc] engine_0: ##   0:01:29  Checking assumptions in step 161..
SBY 11:17:16 [bmc_bmc] engine_0: ##   0:01:29  Checking assertions in step 161..
SBY 11:17:17 [bmc_bmc] engine_0: ##   0:01:30  Checking assumptions in step 162..
SBY 11:17:18 [bmc_bmc] engine_0: ##   0:01:31  Checking assertions in step 162..
SBY 11:17:19 [bmc_bmc] engine_0: ##   0:01:32  Checking assumptions in step 163..
SBY 11:17:19 [bmc_bmc] engine_0: ##   0:01:32  Checking assertions in step 163..
SBY 11:17:20 [bmc_bmc] engine_0: ##   0:01:33  Checking assumptions in step 164..
SBY 11:17:21 [bmc_bmc] engine_0: ##   0:01:34  Checking assertions in step 164..
SBY 11:17:22 [bmc_bmc] engine_0: ##   0:01:34  Checking assumptions in step 165..
SBY 11:17:23 [bmc_bmc] engine_0: ##   0:01:35  Checking assertions in step 165..
SBY 11:17:23 [bmc_bmc] engine_0: ##   0:01:36  Checking assumptions in step 166..
SBY 11:17:24 [bmc_bmc] engine_0: ##   0:01:37  Checking assertions in step 166..
SBY 11:17:24 [bmc_bmc] engine_0: ##   0:01:37  Checking assumptions in step 167..
SBY 11:17:25 [bmc_bmc] engine_0: ##   0:01:38  Checking assertions in step 167..
SBY 11:17:26 [bmc_bmc] engine_0: ##   0:01:39  Checking assumptions in step 168..
SBY 11:17:27 [bmc_bmc] engine_0: ##   0:01:40  Checking assertions in step 168..
SBY 11:17:27 [bmc_bmc] engine_0: ##   0:01:40  Checking assumptions in step 169..
SBY 11:17:28 [bmc_bmc] engine_0: ##   0:01:41  Checking assertions in step 169..
SBY 11:17:30 [bmc_bmc] engine_0: ##   0:01:43  Checking assumptions in step 170..
SBY 11:17:31 [bmc_bmc] engine_0: ##   0:01:44  Checking assertions in step 170..
SBY 11:17:32 [bmc_bmc] engine_0: ##   0:01:45  Checking assumptions in step 171..
SBY 11:17:33 [bmc_bmc] engine_0: ##   0:01:46  Checking assertions in step 171..
SBY 11:17:33 [bmc_bmc] engine_0: ##   0:01:46  Checking assumptions in step 172..
SBY 11:17:34 [bmc_bmc] engine_0: ##   0:01:47  Checking assertions in step 172..
SBY 11:17:36 [bmc_bmc] engine_0: ##   0:01:49  Checking assumptions in step 173..
SBY 11:17:37 [bmc_bmc] engine_0: ##   0:01:50  Checking assertions in step 173..
SBY 11:17:37 [bmc_bmc] engine_0: ##   0:01:50  Checking assumptions in step 174..
SBY 11:17:38 [bmc_bmc] engine_0: ##   0:01:51  Checking assertions in step 174..
SBY 11:17:39 [bmc_bmc] engine_0: ##   0:01:52  Checking assumptions in step 175..
SBY 11:17:40 [bmc_bmc] engine_0: ##   0:01:53  Checking assertions in step 175..
SBY 11:17:41 [bmc_bmc] engine_0: ##   0:01:54  Checking assumptions in step 176..
SBY 11:17:42 [bmc_bmc] engine_0: ##   0:01:55  Checking assertions in step 176..
SBY 11:17:40 [bmc_bmc] engine_0: ##   0:01:53  Checking assumptions in step 177..
SBY 11:17:41 [bmc_bmc] engine_0: ##   0:01:54  Checking assertions in step 177..
SBY 11:17:42 [bmc_bmc] engine_0: ##   0:01:55  Checking assumptions in step 178..
SBY 11:17:43 [bmc_bmc] engine_0: ##   0:01:56  Checking assertions in step 178..
SBY 11:17:44 [bmc_bmc] engine_0: ##   0:01:56  Checking assumptions in step 179..
SBY 11:17:45 [bmc_bmc] engine_0: ##   0:01:57  Checking assertions in step 179..
SBY 11:17:45 [bmc_bmc] engine_0: ##   0:01:58  Checking assumptions in step 180..
SBY 11:17:46 [bmc_bmc] engine_0: ##   0:01:59  Checking assertions in step 180..
SBY 11:17:47 [bmc_bmc] engine_0: ##   0:02:00  Checking assumptions in step 181..
SBY 11:17:48 [bmc_bmc] engine_0: ##   0:02:01  Checking assertions in step 181..
SBY 11:17:49 [bmc_bmc] engine_0: ##   0:02:02  Checking assumptions in step 182..
SBY 11:17:50 [bmc_bmc] engine_0: ##   0:02:03  Checking assertions in step 182..
SBY 11:17:51 [bmc_bmc] engine_0: ##   0:02:04  Checking assumptions in step 183..
SBY 11:17:52 [bmc_bmc] engine_0: ##   0:02:05  Checking assertions in step 183..
SBY 11:17:53 [bmc_bmc] engine_0: ##   0:02:05  Checking assumptions in step 184..
SBY 11:17:53 [bmc_bmc] engine_0: ##   0:02:06  Checking assertions in step 184..
SBY 11:17:55 [bmc_bmc] engine_0: ##   0:02:07  Checking assumptions in step 185..
SBY 11:17:55 [bmc_bmc] engine_0: ##   0:02:08  Checking assertions in step 185..
SBY 11:17:58 [bmc_bmc] engine_0: ##   0:02:11  Checking assumptions in step 186..
SBY 11:17:59 [bmc_bmc] engine_0: ##   0:02:12  Checking assertions in step 186..
SBY 11:18:01 [bmc_bmc] engine_0: ##   0:02:14  Checking assumptions in step 187..
SBY 11:18:02 [bmc_bmc] engine_0: ##   0:02:15  Checking assertions in step 187..
SBY 11:18:03 [bmc_bmc] engine_0: ##   0:02:16  Checking assumptions in step 188..
SBY 11:18:04 [bmc_bmc] engine_0: ##   0:02:17  Checking assertions in step 188..
SBY 11:18:05 [bmc_bmc] engine_0: ##   0:02:18  Checking assumptions in step 189..
SBY 11:18:06 [bmc_bmc] engine_0: ##   0:02:19  Checking assertions in step 189..
SBY 11:18:07 [bmc_bmc] engine_0: ##   0:02:20  Checking assumptions in step 190..
SBY 11:18:08 [bmc_bmc] engine_0: ##   0:02:21  Checking assertions in step 190..
SBY 11:18:10 [bmc_bmc] engine_0: ##   0:02:22  Checking assumptions in step 191..
SBY 11:18:11 [bmc_bmc] engine_0: ##   0:02:24  Checking assertions in step 191..
SBY 11:18:11 [bmc_bmc] engine_0: ##   0:02:24  Checking assumptions in step 192..
SBY 11:18:10 [bmc_bmc] engine_0: ##   0:02:23  Checking assertions in step 192..
SBY 11:18:12 [bmc_bmc] engine_0: ##   0:02:24  Checking assumptions in step 193..
SBY 11:18:13 [bmc_bmc] engine_0: ##   0:02:26  Checking assertions in step 193..
SBY 11:18:14 [bmc_bmc] engine_0: ##   0:02:27  Checking assumptions in step 194..
SBY 11:18:15 [bmc_bmc] engine_0: ##   0:02:28  Checking assertions in step 194..
SBY 11:18:18 [bmc_bmc] engine_0: ##   0:02:31  Checking assumptions in step 195..
SBY 11:18:20 [bmc_bmc] engine_0: ##   0:02:33  Checking assertions in step 195..
SBY 11:18:21 [bmc_bmc] engine_0: ##   0:02:34  Checking assumptions in step 196..
SBY 11:18:22 [bmc_bmc] engine_0: ##   0:02:35  Checking assertions in step 196..
SBY 11:18:24 [bmc_bmc] engine_0: ##   0:02:37  Checking assumptions in step 197..
SBY 11:18:25 [bmc_bmc] engine_0: ##   0:02:38  Checking assertions in step 197..
SBY 11:18:26 [bmc_bmc] engine_0: ##   0:02:39  Checking assumptions in step 198..
SBY 11:18:27 [bmc_bmc] engine_0: ##   0:02:40  Checking assertions in step 198..
SBY 11:18:28 [bmc_bmc] engine_0: ##   0:02:41  Checking assumptions in step 199..
SBY 11:18:29 [bmc_bmc] engine_0: ##   0:02:42  Checking assertions in step 199..
SBY 11:18:30 [bmc_bmc] engine_0: ##   0:02:43  Checking assumptions in step 200..
SBY 11:18:31 [bmc_bmc] engine_0: ##   0:02:44  Checking assertions in step 200..
SBY 11:18:33 [bmc_bmc] engine_0: ##   0:02:46  Checking assumptions in step 201..
SBY 11:18:34 [bmc_bmc] engine_0: ##   0:02:47  Checking assertions in step 201..
SBY 11:18:35 [bmc_bmc] engine_0: ##   0:02:48  Checking assumptions in step 202..
SBY 11:18:37 [bmc_bmc] engine_0: ##   0:02:49  Checking assertions in step 202..
SBY 11:18:38 [bmc_bmc] engine_0: ##   0:02:51  Checking assumptions in step 203..
SBY 11:18:39 [bmc_bmc] engine_0: ##   0:02:52  Checking assertions in step 203..
SBY 11:18:43 [bmc_bmc] engine_0: ##   0:02:56  Checking assumptions in step 204..
SBY 11:18:44 [bmc_bmc] engine_0: ##   0:02:57  Checking assertions in step 204..
SBY 11:18:45 [bmc_bmc] engine_0: ##   0:02:58  Checking assumptions in step 205..
SBY 11:18:47 [bmc_bmc] engine_0: ##   0:03:00  Checking assertions in step 205..
SBY 11:18:48 [bmc_bmc] engine_0: ##   0:03:01  Checking assumptions in step 206..
SBY 11:18:49 [bmc_bmc] engine_0: ##   0:03:02  Checking assertions in step 206..
SBY 11:18:50 [bmc_bmc] engine_0: ##   0:03:03  Checking assumptions in step 207..
SBY 11:18:52 [bmc_bmc] engine_0: ##   0:03:05  Checking assertions in step 207..
SBY 11:18:53 [bmc_bmc] engine_0: ##   0:03:06  Checking assumptions in step 208..
SBY 11:18:54 [bmc_bmc] engine_0: ##   0:03:07  Checking assertions in step 208..
SBY 11:18:55 [bmc_bmc] engine_0: ##   0:03:08  Checking assumptions in step 209..
SBY 11:18:57 [bmc_bmc] engine_0: ##   0:03:10  Checking assertions in step 209..
SBY 11:18:58 [bmc_bmc] engine_0: ##   0:03:11  Checking assumptions in step 210..
SBY 11:18:59 [bmc_bmc] engine_0: ##   0:03:12  Checking assertions in step 210..
SBY 11:19:01 [bmc_bmc] engine_0: ##   0:03:14  Checking assumptions in step 211..
SBY 11:19:02 [bmc_bmc] engine_0: ##   0:03:15  Checking assertions in step 211..
SBY 11:19:05 [bmc_bmc] engine_0: ##   0:03:18  Checking assumptions in step 212..
SBY 11:19:06 [bmc_bmc] engine_0: ##   0:03:19  Checking assertions in step 212..
SBY 11:19:09 [bmc_bmc] engine_0: ##   0:03:22  Checking assumptions in step 213..
SBY 11:19:10 [bmc_bmc] engine_0: ##   0:03:23  Checking assertions in step 213..
SBY 11:19:11 [bmc_bmc] engine_0: ##   0:03:24  Checking assumptions in step 214..
SBY 11:19:12 [bmc_bmc] engine_0: ##   0:03:25  Checking assertions in step 214..
SBY 11:19:13 [bmc_bmc] engine_0: ##   0:03:26  Checking assumptions in step 215..
SBY 11:19:15 [bmc_bmc] engine_0: ##   0:03:28  Checking assertions in step 215..
SBY 11:19:16 [bmc_bmc] engine_0: ##   0:03:29  Checking assumptions in step 216..
SBY 11:19:17 [bmc_bmc] engine_0: ##   0:03:30  Checking assertions in step 216..
SBY 11:19:18 [bmc_bmc] engine_0: ##   0:03:31  Checking assumptions in step 217..
SBY 11:19:20 [bmc_bmc] engine_0: ##   0:03:33  Checking assertions in step 217..
SBY 11:19:21 [bmc_bmc] engine_0: ##   0:03:34  Checking assumptions in step 218..
SBY 11:19:22 [bmc_bmc] engine_0: ##   0:03:35  Checking assertions in step 218..
SBY 11:19:24 [bmc_bmc] engine_0: ##   0:03:36  Checking assumptions in step 219..
SBY 11:19:25 [bmc_bmc] engine_0: ##   0:03:38  Checking assertions in step 219..
SBY 11:19:28 [bmc_bmc] engine_0: ##   0:03:41  Checking assumptions in step 220..
SBY 11:19:30 [bmc_bmc] engine_0: ##   0:03:42  Checking assertions in step 220..
SBY 11:19:32 [bmc_bmc] engine_0: ##   0:03:44  Checking assumptions in step 221..
SBY 11:19:33 [bmc_bmc] engine_0: ##   0:03:46  Checking assertions in step 221..
SBY 11:19:36 [bmc_bmc] engine_0: ##   0:03:49  Checking assumptions in step 222..
SBY 11:19:38 [bmc_bmc] engine_0: ##   0:03:50  Checking assertions in step 222..
SBY 11:19:39 [bmc_bmc] engine_0: ##   0:03:52  Checking assumptions in step 223..
SBY 11:19:41 [bmc_bmc] engine_0: ##   0:03:54  Checking assertions in step 223..
SBY 11:19:44 [bmc_bmc] engine_0: ##   0:03:57  Checking assumptions in step 224..
SBY 11:19:45 [bmc_bmc] engine_0: ##   0:03:58  Checking assertions in step 224..
SBY 11:19:47 [bmc_bmc] engine_0: ##   0:04:00  Checking assumptions in step 225..
SBY 11:19:49 [bmc_bmc] engine_0: ##   0:04:02  Checking assertions in step 225..
SBY 11:19:50 [bmc_bmc] engine_0: ##   0:04:03  Checking assumptions in step 226..
SBY 11:19:51 [bmc_bmc] engine_0: ##   0:04:04  Checking assertions in step 226..
SBY 11:19:53 [bmc_bmc] engine_0: ##   0:04:06  Checking assumptions in step 227..
SBY 11:19:54 [bmc_bmc] engine_0: ##   0:04:07  Checking assertions in step 227..
SBY 11:19:56 [bmc_bmc] engine_0: ##   0:04:09  Checking assumptions in step 228..
SBY 11:19:57 [bmc_bmc] engine_0: ##   0:04:10  Checking assertions in step 228..
SBY 11:19:59 [bmc_bmc] engine_0: ##   0:04:12  Checking assumptions in step 229..
SBY 11:20:00 [bmc_bmc] engine_0: ##   0:04:13  Checking assertions in step 229..
SBY 11:20:03 [bmc_bmc] engine_0: ##   0:04:16  Checking assumptions in step 230..
SBY 11:20:05 [bmc_bmc] engine_0: ##   0:04:18  Checking assertions in step 230..
SBY 11:20:07 [bmc_bmc] engine_0: ##   0:04:20  Checking assumptions in step 231..
SBY 11:20:09 [bmc_bmc] engine_0: ##   0:04:21  Checking assertions in step 231..
SBY 11:20:11 [bmc_bmc] engine_0: ##   0:04:23  Checking assumptions in step 232..
SBY 11:20:10 [bmc_bmc] engine_0: ##   0:04:22  Checking assertions in step 232..
SBY 11:20:12 [bmc_bmc] engine_0: ##   0:04:25  Checking assumptions in step 233..
SBY 11:20:13 [bmc_bmc] engine_0: ##   0:04:26  Checking assertions in step 233..
SBY 11:20:18 [bmc_bmc] engine_0: ##   0:04:31  Checking assumptions in step 234..
SBY 11:20:19 [bmc_bmc] engine_0: ##   0:04:32  Checking assertions in step 234..
SBY 11:20:21 [bmc_bmc] engine_0: ##   0:04:34  Checking assumptions in step 235..
SBY 11:20:22 [bmc_bmc] engine_0: ##   0:04:35  Checking assertions in step 235..
SBY 11:20:24 [bmc_bmc] engine_0: ##   0:04:37  Checking assumptions in step 236..
SBY 11:20:26 [bmc_bmc] engine_0: ##   0:04:39  Checking assertions in step 236..
SBY 11:20:28 [bmc_bmc] engine_0: ##   0:04:41  Checking assumptions in step 237..
SBY 11:20:30 [bmc_bmc] engine_0: ##   0:04:42  Checking assertions in step 237..
SBY 11:20:31 [bmc_bmc] engine_0: ##   0:04:44  Checking assumptions in step 238..
SBY 11:20:33 [bmc_bmc] engine_0: ##   0:04:46  Checking assertions in step 238..
SBY 11:20:34 [bmc_bmc] engine_0: ##   0:04:47  Checking assumptions in step 239..
SBY 11:20:36 [bmc_bmc] engine_0: ##   0:04:48  Checking assertions in step 239..
SBY 11:20:38 [bmc_bmc] engine_0: ##   0:04:51  Checking assumptions in step 240..
SBY 11:20:40 [bmc_bmc] engine_0: ##   0:04:53  Checking assertions in step 240..
SBY 11:20:39 [bmc_bmc] engine_0: ##   0:04:52  Checking assumptions in step 241..
SBY 11:20:40 [bmc_bmc] engine_0: ##   0:04:53  Checking assertions in step 241..
SBY 11:20:43 [bmc_bmc] engine_0: ##   0:04:56  Checking assumptions in step 242..
SBY 11:20:45 [bmc_bmc] engine_0: ##   0:04:58  Checking assertions in step 242..
SBY 11:20:46 [bmc_bmc] engine_0: ##   0:04:59  Checking assumptions in step 243..
SBY 11:20:48 [bmc_bmc] engine_0: ##   0:05:01  Checking assertions in step 243..
SBY 11:20:51 [bmc_bmc] engine_0: ##   0:05:04  Checking assumptions in step 244..
SBY 11:20:53 [bmc_bmc] engine_0: ##   0:05:06  Checking assertions in step 244..
SBY 11:20:57 [bmc_bmc] engine_0: ##   0:05:10  Checking assumptions in step 245..
SBY 11:20:59 [bmc_bmc] engine_0: ##   0:05:12  Checking assertions in step 245..
SBY 11:21:00 [bmc_bmc] engine_0: ##   0:05:13  Checking assumptions in step 246..
SBY 11:21:02 [bmc_bmc] engine_0: ##   0:05:15  Checking assertions in step 246..
SBY 11:21:03 [bmc_bmc] engine_0: ##   0:05:16  Checking assumptions in step 247..
SBY 11:21:04 [bmc_bmc] engine_0: ##   0:05:17  Checking assertions in step 247..
SBY 11:21:06 [bmc_bmc] engine_0: ##   0:05:19  Checking assumptions in step 248..
SBY 11:21:08 [bmc_bmc] engine_0: ##   0:05:21  Checking assertions in step 248..
SBY 11:21:09 [bmc_bmc] engine_0: ##   0:05:22  Checking assumptions in step 249..
SBY 11:21:10 [bmc_bmc] engine_0: ##   0:05:23  Checking assertions in step 249..
SBY 11:21:09 [bmc_bmc] engine_0: ##   0:05:22  Checking assumptions in step 250..
SBY 11:21:11 [bmc_bmc] engine_0: ##   0:05:24  Checking assertions in step 250..
SBY 11:21:13 [bmc_bmc] engine_0: ##   0:05:25  Checking assumptions in step 251..
SBY 11:21:14 [bmc_bmc] engine_0: ##   0:05:27  Checking assertions in step 251..
SBY 11:21:17 [bmc_bmc] engine_0: ##   0:05:30  Checking assumptions in step 252..
SBY 11:21:19 [bmc_bmc] engine_0: ##   0:05:32  Checking assertions in step 252..
SBY 11:21:22 [bmc_bmc] engine_0: ##   0:05:35  Checking assumptions in step 253..
SBY 11:21:24 [bmc_bmc] engine_0: ##   0:05:37  Checking assertions in step 253..
SBY 11:21:26 [bmc_bmc] engine_0: ##   0:05:39  Checking assumptions in step 254..
SBY 11:21:27 [bmc_bmc] engine_0: ##   0:05:40  Checking assertions in step 254..
SBY 11:21:32 [bmc_bmc] engine_0: ##   0:05:45  Checking assumptions in step 255..
SBY 11:21:33 [bmc_bmc] engine_0: ##   0:05:46  Checking assertions in step 255..
SBY 11:21:36 [bmc_bmc] engine_0: ##   0:05:49  Checking assumptions in step 256..
SBY 11:21:37 [bmc_bmc] engine_0: ##   0:05:50  Checking assertions in step 256..
SBY 11:21:39 [bmc_bmc] engine_0: ##   0:05:51  Checking assumptions in step 257..
SBY 11:21:40 [bmc_bmc] engine_0: ##   0:05:53  Checking assertions in step 257..
SBY 11:21:42 [bmc_bmc] engine_0: ##   0:05:55  Checking assumptions in step 258..
SBY 11:21:44 [bmc_bmc] engine_0: ##   0:05:57  Checking assertions in step 258..
SBY 11:21:46 [bmc_bmc] engine_0: ##   0:05:59  Checking assumptions in step 259..
SBY 11:21:48 [bmc_bmc] engine_0: ##   0:06:01  Checking assertions in step 259..
SBY 11:21:50 [bmc_bmc] engine_0: ##   0:06:03  Status: passed
SBY 11:21:50 [bmc_bmc] engine_0: finished (returncode=0)
SBY 11:21:50 [bmc_bmc] engine_0: Status returned by engine: pass
SBY 11:21:50 [bmc_bmc] summary: Elapsed clock time [H:MM:SS (secs)]: 0:06:33 (393)
SBY 11:21:50 [bmc_bmc] summary: Elapsed process time [H:MM:SS (secs)]: 0:06:06 (366)
SBY 11:21:50 [bmc_bmc] summary: engine_0 (smtbmc boolector) returned pass
SBY 11:21:50 [bmc_bmc] summary: engine_0 did not produce any traces
SBY 11:21:50 [bmc_bmc] DONE (PASS, rc=0)
----- mamba2_unit rc=0
===== FORMAL mlp_unit
SBY 11:21:50 [bmc_bmc] Removing directory '/home/jese/tinyllm/src/mlp_unit/formal/bmc_bmc'.
SBY 11:21:50 [bmc_bmc] Copy '/home/jese/tinyllm/src/mlp_unit/formal/../../../systemverilog_fp_unit/rtl/fp_pkg.sv' to '/home/jese/tinyllm/src/mlp_unit/formal/bmc_bmc/src/fp_pkg.sv'.
SBY 11:21:50 [bmc_bmc] Copy '/home/jese/tinyllm/src/mlp_unit/formal/fp_unit_stub.sv' to '/home/jese/tinyllm/src/mlp_unit/formal/bmc_bmc/src/fp_unit_stub.sv'.
SBY 11:21:50 [bmc_bmc] Copy '/home/jese/tinyllm/src/mlp_unit/formal/fp_exp_seq_stub.sv' to '/home/jese/tinyllm/src/mlp_unit/formal/bmc_bmc/src/fp_exp_seq_stub.sv'.
SBY 11:21:50 [bmc_bmc] Copy '/home/jese/tinyllm/src/mlp_unit/formal/matrix_unit_stub.sv' to '/home/jese/tinyllm/src/mlp_unit/formal/bmc_bmc/src/matrix_unit_stub.sv'.
SBY 11:21:50 [bmc_bmc] Copy '/home/jese/tinyllm/src/mlp_unit/formal/../../../systemverilog_fp_unit/rtl/fp32_to_bf16_round.sv' to '/home/jese/tinyllm/src/mlp_unit/formal/bmc_bmc/src/fp32_to_bf16_round.sv'.
SBY 11:21:50 [bmc_bmc] Copy '/home/jese/tinyllm/src/mlp_unit/formal/../SwiGLU_unit/swiglu_unit.sv' to '/home/jese/tinyllm/src/mlp_unit/formal/bmc_bmc/src/swiglu_unit.sv'.
SBY 11:21:50 [bmc_bmc] Copy '/home/jese/tinyllm/src/mlp_unit/formal/../mlp_unit.sv' to '/home/jese/tinyllm/src/mlp_unit/formal/bmc_bmc/src/mlp_unit.sv'.
SBY 11:21:50 [bmc_bmc] Copy '/home/jese/tinyllm/src/mlp_unit/formal/mlp_props.sv' to '/home/jese/tinyllm/src/mlp_unit/formal/bmc_bmc/src/mlp_props.sv'.
SBY 11:21:50 [bmc_bmc] engine_0: smtbmc boolector
SBY 11:21:50 [bmc_bmc] base: starting process "cd bmc_bmc/src; yosys -ql ../model/design.log ../model/design.ys"
SBY 11:21:50 [bmc_bmc] base: Warning: Resizing cell port $paramod$f7287eff41b9bebc4e1c6c879cc0e2fb81ecb551\swiglu_unit.u_down.load_in_idx from 3 bits to 2 bits.
SBY 11:21:50 [bmc_bmc] base: finished (returncode=0)
SBY 11:21:50 [bmc_bmc] prep: starting process "cd bmc_bmc/model; yosys -ql design_prep.log design_prep.ys"
SBY 11:21:50 [bmc_bmc] prep: finished (returncode=0)
SBY 11:21:50 [bmc_bmc] smt2: starting process "cd bmc_bmc/model; yosys -ql design_smt2.log design_smt2.ys"
SBY 11:21:50 [bmc_bmc] smt2: finished (returncode=0)
SBY 11:21:50 [bmc_bmc] engine_0: starting process "cd bmc_bmc; yosys-smtbmc -s boolector --presat --unroll --noprogress -t 260  --append 0 --dump-vcd engine_0/trace.vcd --dump-yw engine_0/trace.yw --dump-vlogtb engine_0/trace_tb.v --dump-smtc engine_0/trace.smtc model/design_smt2.smt2"
SBY 11:21:50 [bmc_bmc] engine_0: ##   0:00:00  Solver: boolector
SBY 11:21:50 [bmc_bmc] engine_0: ##   0:00:00  Checking assumptions in step 0..
SBY 11:21:50 [bmc_bmc] engine_0: ##   0:00:00  Checking assertions in step 0..
SBY 11:21:50 [bmc_bmc] engine_0: ##   0:00:00  Checking assumptions in step 1..
SBY 11:21:50 [bmc_bmc] engine_0: ##   0:00:00  Checking assertions in step 1..
SBY 11:21:50 [bmc_bmc] engine_0: ##   0:00:00  Checking assumptions in step 2..
SBY 11:21:50 [bmc_bmc] engine_0: ##   0:00:00  Checking assertions in step 2..
SBY 11:21:50 [bmc_bmc] engine_0: ##   0:00:00  Checking assumptions in step 3..
SBY 11:21:50 [bmc_bmc] engine_0: ##   0:00:00  Checking assertions in step 3..
SBY 11:21:50 [bmc_bmc] engine_0: ##   0:00:00  Checking assumptions in step 4..
SBY 11:21:50 [bmc_bmc] engine_0: ##   0:00:00  Checking assertions in step 4..
SBY 11:21:50 [bmc_bmc] engine_0: ##   0:00:00  Checking assumptions in step 5..
SBY 11:21:50 [bmc_bmc] engine_0: ##   0:00:00  Checking assertions in step 5..
SBY 11:21:50 [bmc_bmc] engine_0: ##   0:00:00  Checking assumptions in step 6..
SBY 11:21:50 [bmc_bmc] engine_0: ##   0:00:00  Checking assertions in step 6..
SBY 11:21:50 [bmc_bmc] engine_0: ##   0:00:00  Checking assumptions in step 7..
SBY 11:21:50 [bmc_bmc] engine_0: ##   0:00:00  Checking assertions in step 7..
SBY 11:21:50 [bmc_bmc] engine_0: ##   0:00:00  Checking assumptions in step 8..
SBY 11:21:50 [bmc_bmc] engine_0: ##   0:00:00  Checking assertions in step 8..
SBY 11:21:50 [bmc_bmc] engine_0: ##   0:00:00  Checking assumptions in step 9..
SBY 11:21:50 [bmc_bmc] engine_0: ##   0:00:00  Checking assertions in step 9..
SBY 11:21:51 [bmc_bmc] engine_0: ##   0:00:00  Checking assumptions in step 10..
SBY 11:21:51 [bmc_bmc] engine_0: ##   0:00:00  Checking assertions in step 10..
SBY 11:21:51 [bmc_bmc] engine_0: ##   0:00:00  Checking assumptions in step 11..
SBY 11:21:51 [bmc_bmc] engine_0: ##   0:00:00  Checking assertions in step 11..
SBY 11:21:51 [bmc_bmc] engine_0: ##   0:00:00  Checking assumptions in step 12..
SBY 11:21:51 [bmc_bmc] engine_0: ##   0:00:00  Checking assertions in step 12..
SBY 11:21:51 [bmc_bmc] engine_0: ##   0:00:00  Checking assumptions in step 13..
SBY 11:21:51 [bmc_bmc] engine_0: ##   0:00:00  Checking assertions in step 13..
SBY 11:21:51 [bmc_bmc] engine_0: ##   0:00:00  Checking assumptions in step 14..
SBY 11:21:51 [bmc_bmc] engine_0: ##   0:00:00  Checking assertions in step 14..
SBY 11:21:51 [bmc_bmc] engine_0: ##   0:00:00  Checking assumptions in step 15..
SBY 11:21:51 [bmc_bmc] engine_0: ##   0:00:00  Checking assertions in step 15..
SBY 11:21:51 [bmc_bmc] engine_0: ##   0:00:00  Checking assumptions in step 16..
SBY 11:21:51 [bmc_bmc] engine_0: ##   0:00:00  Checking assertions in step 16..
SBY 11:21:51 [bmc_bmc] engine_0: ##   0:00:00  Checking assumptions in step 17..
SBY 11:21:51 [bmc_bmc] engine_0: ##   0:00:00  Checking assertions in step 17..
SBY 11:21:51 [bmc_bmc] engine_0: ##   0:00:00  Checking assumptions in step 18..
SBY 11:21:51 [bmc_bmc] engine_0: ##   0:00:00  Checking assertions in step 18..
SBY 11:21:51 [bmc_bmc] engine_0: ##   0:00:00  Checking assumptions in step 19..
SBY 11:21:51 [bmc_bmc] engine_0: ##   0:00:00  Checking assertions in step 19..
SBY 11:21:51 [bmc_bmc] engine_0: ##   0:00:00  Checking assumptions in step 20..
SBY 11:21:51 [bmc_bmc] engine_0: ##   0:00:00  Checking assertions in step 20..
SBY 11:21:51 [bmc_bmc] engine_0: ##   0:00:00  Checking assumptions in step 21..
SBY 11:21:51 [bmc_bmc] engine_0: ##   0:00:00  Checking assertions in step 21..
SBY 11:21:51 [bmc_bmc] engine_0: ##   0:00:00  Checking assumptions in step 22..
SBY 11:21:51 [bmc_bmc] engine_0: ##   0:00:00  Checking assertions in step 22..
SBY 11:21:51 [bmc_bmc] engine_0: ##   0:00:01  Checking assumptions in step 23..
SBY 11:21:51 [bmc_bmc] engine_0: ##   0:00:01  Checking assertions in step 23..
SBY 11:21:51 [bmc_bmc] engine_0: ##   0:00:01  Checking assumptions in step 24..
SBY 11:21:51 [bmc_bmc] engine_0: ##   0:00:01  Checking assertions in step 24..
SBY 11:21:51 [bmc_bmc] engine_0: ##   0:00:01  Checking assumptions in step 25..
SBY 11:21:51 [bmc_bmc] engine_0: ##   0:00:01  Checking assertions in step 25..
SBY 11:21:51 [bmc_bmc] engine_0: ##   0:00:01  Checking assumptions in step 26..
SBY 11:21:51 [bmc_bmc] engine_0: ##   0:00:01  Checking assertions in step 26..
SBY 11:21:51 [bmc_bmc] engine_0: ##   0:00:01  Checking assumptions in step 27..
SBY 11:21:51 [bmc_bmc] engine_0: ##   0:00:01  Checking assertions in step 27..
SBY 11:21:52 [bmc_bmc] engine_0: ##   0:00:01  Checking assumptions in step 28..
SBY 11:21:52 [bmc_bmc] engine_0: ##   0:00:01  Checking assertions in step 28..
SBY 11:21:52 [bmc_bmc] engine_0: ##   0:00:01  Checking assumptions in step 29..
SBY 11:21:52 [bmc_bmc] engine_0: ##   0:00:01  Checking assertions in step 29..
SBY 11:21:52 [bmc_bmc] engine_0: ##   0:00:01  Checking assumptions in step 30..
SBY 11:21:52 [bmc_bmc] engine_0: ##   0:00:01  Checking assertions in step 30..
SBY 11:21:52 [bmc_bmc] engine_0: ##   0:00:01  Checking assumptions in step 31..
SBY 11:21:52 [bmc_bmc] engine_0: ##   0:00:01  Checking assertions in step 31..
SBY 11:21:52 [bmc_bmc] engine_0: ##   0:00:01  Checking assumptions in step 32..
SBY 11:21:52 [bmc_bmc] engine_0: ##   0:00:01  Checking assertions in step 32..
SBY 11:21:52 [bmc_bmc] engine_0: ##   0:00:01  Checking assumptions in step 33..
SBY 11:21:52 [bmc_bmc] engine_0: ##   0:00:01  Checking assertions in step 33..
SBY 11:21:52 [bmc_bmc] engine_0: ##   0:00:02  Checking assumptions in step 34..
SBY 11:21:52 [bmc_bmc] engine_0: ##   0:00:02  Checking assertions in step 34..
SBY 11:21:52 [bmc_bmc] engine_0: ##   0:00:02  Checking assumptions in step 35..
SBY 11:21:52 [bmc_bmc] engine_0: ##   0:00:02  Checking assertions in step 35..
SBY 11:21:52 [bmc_bmc] engine_0: ##   0:00:02  Checking assumptions in step 36..
SBY 11:21:52 [bmc_bmc] engine_0: ##   0:00:02  Checking assertions in step 36..
SBY 11:21:52 [bmc_bmc] engine_0: ##   0:00:02  Checking assumptions in step 37..
SBY 11:21:52 [bmc_bmc] engine_0: ##   0:00:02  Checking assertions in step 37..
SBY 11:21:53 [bmc_bmc] engine_0: ##   0:00:02  Checking assumptions in step 38..
SBY 11:21:53 [bmc_bmc] engine_0: ##   0:00:02  Checking assertions in step 38..
SBY 11:21:53 [bmc_bmc] engine_0: ##   0:00:02  Checking assumptions in step 39..
SBY 11:21:53 [bmc_bmc] engine_0: ##   0:00:02  Checking assertions in step 39..
SBY 11:21:53 [bmc_bmc] engine_0: ##   0:00:02  Checking assumptions in step 40..
SBY 11:21:53 [bmc_bmc] engine_0: ##   0:00:02  Checking assertions in step 40..
SBY 11:21:53 [bmc_bmc] engine_0: ##   0:00:02  Checking assumptions in step 41..
SBY 11:21:53 [bmc_bmc] engine_0: ##   0:00:02  Checking assertions in step 41..
SBY 11:21:53 [bmc_bmc] engine_0: ##   0:00:03  Checking assumptions in step 42..
SBY 11:21:53 [bmc_bmc] engine_0: ##   0:00:03  Checking assertions in step 42..
SBY 11:21:53 [bmc_bmc] engine_0: ##   0:00:03  Checking assumptions in step 43..
SBY 11:21:53 [bmc_bmc] engine_0: ##   0:00:03  Checking assertions in step 43..
SBY 11:21:53 [bmc_bmc] engine_0: ##   0:00:03  Checking assumptions in step 44..
SBY 11:21:53 [bmc_bmc] engine_0: ##   0:00:03  Checking assertions in step 44..
SBY 11:21:53 [bmc_bmc] engine_0: ##   0:00:03  Checking assumptions in step 45..
SBY 11:21:54 [bmc_bmc] engine_0: ##   0:00:03  Checking assertions in step 45..
SBY 11:21:54 [bmc_bmc] engine_0: ##   0:00:03  Checking assumptions in step 46..
SBY 11:21:54 [bmc_bmc] engine_0: ##   0:00:03  Checking assertions in step 46..
SBY 11:21:54 [bmc_bmc] engine_0: ##   0:00:03  Checking assumptions in step 47..
SBY 11:21:54 [bmc_bmc] engine_0: ##   0:00:03  Checking assertions in step 47..
SBY 11:21:54 [bmc_bmc] engine_0: ##   0:00:03  Checking assumptions in step 48..
SBY 11:21:54 [bmc_bmc] engine_0: ##   0:00:03  Checking assertions in step 48..
SBY 11:21:54 [bmc_bmc] engine_0: ##   0:00:03  Checking assumptions in step 49..
SBY 11:21:54 [bmc_bmc] engine_0: ##   0:00:03  Checking assertions in step 49..
SBY 11:21:54 [bmc_bmc] engine_0: ##   0:00:04  Checking assumptions in step 50..
SBY 11:21:54 [bmc_bmc] engine_0: ##   0:00:04  Checking assertions in step 50..
SBY 11:21:54 [bmc_bmc] engine_0: ##   0:00:04  Checking assumptions in step 51..
SBY 11:21:54 [bmc_bmc] engine_0: ##   0:00:04  Checking assertions in step 51..
SBY 11:21:54 [bmc_bmc] engine_0: ##   0:00:04  Checking assumptions in step 52..
SBY 11:21:55 [bmc_bmc] engine_0: ##   0:00:04  Checking assertions in step 52..
SBY 11:21:55 [bmc_bmc] engine_0: ##   0:00:04  Checking assumptions in step 53..
SBY 11:21:55 [bmc_bmc] engine_0: ##   0:00:04  Checking assertions in step 53..
SBY 11:21:55 [bmc_bmc] engine_0: ##   0:00:04  Checking assumptions in step 54..
SBY 11:21:55 [bmc_bmc] engine_0: ##   0:00:04  Checking assertions in step 54..
SBY 11:21:55 [bmc_bmc] engine_0: ##   0:00:04  Checking assumptions in step 55..
SBY 11:21:55 [bmc_bmc] engine_0: ##   0:00:04  Checking assertions in step 55..
SBY 11:21:55 [bmc_bmc] engine_0: ##   0:00:04  Checking assumptions in step 56..
SBY 11:21:55 [bmc_bmc] engine_0: ##   0:00:05  Checking assertions in step 56..
SBY 11:21:55 [bmc_bmc] engine_0: ##   0:00:05  Checking assumptions in step 57..
SBY 11:21:55 [bmc_bmc] engine_0: ##   0:00:05  Checking assertions in step 57..
SBY 11:21:55 [bmc_bmc] engine_0: ##   0:00:05  Checking assumptions in step 58..
SBY 11:21:55 [bmc_bmc] engine_0: ##   0:00:05  Checking assertions in step 58..
SBY 11:21:56 [bmc_bmc] engine_0: ##   0:00:05  Checking assumptions in step 59..
SBY 11:21:56 [bmc_bmc] engine_0: ##   0:00:05  Checking assertions in step 59..
SBY 11:21:56 [bmc_bmc] engine_0: ##   0:00:05  Checking assumptions in step 60..
SBY 11:21:56 [bmc_bmc] engine_0: ##   0:00:05  Checking assertions in step 60..
SBY 11:21:56 [bmc_bmc] engine_0: ##   0:00:05  Checking assumptions in step 61..
SBY 11:21:56 [bmc_bmc] engine_0: ##   0:00:05  Checking assertions in step 61..
SBY 11:21:56 [bmc_bmc] engine_0: ##   0:00:05  Checking assumptions in step 62..
SBY 11:21:56 [bmc_bmc] engine_0: ##   0:00:06  Checking assertions in step 62..
SBY 11:21:56 [bmc_bmc] engine_0: ##   0:00:06  Checking assumptions in step 63..
SBY 11:21:56 [bmc_bmc] engine_0: ##   0:00:06  Checking assertions in step 63..
SBY 11:21:56 [bmc_bmc] engine_0: ##   0:00:06  Checking assumptions in step 64..
SBY 11:21:56 [bmc_bmc] engine_0: ##   0:00:06  Checking assertions in step 64..
SBY 11:21:57 [bmc_bmc] engine_0: ##   0:00:06  Checking assumptions in step 65..
SBY 11:21:57 [bmc_bmc] engine_0: ##   0:00:06  Checking assertions in step 65..
SBY 11:21:57 [bmc_bmc] engine_0: ##   0:00:06  Checking assumptions in step 66..
SBY 11:21:57 [bmc_bmc] engine_0: ##   0:00:06  Checking assertions in step 66..
SBY 11:21:57 [bmc_bmc] engine_0: ##   0:00:06  Checking assumptions in step 67..
SBY 11:21:57 [bmc_bmc] engine_0: ##   0:00:07  Checking assertions in step 67..
SBY 11:21:58 [bmc_bmc] engine_0: ##   0:00:07  Checking assumptions in step 68..
SBY 11:21:58 [bmc_bmc] engine_0: ##   0:00:07  Checking assertions in step 68..
SBY 11:21:58 [bmc_bmc] engine_0: ##   0:00:07  Checking assumptions in step 69..
SBY 11:21:58 [bmc_bmc] engine_0: ##   0:00:08  Checking assertions in step 69..
SBY 11:21:58 [bmc_bmc] engine_0: ##   0:00:08  Checking assumptions in step 70..
SBY 11:21:58 [bmc_bmc] engine_0: ##   0:00:08  Checking assertions in step 70..
SBY 11:21:58 [bmc_bmc] engine_0: ##   0:00:08  Checking assumptions in step 71..
SBY 11:21:59 [bmc_bmc] engine_0: ##   0:00:08  Checking assertions in step 71..
SBY 11:21:59 [bmc_bmc] engine_0: ##   0:00:08  Checking assumptions in step 72..
SBY 11:21:59 [bmc_bmc] engine_0: ##   0:00:08  Checking assertions in step 72..
SBY 11:21:59 [bmc_bmc] engine_0: ##   0:00:08  Checking assumptions in step 73..
SBY 11:21:59 [bmc_bmc] engine_0: ##   0:00:08  Checking assertions in step 73..
SBY 11:21:59 [bmc_bmc] engine_0: ##   0:00:09  Checking assumptions in step 74..
SBY 11:21:59 [bmc_bmc] engine_0: ##   0:00:09  Checking assertions in step 74..
SBY 11:21:59 [bmc_bmc] engine_0: ##   0:00:09  Checking assumptions in step 75..
SBY 11:22:00 [bmc_bmc] engine_0: ##   0:00:09  Checking assertions in step 75..
SBY 11:22:00 [bmc_bmc] engine_0: ##   0:00:09  Checking assumptions in step 76..
SBY 11:22:00 [bmc_bmc] engine_0: ##   0:00:09  Checking assertions in step 76..
SBY 11:22:00 [bmc_bmc] engine_0: ##   0:00:09  Checking assumptions in step 77..
SBY 11:22:00 [bmc_bmc] engine_0: ##   0:00:10  Checking assertions in step 77..
SBY 11:22:00 [bmc_bmc] engine_0: ##   0:00:10  Checking assumptions in step 78..
SBY 11:22:00 [bmc_bmc] engine_0: ##   0:00:10  Checking assertions in step 78..
SBY 11:22:01 [bmc_bmc] engine_0: ##   0:00:10  Checking assumptions in step 79..
SBY 11:22:01 [bmc_bmc] engine_0: ##   0:00:10  Checking assertions in step 79..
SBY 11:22:01 [bmc_bmc] engine_0: ##   0:00:10  Checking assumptions in step 80..
SBY 11:22:01 [bmc_bmc] engine_0: ##   0:00:10  Checking assertions in step 80..
SBY 11:22:01 [bmc_bmc] engine_0: ##   0:00:10  Checking assumptions in step 81..
SBY 11:22:01 [bmc_bmc] engine_0: ##   0:00:11  Checking assertions in step 81..
SBY 11:22:01 [bmc_bmc] engine_0: ##   0:00:11  Checking assumptions in step 82..
SBY 11:22:01 [bmc_bmc] engine_0: ##   0:00:11  Checking assertions in step 82..
SBY 11:22:01 [bmc_bmc] engine_0: ##   0:00:11  Checking assumptions in step 83..
SBY 11:22:02 [bmc_bmc] engine_0: ##   0:00:11  Checking assertions in step 83..
SBY 11:22:02 [bmc_bmc] engine_0: ##   0:00:11  Checking assumptions in step 84..
SBY 11:22:02 [bmc_bmc] engine_0: ##   0:00:11  Checking assertions in step 84..
SBY 11:22:02 [bmc_bmc] engine_0: ##   0:00:11  Checking assumptions in step 85..
SBY 11:22:02 [bmc_bmc] engine_0: ##   0:00:11  Checking assertions in step 85..
SBY 11:22:02 [bmc_bmc] engine_0: ##   0:00:12  Checking assumptions in step 86..
SBY 11:22:02 [bmc_bmc] engine_0: ##   0:00:12  Checking assertions in step 86..
SBY 11:22:02 [bmc_bmc] engine_0: ##   0:00:12  Checking assumptions in step 87..
SBY 11:22:03 [bmc_bmc] engine_0: ##   0:00:12  Checking assertions in step 87..
SBY 11:22:03 [bmc_bmc] engine_0: ##   0:00:12  Checking assumptions in step 88..
SBY 11:22:03 [bmc_bmc] engine_0: ##   0:00:12  Checking assertions in step 88..
SBY 11:22:03 [bmc_bmc] engine_0: ##   0:00:12  Checking assumptions in step 89..
SBY 11:22:03 [bmc_bmc] engine_0: ##   0:00:13  Checking assertions in step 89..
SBY 11:22:03 [bmc_bmc] engine_0: ##   0:00:13  Checking assumptions in step 90..
SBY 11:22:03 [bmc_bmc] engine_0: ##   0:00:13  Checking assertions in step 90..
SBY 11:22:04 [bmc_bmc] engine_0: ##   0:00:14  Checking assumptions in step 91..
SBY 11:22:04 [bmc_bmc] engine_0: ##   0:00:14  Checking assertions in step 91..
SBY 11:22:04 [bmc_bmc] engine_0: ##   0:00:14  Checking assumptions in step 92..
SBY 11:22:05 [bmc_bmc] engine_0: ##   0:00:14  Checking assertions in step 92..
SBY 11:22:05 [bmc_bmc] engine_0: ##   0:00:14  Checking assumptions in step 93..
SBY 11:22:05 [bmc_bmc] engine_0: ##   0:00:14  Checking assertions in step 93..
SBY 11:22:05 [bmc_bmc] engine_0: ##   0:00:15  Checking assumptions in step 94..
SBY 11:22:05 [bmc_bmc] engine_0: ##   0:00:15  Checking assertions in step 94..
SBY 11:22:05 [bmc_bmc] engine_0: ##   0:00:15  Checking assumptions in step 95..
SBY 11:22:06 [bmc_bmc] engine_0: ##   0:00:15  Checking assertions in step 95..
SBY 11:22:06 [bmc_bmc] engine_0: ##   0:00:15  Checking assumptions in step 96..
SBY 11:22:06 [bmc_bmc] engine_0: ##   0:00:15  Checking assertions in step 96..
SBY 11:22:06 [bmc_bmc] engine_0: ##   0:00:16  Checking assumptions in step 97..
SBY 11:22:06 [bmc_bmc] engine_0: ##   0:00:16  Checking assertions in step 97..
SBY 11:22:07 [bmc_bmc] engine_0: ##   0:00:16  Checking assumptions in step 98..
SBY 11:22:07 [bmc_bmc] engine_0: ##   0:00:16  Checking assertions in step 98..
SBY 11:22:07 [bmc_bmc] engine_0: ##   0:00:16  Checking assumptions in step 99..
SBY 11:22:07 [bmc_bmc] engine_0: ##   0:00:17  Checking assertions in step 99..
SBY 11:22:08 [bmc_bmc] engine_0: ##   0:00:17  Checking assumptions in step 100..
SBY 11:22:08 [bmc_bmc] engine_0: ##   0:00:17  Checking assertions in step 100..
SBY 11:22:08 [bmc_bmc] engine_0: ##   0:00:17  Checking assumptions in step 101..
SBY 11:22:08 [bmc_bmc] engine_0: ##   0:00:18  Checking assertions in step 101..
SBY 11:22:08 [bmc_bmc] engine_0: ##   0:00:18  Checking assumptions in step 102..
SBY 11:22:09 [bmc_bmc] engine_0: ##   0:00:18  Checking assertions in step 102..
SBY 11:22:09 [bmc_bmc] engine_0: ##   0:00:19  Checking assumptions in step 103..
SBY 11:22:10 [bmc_bmc] engine_0: ##   0:00:19  Checking assertions in step 103..
SBY 11:22:08 [bmc_bmc] engine_0: ##   0:00:17  Checking assumptions in step 104..
SBY 11:22:08 [bmc_bmc] engine_0: ##   0:00:18  Checking assertions in step 104..
SBY 11:22:09 [bmc_bmc] engine_0: ##   0:00:18  Checking assumptions in step 105..
SBY 11:22:09 [bmc_bmc] engine_0: ##   0:00:18  Checking assertions in step 105..
SBY 11:22:09 [bmc_bmc] engine_0: ##   0:00:18  Checking assumptions in step 106..
SBY 11:22:09 [bmc_bmc] engine_0: ##   0:00:19  Checking assertions in step 106..
SBY 11:22:10 [bmc_bmc] engine_0: ##   0:00:19  Checking assumptions in step 107..
SBY 11:22:10 [bmc_bmc] engine_0: ##   0:00:19  Checking assertions in step 107..
SBY 11:22:10 [bmc_bmc] engine_0: ##   0:00:20  Checking assumptions in step 108..
SBY 11:22:10 [bmc_bmc] engine_0: ##   0:00:20  Checking assertions in step 108..
SBY 11:22:11 [bmc_bmc] engine_0: ##   0:00:20  Checking assumptions in step 109..
SBY 11:22:11 [bmc_bmc] engine_0: ##   0:00:20  Checking assertions in step 109..
SBY 11:22:11 [bmc_bmc] engine_0: ##   0:00:21  Checking assumptions in step 110..
SBY 11:22:11 [bmc_bmc] engine_0: ##   0:00:21  Checking assertions in step 110..
SBY 11:22:12 [bmc_bmc] engine_0: ##   0:00:21  Checking assumptions in step 111..
SBY 11:22:12 [bmc_bmc] engine_0: ##   0:00:22  Checking assertions in step 111..
SBY 11:22:12 [bmc_bmc] engine_0: ##   0:00:22  Checking assumptions in step 112..
SBY 11:22:13 [bmc_bmc] engine_0: ##   0:00:22  Checking assertions in step 112..
SBY 11:22:13 [bmc_bmc] engine_0: ##   0:00:22  Checking assumptions in step 113..
SBY 11:22:13 [bmc_bmc] engine_0: ##   0:00:23  Checking assertions in step 113..
SBY 11:22:14 [bmc_bmc] engine_0: ##   0:00:23  Checking assumptions in step 114..
SBY 11:22:14 [bmc_bmc] engine_0: ##   0:00:24  Checking assertions in step 114..
SBY 11:22:15 [bmc_bmc] engine_0: ##   0:00:24  Checking assumptions in step 115..
SBY 11:22:15 [bmc_bmc] engine_0: ##   0:00:24  Checking assertions in step 115..
SBY 11:22:15 [bmc_bmc] engine_0: ##   0:00:25  Checking assumptions in step 116..
SBY 11:22:16 [bmc_bmc] engine_0: ##   0:00:25  Checking assertions in step 116..
SBY 11:22:16 [bmc_bmc] engine_0: ##   0:00:26  Checking assumptions in step 117..
SBY 11:22:17 [bmc_bmc] engine_0: ##   0:00:26  Checking assertions in step 117..
SBY 11:22:17 [bmc_bmc] engine_0: ##   0:00:27  Checking assumptions in step 118..
SBY 11:22:17 [bmc_bmc] engine_0: ##   0:00:27  Checking assertions in step 118..
SBY 11:22:18 [bmc_bmc] engine_0: ##   0:00:28  Checking assumptions in step 119..
SBY 11:22:19 [bmc_bmc] engine_0: ##   0:00:28  Checking assertions in step 119..
SBY 11:22:19 [bmc_bmc] engine_0: ##   0:00:28  Checking assumptions in step 120..
SBY 11:22:19 [bmc_bmc] engine_0: ##   0:00:29  Checking assertions in step 120..
SBY 11:22:21 [bmc_bmc] engine_0: ##   0:00:30  Checking assumptions in step 121..
SBY 11:22:21 [bmc_bmc] engine_0: ##   0:00:30  Checking assertions in step 121..
SBY 11:22:21 [bmc_bmc] engine_0: ##   0:00:31  Checking assumptions in step 122..
SBY 11:22:21 [bmc_bmc] engine_0: ##   0:00:31  Checking assertions in step 122..
SBY 11:22:22 [bmc_bmc] engine_0: ##   0:00:31  Checking assumptions in step 123..
SBY 11:22:22 [bmc_bmc] engine_0: ##   0:00:31  Checking assertions in step 123..
SBY 11:22:22 [bmc_bmc] engine_0: ##   0:00:32  Checking assumptions in step 124..
SBY 11:22:23 [bmc_bmc] engine_0: ##   0:00:32  Checking assertions in step 124..
SBY 11:22:23 [bmc_bmc] engine_0: ##   0:00:32  Checking assumptions in step 125..
SBY 11:22:23 [bmc_bmc] engine_0: ##   0:00:33  Checking assertions in step 125..
SBY 11:22:24 [bmc_bmc] engine_0: ##   0:00:33  Checking assumptions in step 126..
SBY 11:22:24 [bmc_bmc] engine_0: ##   0:00:33  Checking assertions in step 126..
SBY 11:22:24 [bmc_bmc] engine_0: ##   0:00:34  Checking assumptions in step 127..
SBY 11:22:25 [bmc_bmc] engine_0: ##   0:00:34  Checking assertions in step 127..
SBY 11:22:25 [bmc_bmc] engine_0: ##   0:00:34  Checking assumptions in step 128..
SBY 11:22:25 [bmc_bmc] engine_0: ##   0:00:35  Checking assertions in step 128..
SBY 11:22:26 [bmc_bmc] engine_0: ##   0:00:35  Checking assumptions in step 129..
SBY 11:22:26 [bmc_bmc] engine_0: ##   0:00:36  Checking assertions in step 129..
SBY 11:22:27 [bmc_bmc] engine_0: ##   0:00:36  Checking assumptions in step 130..
SBY 11:22:27 [bmc_bmc] engine_0: ##   0:00:37  Checking assertions in step 130..
SBY 11:22:28 [bmc_bmc] engine_0: ##   0:00:37  Checking assumptions in step 131..
SBY 11:22:28 [bmc_bmc] engine_0: ##   0:00:37  Checking assertions in step 131..
SBY 11:22:29 [bmc_bmc] engine_0: ##   0:00:38  Checking assumptions in step 132..
SBY 11:22:29 [bmc_bmc] engine_0: ##   0:00:38  Checking assertions in step 132..
SBY 11:22:30 [bmc_bmc] engine_0: ##   0:00:39  Checking assumptions in step 133..
SBY 11:22:30 [bmc_bmc] engine_0: ##   0:00:40  Checking assertions in step 133..
SBY 11:22:31 [bmc_bmc] engine_0: ##   0:00:40  Checking assumptions in step 134..
SBY 11:22:31 [bmc_bmc] engine_0: ##   0:00:40  Checking assertions in step 134..
SBY 11:22:32 [bmc_bmc] engine_0: ##   0:00:41  Checking assumptions in step 135..
SBY 11:22:32 [bmc_bmc] engine_0: ##   0:00:41  Checking assertions in step 135..
SBY 11:22:32 [bmc_bmc] engine_0: ##   0:00:42  Checking assumptions in step 136..
SBY 11:22:33 [bmc_bmc] engine_0: ##   0:00:42  Checking assertions in step 136..
SBY 11:22:33 [bmc_bmc] engine_0: ##   0:00:42  Checking assumptions in step 137..
SBY 11:22:33 [bmc_bmc] engine_0: ##   0:00:43  Checking assertions in step 137..
SBY 11:22:34 [bmc_bmc] engine_0: ##   0:00:44  Checking assumptions in step 138..
SBY 11:22:34 [bmc_bmc] engine_0: ##   0:00:44  Checking assertions in step 138..
SBY 11:22:35 [bmc_bmc] engine_0: ##   0:00:44  Checking assumptions in step 139..
SBY 11:22:35 [bmc_bmc] engine_0: ##   0:00:45  Checking assertions in step 139..
SBY 11:22:36 [bmc_bmc] engine_0: ##   0:00:45  Checking assumptions in step 140..
SBY 11:22:36 [bmc_bmc] engine_0: ##   0:00:45  Checking assertions in step 140..
SBY 11:22:37 [bmc_bmc] engine_0: ##   0:00:46  Checking assumptions in step 141..
SBY 11:22:37 [bmc_bmc] engine_0: ##   0:00:46  Checking assertions in step 141..
SBY 11:22:38 [bmc_bmc] engine_0: ##   0:00:47  Checking assumptions in step 142..
SBY 11:22:38 [bmc_bmc] engine_0: ##   0:00:47  Checking assertions in step 142..
SBY 11:22:39 [bmc_bmc] engine_0: ##   0:00:48  Checking assumptions in step 143..
SBY 11:22:40 [bmc_bmc] engine_0: ##   0:00:49  Checking assertions in step 143..
SBY 11:22:38 [bmc_bmc] engine_0: ##   0:00:47  Checking assumptions in step 144..
SBY 11:22:38 [bmc_bmc] engine_0: ##   0:00:47  Checking assertions in step 144..
SBY 11:22:38 [bmc_bmc] engine_0: ##   0:00:48  Checking assumptions in step 145..
SBY 11:22:39 [bmc_bmc] engine_0: ##   0:00:48  Checking assertions in step 145..
SBY 11:22:39 [bmc_bmc] engine_0: ##   0:00:49  Checking assumptions in step 146..
SBY 11:22:40 [bmc_bmc] engine_0: ##   0:00:49  Checking assertions in step 146..
SBY 11:22:40 [bmc_bmc] engine_0: ##   0:00:50  Checking assumptions in step 147..
SBY 11:22:41 [bmc_bmc] engine_0: ##   0:00:50  Checking assertions in step 147..
SBY 11:22:41 [bmc_bmc] engine_0: ##   0:00:51  Checking assumptions in step 148..
SBY 11:22:42 [bmc_bmc] engine_0: ##   0:00:51  Checking assertions in step 148..
SBY 11:22:43 [bmc_bmc] engine_0: ##   0:00:52  Checking assumptions in step 149..
SBY 11:22:43 [bmc_bmc] engine_0: ##   0:00:52  Checking assertions in step 149..
SBY 11:22:44 [bmc_bmc] engine_0: ##   0:00:53  Checking assumptions in step 150..
SBY 11:22:44 [bmc_bmc] engine_0: ##   0:00:53  Checking assertions in step 150..
SBY 11:22:45 [bmc_bmc] engine_0: ##   0:00:54  Checking assumptions in step 151..
SBY 11:22:45 [bmc_bmc] engine_0: ##   0:00:54  Checking assertions in step 151..
SBY 11:22:45 [bmc_bmc] engine_0: ##   0:00:55  Checking assumptions in step 152..
SBY 11:22:46 [bmc_bmc] engine_0: ##   0:00:55  Checking assertions in step 152..
SBY 11:22:46 [bmc_bmc] engine_0: ##   0:00:56  Checking assumptions in step 153..
SBY 11:22:47 [bmc_bmc] engine_0: ##   0:00:56  Checking assertions in step 153..
SBY 11:22:47 [bmc_bmc] engine_0: ##   0:00:56  Checking assumptions in step 154..
SBY 11:22:47 [bmc_bmc] engine_0: ##   0:00:57  Checking assertions in step 154..
SBY 11:22:48 [bmc_bmc] engine_0: ##   0:00:57  Checking assumptions in step 155..
SBY 11:22:48 [bmc_bmc] engine_0: ##   0:00:58  Checking assertions in step 155..
SBY 11:22:49 [bmc_bmc] engine_0: ##   0:00:58  Checking assumptions in step 156..
SBY 11:22:50 [bmc_bmc] engine_0: ##   0:00:59  Checking assertions in step 156..
SBY 11:22:51 [bmc_bmc] engine_0: ##   0:01:01  Checking assumptions in step 157..
SBY 11:22:52 [bmc_bmc] engine_0: ##   0:01:01  Checking assertions in step 157..
SBY 11:22:53 [bmc_bmc] engine_0: ##   0:01:02  Checking assumptions in step 158..
SBY 11:22:53 [bmc_bmc] engine_0: ##   0:01:03  Checking assertions in step 158..
SBY 11:22:54 [bmc_bmc] engine_0: ##   0:01:03  Checking assumptions in step 159..
SBY 11:22:54 [bmc_bmc] engine_0: ##   0:01:04  Checking assertions in step 159..
SBY 11:22:55 [bmc_bmc] engine_0: ##   0:01:05  Checking assumptions in step 160..
SBY 11:22:56 [bmc_bmc] engine_0: ##   0:01:05  Checking assertions in step 160..
SBY 11:22:57 [bmc_bmc] engine_0: ##   0:01:06  Checking assumptions in step 161..
SBY 11:22:57 [bmc_bmc] engine_0: ##   0:01:06  Checking assertions in step 161..
SBY 11:22:58 [bmc_bmc] engine_0: ##   0:01:07  Checking assumptions in step 162..
SBY 11:22:58 [bmc_bmc] engine_0: ##   0:01:07  Checking assertions in step 162..
SBY 11:22:59 [bmc_bmc] engine_0: ##   0:01:08  Checking assumptions in step 163..
SBY 11:22:59 [bmc_bmc] engine_0: ##   0:01:08  Checking assertions in step 163..
SBY 11:22:59 [bmc_bmc] engine_0: ##   0:01:09  Checking assumptions in step 164..
SBY 11:23:00 [bmc_bmc] engine_0: ##   0:01:09  Checking assertions in step 164..
SBY 11:23:00 [bmc_bmc] engine_0: ##   0:01:10  Checking assumptions in step 165..
SBY 11:23:01 [bmc_bmc] engine_0: ##   0:01:10  Checking assertions in step 165..
SBY 11:23:01 [bmc_bmc] engine_0: ##   0:01:11  Checking assumptions in step 166..
SBY 11:23:02 [bmc_bmc] engine_0: ##   0:01:11  Checking assertions in step 166..
SBY 11:23:03 [bmc_bmc] engine_0: ##   0:01:13  Checking assumptions in step 167..
SBY 11:23:04 [bmc_bmc] engine_0: ##   0:01:14  Checking assertions in step 167..
SBY 11:23:05 [bmc_bmc] engine_0: ##   0:01:15  Checking assumptions in step 168..
SBY 11:23:06 [bmc_bmc] engine_0: ##   0:01:15  Checking assertions in step 168..
SBY 11:23:06 [bmc_bmc] engine_0: ##   0:01:16  Checking assumptions in step 169..
SBY 11:23:07 [bmc_bmc] engine_0: ##   0:01:17  Checking assertions in step 169..
SBY 11:23:08 [bmc_bmc] engine_0: ##   0:01:17  Checking assumptions in step 170..
SBY 11:23:08 [bmc_bmc] engine_0: ##   0:01:18  Checking assertions in step 170..
SBY 11:23:09 [bmc_bmc] engine_0: ##   0:01:18  Checking assumptions in step 171..
SBY 11:23:09 [bmc_bmc] engine_0: ##   0:01:19  Checking assertions in step 171..
SBY 11:23:08 [bmc_bmc] engine_0: ##   0:01:18  Checking assumptions in step 172..
SBY 11:23:09 [bmc_bmc] engine_0: ##   0:01:18  Checking assertions in step 172..
SBY 11:23:09 [bmc_bmc] engine_0: ##   0:01:19  Checking assumptions in step 173..
SBY 11:23:10 [bmc_bmc] engine_0: ##   0:01:19  Checking assertions in step 173..
SBY 11:23:11 [bmc_bmc] engine_0: ##   0:01:20  Checking assumptions in step 174..
SBY 11:23:11 [bmc_bmc] engine_0: ##   0:01:20  Checking assertions in step 174..
SBY 11:23:12 [bmc_bmc] engine_0: ##   0:01:21  Checking assumptions in step 175..
SBY 11:23:12 [bmc_bmc] engine_0: ##   0:01:22  Checking assertions in step 175..
SBY 11:23:13 [bmc_bmc] engine_0: ##   0:01:22  Checking assumptions in step 176..
SBY 11:23:13 [bmc_bmc] engine_0: ##   0:01:23  Checking assertions in step 176..
SBY 11:23:14 [bmc_bmc] engine_0: ##   0:01:24  Checking assumptions in step 177..
SBY 11:23:15 [bmc_bmc] engine_0: ##   0:01:24  Checking assertions in step 177..
SBY 11:23:15 [bmc_bmc] engine_0: ##   0:01:25  Checking assumptions in step 178..
SBY 11:23:16 [bmc_bmc] engine_0: ##   0:01:25  Checking assertions in step 178..
SBY 11:23:17 [bmc_bmc] engine_0: ##   0:01:26  Checking assumptions in step 179..
SBY 11:23:17 [bmc_bmc] engine_0: ##   0:01:27  Checking assertions in step 179..
SBY 11:23:19 [bmc_bmc] engine_0: ##   0:01:28  Checking assumptions in step 180..
SBY 11:23:20 [bmc_bmc] engine_0: ##   0:01:29  Checking assertions in step 180..
SBY 11:23:20 [bmc_bmc] engine_0: ##   0:01:30  Checking assumptions in step 181..
SBY 11:23:21 [bmc_bmc] engine_0: ##   0:01:30  Checking assertions in step 181..
SBY 11:23:22 [bmc_bmc] engine_0: ##   0:01:31  Checking assumptions in step 182..
SBY 11:23:23 [bmc_bmc] engine_0: ##   0:01:32  Checking assertions in step 182..
SBY 11:23:24 [bmc_bmc] engine_0: ##   0:01:33  Checking assumptions in step 183..
SBY 11:23:25 [bmc_bmc] engine_0: ##   0:01:34  Checking assertions in step 183..
SBY 11:23:26 [bmc_bmc] engine_0: ##   0:01:35  Checking assumptions in step 184..
SBY 11:23:26 [bmc_bmc] engine_0: ##   0:01:36  Checking assertions in step 184..
SBY 11:23:27 [bmc_bmc] engine_0: ##   0:01:36  Checking assumptions in step 185..
SBY 11:23:28 [bmc_bmc] engine_0: ##   0:01:37  Checking assertions in step 185..
SBY 11:23:29 [bmc_bmc] engine_0: ##   0:01:38  Checking assumptions in step 186..
SBY 11:23:30 [bmc_bmc] engine_0: ##   0:01:39  Checking assertions in step 186..
SBY 11:23:30 [bmc_bmc] engine_0: ##   0:01:40  Checking assumptions in step 187..
SBY 11:23:32 [bmc_bmc] engine_0: ##   0:01:41  Checking assertions in step 187..
SBY 11:23:32 [bmc_bmc] engine_0: ##   0:01:41  Checking assumptions in step 188..
SBY 11:23:33 [bmc_bmc] engine_0: ##   0:01:42  Checking assertions in step 188..
SBY 11:23:33 [bmc_bmc] engine_0: ##   0:01:43  Checking assumptions in step 189..
SBY 11:23:34 [bmc_bmc] engine_0: ##   0:01:43  Checking assertions in step 189..
SBY 11:23:35 [bmc_bmc] engine_0: ##   0:01:44  Checking assumptions in step 190..
SBY 11:23:35 [bmc_bmc] engine_0: ##   0:01:45  Checking assertions in step 190..
SBY 11:23:36 [bmc_bmc] engine_0: ##   0:01:46  Checking assumptions in step 191..
SBY 11:23:37 [bmc_bmc] engine_0: ##   0:01:46  Checking assertions in step 191..
SBY 11:23:38 [bmc_bmc] engine_0: ##   0:01:47  Checking assumptions in step 192..
SBY 11:23:38 [bmc_bmc] engine_0: ##   0:01:48  Checking assertions in step 192..
SBY 11:23:39 [bmc_bmc] engine_0: ##   0:01:49  Checking assumptions in step 193..
SBY 11:23:37 [bmc_bmc] engine_0: ##   0:01:47  Checking assertions in step 193..
SBY 11:23:40 [bmc_bmc] engine_0: ##   0:01:49  Checking assumptions in step 194..
SBY 11:23:41 [bmc_bmc] engine_0: ##   0:01:50  Checking assertions in step 194..
SBY 11:23:42 [bmc_bmc] engine_0: ##   0:01:51  Checking assumptions in step 195..
SBY 11:23:43 [bmc_bmc] engine_0: ##   0:01:52  Checking assertions in step 195..
SBY 11:23:44 [bmc_bmc] engine_0: ##   0:01:53  Checking assumptions in step 196..
SBY 11:23:45 [bmc_bmc] engine_0: ##   0:01:54  Checking assertions in step 196..
SBY 11:23:46 [bmc_bmc] engine_0: ##   0:01:55  Checking assumptions in step 197..
SBY 11:23:46 [bmc_bmc] engine_0: ##   0:01:56  Checking assertions in step 197..
SBY 11:23:47 [bmc_bmc] engine_0: ##   0:01:56  Checking assumptions in step 198..
SBY 11:23:47 [bmc_bmc] engine_0: ##   0:01:57  Checking assertions in step 198..
SBY 11:23:49 [bmc_bmc] engine_0: ##   0:01:58  Checking assumptions in step 199..
SBY 11:23:49 [bmc_bmc] engine_0: ##   0:01:58  Checking assertions in step 199..
SBY 11:23:50 [bmc_bmc] engine_0: ##   0:02:00  Checking assumptions in step 200..
SBY 11:23:51 [bmc_bmc] engine_0: ##   0:02:00  Checking assertions in step 200..
SBY 11:23:52 [bmc_bmc] engine_0: ##   0:02:01  Checking assumptions in step 201..
SBY 11:23:52 [bmc_bmc] engine_0: ##   0:02:02  Checking assertions in step 201..
SBY 11:23:53 [bmc_bmc] engine_0: ##   0:02:03  Checking assumptions in step 202..
SBY 11:23:54 [bmc_bmc] engine_0: ##   0:02:03  Checking assertions in step 202..
SBY 11:23:55 [bmc_bmc] engine_0: ##   0:02:04  Checking assumptions in step 203..
SBY 11:23:55 [bmc_bmc] engine_0: ##   0:02:05  Checking assertions in step 203..
SBY 11:23:56 [bmc_bmc] engine_0: ##   0:02:06  Checking assumptions in step 204..
SBY 11:23:57 [bmc_bmc] engine_0: ##   0:02:06  Checking assertions in step 204..
SBY 11:23:58 [bmc_bmc] engine_0: ##   0:02:07  Checking assumptions in step 205..
SBY 11:23:59 [bmc_bmc] engine_0: ##   0:02:08  Checking assertions in step 205..
SBY 11:24:01 [bmc_bmc] engine_0: ##   0:02:10  Checking assumptions in step 206..
SBY 11:24:02 [bmc_bmc] engine_0: ##   0:02:11  Checking assertions in step 206..
SBY 11:24:03 [bmc_bmc] engine_0: ##   0:02:12  Checking assumptions in step 207..
SBY 11:24:03 [bmc_bmc] engine_0: ##   0:02:13  Checking assertions in step 207..
SBY 11:24:05 [bmc_bmc] engine_0: ##   0:02:14  Checking assumptions in step 208..
SBY 11:24:05 [bmc_bmc] engine_0: ##   0:02:15  Checking assertions in step 208..
SBY 11:24:06 [bmc_bmc] engine_0: ##   0:02:15  Checking assumptions in step 209..
SBY 11:24:07 [bmc_bmc] engine_0: ##   0:02:16  Checking assertions in step 209..
SBY 11:24:07 [bmc_bmc] engine_0: ##   0:02:17  Checking assumptions in step 210..
SBY 11:24:08 [bmc_bmc] engine_0: ##   0:02:17  Checking assertions in step 210..
SBY 11:24:09 [bmc_bmc] engine_0: ##   0:02:18  Checking assumptions in step 211..
SBY 11:24:09 [bmc_bmc] engine_0: ##   0:02:18  Checking assertions in step 211..
SBY 11:24:08 [bmc_bmc] engine_0: ##   0:02:17  Checking assumptions in step 212..
SBY 11:24:09 [bmc_bmc] engine_0: ##   0:02:18  Checking assertions in step 212..
SBY 11:24:10 [bmc_bmc] engine_0: ##   0:02:19  Checking assumptions in step 213..
SBY 11:24:11 [bmc_bmc] engine_0: ##   0:02:20  Checking assertions in step 213..
SBY 11:24:11 [bmc_bmc] engine_0: ##   0:02:21  Checking assumptions in step 214..
SBY 11:24:12 [bmc_bmc] engine_0: ##   0:02:21  Checking assertions in step 214..
SBY 11:24:13 [bmc_bmc] engine_0: ##   0:02:23  Checking assumptions in step 215..
SBY 11:24:14 [bmc_bmc] engine_0: ##   0:02:23  Checking assertions in step 215..
SBY 11:24:15 [bmc_bmc] engine_0: ##   0:02:24  Checking assumptions in step 216..
SBY 11:24:15 [bmc_bmc] engine_0: ##   0:02:25  Checking assertions in step 216..
SBY 11:24:17 [bmc_bmc] engine_0: ##   0:02:26  Checking assumptions in step 217..
SBY 11:24:17 [bmc_bmc] engine_0: ##   0:02:27  Checking assertions in step 217..
SBY 11:24:18 [bmc_bmc] engine_0: ##   0:02:27  Checking assumptions in step 218..
SBY 11:24:19 [bmc_bmc] engine_0: ##   0:02:28  Checking assertions in step 218..
SBY 11:24:22 [bmc_bmc] engine_0: ##   0:02:31  Checking assumptions in step 219..
SBY 11:24:23 [bmc_bmc] engine_0: ##   0:02:33  Checking assertions in step 219..
SBY 11:24:24 [bmc_bmc] engine_0: ##   0:02:33  Checking assumptions in step 220..
SBY 11:24:25 [bmc_bmc] engine_0: ##   0:02:34  Checking assertions in step 220..
SBY 11:24:25 [bmc_bmc] engine_0: ##   0:02:35  Checking assumptions in step 221..
SBY 11:24:26 [bmc_bmc] engine_0: ##   0:02:35  Checking assertions in step 221..
SBY 11:24:27 [bmc_bmc] engine_0: ##   0:02:36  Checking assumptions in step 222..
SBY 11:24:27 [bmc_bmc] engine_0: ##   0:02:37  Checking assertions in step 222..
SBY 11:24:28 [bmc_bmc] engine_0: ##   0:02:37  Checking assumptions in step 223..
SBY 11:24:29 [bmc_bmc] engine_0: ##   0:02:38  Checking assertions in step 223..
SBY 11:24:30 [bmc_bmc] engine_0: ##   0:02:39  Checking assumptions in step 224..
SBY 11:24:30 [bmc_bmc] engine_0: ##   0:02:40  Checking assertions in step 224..
SBY 11:24:31 [bmc_bmc] engine_0: ##   0:02:41  Checking assumptions in step 225..
SBY 11:24:32 [bmc_bmc] engine_0: ##   0:02:41  Checking assertions in step 225..
SBY 11:24:33 [bmc_bmc] engine_0: ##   0:02:42  Checking assumptions in step 226..
SBY 11:24:33 [bmc_bmc] engine_0: ##   0:02:43  Checking assertions in step 226..
SBY 11:24:34 [bmc_bmc] engine_0: ##   0:02:44  Checking assumptions in step 227..
SBY 11:24:35 [bmc_bmc] engine_0: ##   0:02:44  Checking assertions in step 227..
SBY 11:24:36 [bmc_bmc] engine_0: ##   0:02:45  Checking assumptions in step 228..
SBY 11:24:37 [bmc_bmc] engine_0: ##   0:02:46  Checking assertions in step 228..
SBY 11:24:37 [bmc_bmc] engine_0: ##   0:02:47  Checking assumptions in step 229..
SBY 11:24:38 [bmc_bmc] engine_0: ##   0:02:47  Checking assertions in step 229..
SBY 11:24:39 [bmc_bmc] engine_0: ##   0:02:48  Checking assumptions in step 230..
SBY 11:24:37 [bmc_bmc] engine_0: ##   0:02:46  Checking assertions in step 230..
SBY 11:24:38 [bmc_bmc] engine_0: ##   0:02:48  Checking assumptions in step 231..
SBY 11:24:39 [bmc_bmc] engine_0: ##   0:02:48  Checking assertions in step 231..
SBY 11:24:40 [bmc_bmc] engine_0: ##   0:02:49  Checking assumptions in step 232..
SBY 11:24:41 [bmc_bmc] engine_0: ##   0:02:50  Checking assertions in step 232..
SBY 11:24:42 [bmc_bmc] engine_0: ##   0:02:51  Checking assumptions in step 233..
SBY 11:24:43 [bmc_bmc] engine_0: ##   0:02:52  Checking assertions in step 233..
SBY 11:24:46 [bmc_bmc] engine_0: ##   0:02:55  Checking assumptions in step 234..
SBY 11:24:47 [bmc_bmc] engine_0: ##   0:02:57  Checking assertions in step 234..
SBY 11:24:49 [bmc_bmc] engine_0: ##   0:02:58  Checking assumptions in step 235..
SBY 11:24:49 [bmc_bmc] engine_0: ##   0:02:59  Checking assertions in step 235..
SBY 11:24:50 [bmc_bmc] engine_0: ##   0:03:00  Checking assumptions in step 236..
SBY 11:24:51 [bmc_bmc] engine_0: ##   0:03:00  Checking assertions in step 236..
SBY 11:24:52 [bmc_bmc] engine_0: ##   0:03:01  Checking assumptions in step 237..
SBY 11:24:53 [bmc_bmc] engine_0: ##   0:03:02  Checking assertions in step 237..
SBY 11:24:54 [bmc_bmc] engine_0: ##   0:03:03  Checking assumptions in step 238..
SBY 11:24:55 [bmc_bmc] engine_0: ##   0:03:04  Checking assertions in step 238..
SBY 11:24:56 [bmc_bmc] engine_0: ##   0:03:05  Checking assumptions in step 239..
SBY 11:24:57 [bmc_bmc] engine_0: ##   0:03:07  Checking assertions in step 239..
SBY 11:24:58 [bmc_bmc] engine_0: ##   0:03:08  Checking assumptions in step 240..
SBY 11:25:00 [bmc_bmc] engine_0: ##   0:03:09  Checking assertions in step 240..
SBY 11:25:01 [bmc_bmc] engine_0: ##   0:03:10  Checking assumptions in step 241..
SBY 11:25:02 [bmc_bmc] engine_0: ##   0:03:11  Checking assertions in step 241..
SBY 11:25:03 [bmc_bmc] engine_0: ##   0:03:12  Checking assumptions in step 242..
SBY 11:25:03 [bmc_bmc] engine_0: ##   0:03:13  Checking assertions in step 242..
SBY 11:25:04 [bmc_bmc] engine_0: ##   0:03:13  Checking assumptions in step 243..
SBY 11:25:05 [bmc_bmc] engine_0: ##   0:03:14  Checking assertions in step 243..
SBY 11:25:06 [bmc_bmc] engine_0: ##   0:03:15  Checking assumptions in step 244..
SBY 11:25:06 [bmc_bmc] engine_0: ##   0:03:16  Checking assertions in step 244..
SBY 11:25:07 [bmc_bmc] engine_0: ##   0:03:17  Checking assumptions in step 245..
SBY 11:25:08 [bmc_bmc] engine_0: ##   0:03:17  Checking assertions in step 245..
SBY 11:25:07 [bmc_bmc] engine_0: ##   0:03:16  Checking assumptions in step 246..
SBY 11:25:07 [bmc_bmc] engine_0: ##   0:03:17  Checking assertions in step 246..
SBY 11:25:08 [bmc_bmc] engine_0: ##   0:03:18  Checking assumptions in step 247..
SBY 11:25:09 [bmc_bmc] engine_0: ##   0:03:19  Checking assertions in step 247..
SBY 11:25:10 [bmc_bmc] engine_0: ##   0:03:20  Checking assumptions in step 248..
SBY 11:25:11 [bmc_bmc] engine_0: ##   0:03:20  Checking assertions in step 248..
SBY 11:25:14 [bmc_bmc] engine_0: ##   0:03:23  Checking assumptions in step 249..
SBY 11:25:15 [bmc_bmc] engine_0: ##   0:03:25  Checking assertions in step 249..
SBY 11:25:16 [bmc_bmc] engine_0: ##   0:03:26  Checking assumptions in step 250..
SBY 11:25:18 [bmc_bmc] engine_0: ##   0:03:27  Checking assertions in step 250..
SBY 11:25:19 [bmc_bmc] engine_0: ##   0:03:28  Checking assumptions in step 251..
SBY 11:25:21 [bmc_bmc] engine_0: ##   0:03:30  Checking assertions in step 251..
SBY 11:25:22 [bmc_bmc] engine_0: ##   0:03:31  Checking assumptions in step 252..
SBY 11:25:23 [bmc_bmc] engine_0: ##   0:03:32  Checking assertions in step 252..
SBY 11:25:24 [bmc_bmc] engine_0: ##   0:03:33  Checking assumptions in step 253..
SBY 11:25:25 [bmc_bmc] engine_0: ##   0:03:34  Checking assertions in step 253..
SBY 11:25:26 [bmc_bmc] engine_0: ##   0:03:35  Checking assumptions in step 254..
SBY 11:25:27 [bmc_bmc] engine_0: ##   0:03:36  Checking assertions in step 254..
SBY 11:25:28 [bmc_bmc] engine_0: ##   0:03:37  Checking assumptions in step 255..
SBY 11:25:29 [bmc_bmc] engine_0: ##   0:03:38  Checking assertions in step 255..
SBY 11:25:30 [bmc_bmc] engine_0: ##   0:03:39  Checking assumptions in step 256..
SBY 11:25:31 [bmc_bmc] engine_0: ##   0:03:40  Checking assertions in step 256..
SBY 11:25:32 [bmc_bmc] engine_0: ##   0:03:41  Checking assumptions in step 257..
SBY 11:25:33 [bmc_bmc] engine_0: ##   0:03:42  Checking assertions in step 257..
SBY 11:25:34 [bmc_bmc] engine_0: ##   0:03:43  Checking assumptions in step 258..
SBY 11:25:35 [bmc_bmc] engine_0: ##   0:03:44  Checking assertions in step 258..
SBY 11:25:36 [bmc_bmc] engine_0: ##   0:03:45  Checking assumptions in step 259..
SBY 11:25:36 [bmc_bmc] engine_0: ##   0:03:46  Checking assertions in step 259..
SBY 11:25:38 [bmc_bmc] engine_0: ##   0:03:47  Status: passed
SBY 11:25:38 [bmc_bmc] engine_0: finished (returncode=0)
SBY 11:25:38 [bmc_bmc] engine_0: Status returned by engine: pass
SBY 11:25:38 [bmc_bmc] summary: Elapsed clock time [H:MM:SS (secs)]: 0:04:05 (245)
SBY 11:25:38 [bmc_bmc] summary: Elapsed process time [H:MM:SS (secs)]: 0:03:48 (228)
SBY 11:25:38 [bmc_bmc] summary: engine_0 (smtbmc boolector) returned pass
SBY 11:25:38 [bmc_bmc] summary: engine_0 did not produce any traces
SBY 11:25:38 [bmc_bmc] DONE (PASS, rc=0)
----- mlp_unit rc=0
REFORMAL_DONE
