3F4E
BF64
3EFA
3EDC
BFC2
3CEB
3F48
BE87
3EC4
BEDF
BF74
3CF4
BDFF
BD2D
BED4
3E68
BEEA
3C8C
BD09
BF3B
3F19
3EA4
3F0C
BFBD
3F93
3FAD
BF63
BEB4
3F3E
BF13
BDD5
BE11
BF91
BF8C
3EFE
3F27
BE49
3B5C
BED0
C015
3F27
BDEF
BF26
3F69
3FBD
BF1C
BF2F
BF8B
BFB9
3B9E
BF2D
3FEC
3EB1
BD18
BEAF
BEFC
3F0D
BF4A
3EF5
BF9C
3EFE
BED5
BFEC
3FAA
3EC3
3E92
BE41
BC9F
3F3D
3F9E
3FFC
C00D
3FE7
BEC7
BF8F
3F82
BF81
3EEB
BE6A
BED4
C011
3EE9
3F9E
BEAD
BF8F
3F74
3FDF
C03A
BF15
3F83
3F58
3ECC
3F52
3FAB
BF1A
BED0
3E52
BF94
3FC3
3EAB
3FE2
3EE8
3FDB
3ED8
3F93
BEF7
3FD4
3FA8
3FB5
3E25
3F97
BE30
BD9E
3F0D
BF73
3F8B
3EB2
BF02
3F38
3EA4
3ECA
BE0B
3E73
BF2C
BED7
3FB6
3EA6
BEB7
BDB2
C01D
3F03
3FCC
3F13
3F31
3FDC
BEE0
3BD2
3FA4
BF35
3F25
3FC2
3F7E
BD94
3FDC
BF3A
3EF7
3F2A
3F4C
BFCD
BFB8
BFF3
3FAD
3F28
BE97
3E6D
3F4F
3FDE
BE90
3F9C
3DF5
3D1F
BF07
C001
BE95
3E29
BF15
3E01
BE3F
BFA9
BF86
BFA0
3D97
3FD7
3E29
BE97
3EF3
3F96
BE43
3FB0
BEF1
3E89
BDE1
3E8A
BF77
BEF9
3F85
3F8F
3F59
BE50
3F02
3F12
BFA7
BED6
3D64
BF03
BF2F
3D52
3FA1
3F0D
BFB3
BF96
C019
BF90
BFA8
BEE9
BE5B
3F90
3F3B
4004
3E9A
3FAE
3E6E
3C5D
BEC5
BF01
BE42
BFAA
3EF1
3EE3
3EBA
3F25
3FA6
3DF1
3DF4
BDFC
BFA5
BEFC
3F86
3F20
BF94
3E94
3F0E
C013
3E14
BF16
4011
3F46
3E97
BF92
3F2C
BF00
3F30
BF7E
BF03
BE59
3EF1
3F72
BF9B
BC9E
3EB7
3F5E
3FB0
BE54
3F00
3C91
400E
3F63
BCBB
BEB1
BF0F
3F87
3F7A
BF8D
BFA3
3D8C
3CD7
BF8B
3D5D
3F31
3F6B
3EA1
BEFA
BF6B
3F8F
3F66
BF8F
BF5C
3F42
BF3C
3EF0
3F93
3FB5
BDE7
3F46
3EC6
3EA1
BF4C
BF34
3E92
3EFB
3FC8
3E9A
BF4E
BEBE
3E25
3F23
3F8D
BEAA
BDAD
BF1C
BF9D
BF85
BFC3
BF09
3FA4
3FE1
BF88
BDA7
3CF0
3EBC
3E3A
3F8D
BED3
3F29
3F5E
3EB8
3F16
BE1C
3F2E
BFCF
3FA4
3F92
3F20
4028
3F31
3FA0
3EDB
BF86
3F33
3C9A
4020
C003
BF34
3D89
BE83
3FE7
BF04
BEDD
3F9B
BF6D
3F99
BF67
BFC7
3F26
BEAC
BEE4
3FDF
BF4C
3F1B
3F22
BE15
BE60
3F8A
BF87
BDC5
BFC1
BF6F
BE48
3F02
BEC2
3F8A
3F84
3F87
3EFB
3B6C
3D83
3FA9
BEC0
BF9B
3EDC
3FBA
3F18
BF1A
3D83
BF91
BF39
3E2F
3F6D
3EF7
3F26
3E29
BE4C
BFE8
C004
3FFA
3F70
3F98
BF7D
3F2E
3EC6
BEA0
3EA3
3E86
BE95
3F3F
BD5E
3F57
BE00
BFB3
3FDC
BEF5
BF50
3EC3
BEC2
BFCD
BF26
3B97
BF98
BF02
3E77
BDEF
BC15
BF6A
BE32
BFF7
BDB6
BF1D
3EBC
BFB5
BF82
BE1E
4024
BF34
BFFD
3FD3
BE82
BFA7
3F57
C013
3E22
BFC5
BF3A
3F6C
3DB7
BE95
3FB2
3CEE
BF3C
BF86
3D2B
3F30
C03C
BEEC
BEB5
BF83
C00A
BF20
3F71
3E82
3DC9
3FA8
3F38
3D88
3F9B
3F3A
3F25
BF30
3F89
402F
BEC5
3E69
3EC9
C001
BE4A
3F2C
3ED1
3F73
BE6A
3F4C
BFDF
3F74
BFDD
BF9C
3F7C
3F36
3F73
3F43
3EC3
3EAB
BE4C
4042
BF0B
3F3C
BE2E
BD9C
BD6B
BE0E
BF81
3F87
BFAA
BFCB
3E4E
BF2D
3F91
BF2A
3F4C
3FDF
3F79
3F25
3FE5
BFE4
BE79
3F7F
4005
BD35
3F60
BF22
3F65
403D
BE51
3FE6
3E71
3F10
BEB0
3EEB
3F9B
3F67
3F09
BED4
3E25
3F3E
3F13
3F2E
BF8C
3F9E
3BBC
BF69
3E7F
BB62
BFB5
3F1B
3F7E
BFAB
3E8A
3E64
BFAA
3DA9
BE72
BF76
BF76
BEC8
BEAC
BE95
3F60
3FD0
3F7B
3F6F
BEAE
3EFF
3F75
3F3B
BF23
BF12
3F58
BE05
3FAC
BF42
3E48
BEA2
3FB3
3D5B
BF23
3E53
3E52
BFA3
BFAF
3F4F
3F15
3F99
4003
BF58
BD71
BFD0
BE8E
C00D
3FC7
3F4F
BF76
BF36
3FFA
BE54
3E1A
3F5D
3F06
4033
3F8F
3F99
BE2F
3FDA
3F23
BF30
BFA4
BD8F
BF56
3F6D
3EDD
BEA9
3F94
403C
3F2A
BFAF
4005
3F78
BEA9
3F5B
BEC7
4002
4007
3EC4
BE93
3FAA
BF6D
3E6E
BE68
3FD1
BE15
3DEB
3F58
BF91
BED2
BF36
3EC6
BFE5
BF88
3ED1
3E2A
BFE2
BF9B
BF92
3ED6
3F3A
BFA5
3E5D
3F7F
BF04
BF1F
3ED8
BF4E
BE6A
BF7C
BFF9
BEFC
3EE7
3EE9
BFE1
3FE2
3FDA
3DDC
3F92
BE93
BE87
3F1B
BD82
BBC6
3F9E
BEA2
BE0D
3E22
3E5D
BF8C
BED5
BF34
3F05
BA3A
3FBC
3E77
3DE6
3F16
3FB1
3E91
3F9F
3FC4
BF1A
3F04
3FE4
BF3B
3EB6
3D10
BE9D
3F80
3EA6
3ECA
BEAE
3D97
BF66
3F43
BFAB
C010
BE50
BE88
3E5C
3F4D
BF52
4009
BF00
3C42
3F00
3F0C
BE09
400D
3F4D
3AA9
BC96
3EBB
BF99
3EB0
3F87
3EC6
BF1E
BFAC
BF09
3E82
3FC7
3F8B
3D6C
3FEE
3DDC
BEEC
BF5D
3F9A
3EC8
3BE0
3DCD
3DA1
BF8D
C010
3D33
BEB1
3EB9
BF19
BF84
BF80
BECB
3EE9
BF07
BF83
3FDD
3FC2
3E74
BE51
BF0F
3EA7
3E7B
BF1F
3E4A
BFB5
BF03
3FA6
3F5C
3F6D
BF60
3FC5
3F5A
BF1E
BEE0
3E11
BDA1
3EA1
3F59
BF86
3F3B
BFAD
BFC6
3F96
3ECC
3F05
3FCC
C030
3E97
BF1F
3EC1
3E30
BF5C
3EB9
3FC6
3FA3
3EB4
3ECC
BE2A
3EA7
BF61
3FC0
3F14
3FD1
BF07
BD8C
BF0B
3F5D
3EDB
BE4B
BF93
BF5C
3FC3
3F6F
BE8C
BF62
BDA0
3EE8
4004
3F07
BEDC
BD56
4016
BF18
3FB7
BF0A
3D90
C006
BC3B
BE03
3F98
C004
3E5D
BF6A
3F62
3FC6
BEDE
BF66
BF07
BF32
3F47
BFBE
3CBB
3ECD
3E87
3EB9
3ED1
3E45
BF70
BE15
3F90
BE87
BE26
BE13
BE57
BF3E
BF5D
BF68
BF59
3FB3
BEDA
3FEA
3F73
3E94
3DDF
3DCF
BF02
BE69
3F56
BE2D
BD9C
3EAF
BE1D
3F46
3F08
BF18
BE6C
4015
BF57
BFE6
BF07
BF2F
BF65
BEDC
BF8B
3C0F
BF26
BEFF
3D3A
3D29
BF47
3EF4
BF93
BEF1
BFE1
3FBB
4018
3E94
BF1A
BECC
3FAE
BFA2
3F77
3F62
BF4A
3FC5
BF86
3DC1
BF0E
3F8A
BEF4
BEB1
3F6A
BF1E
4005
3FC3
BFD8
3F19
3FF7
BFCE
3BAD
BFD4
3EEE
BF1B
3FBE
C00C
3FB5
BF3B
BF9F
BF53
3DB7
BFC8
3F4E
BF81
3EE9
BEA1
BF2C
3F4C
3FCB
BF04
3DD7
BFF9
3FC3
3EA6
BEBE
BFB0
3F2A
BD9B
BF0E
3D71
BEEB
BF71
3FC8
BFF7
3F55
3F8A
3F52
3EBA
BF56
BF13
3E06
BED5
3DD7
BFD2
BF35
BE37
3FB9
BF2B
3FB1
3FC0
3F4B
3D61
BDF8
BEFC
C033
3D8C
BF46
3E8C
BF39
3E84
BF9D
BEF9
BEF4
3F02
3DAC
3E8A
3EBA
BFAE
3ED0
3E8F
BE90
3BE3
3F3C
BF8E
3F26
BE34
BFB8
3FF1
3FFC
3F17
3F86
BF7C
3D96
BF3E
3EEF
3FE9
C01C
BE8F
3F2D
BE98
BC43
3F7B
3FA7
3F3B
BF71
BF3A
3DAB
BDF3
3F1B
3F49
400F
3F7B
C002
3EC2
3F43
3ED0
BF46
BF1B
BF2D
BDDB
BFC1
3FCE
BF0B
3EE7
3FD1
3EE8
BD0F
3CE5
BDD9
3E17
BD56
3EBA
3E18
3F49
BE06
BE77
BF24
3FA0
3E35
3FD1
BF73
BF27
BFC6
BF95
C003
3F05
3FAB
BE59
3E93
BE73
400C
BEEC
BF8A
4027
3F1F
3F4B
3EEF
BD92
BF20
3FB9
BF06
3E13
BFB0
3FB2
3FAD
BFEC
BF15
BF8C
3F40
3F31
BE63
BF88
BED4
BE80
BF33
3ED6
3FB1
BFDF
3ED3
3DB9
3DC1
BF2D
BE4C
3FF2
3F82
BEC7
3EDD
3F21
BFEE
BF7C
BF7A
BEFF
BED2
C00F
3FBD
BF5E
3F4F
BFC3
BCFA
BF93
3F05
3F30
BF7E
3F1E
3FC3
BFDB
3EE7
BF54
BF50
BE92
BF5F
3F51
3E96
BF72
BEFF
3DF0
4007
BFC4
BEB4
BFCA
3F8E
BF70
3FE0
BE0A
BEFC
BF3D
3E7C
3F1A
BF1A
BF28
3FBB
3DAA
BF06
3E86
3E0E
BF9B
3E7C
3EAA
BF27
BFF9
BE66
3D3A
3F96
BF15
3DFB
3F21
3F9B
BF01
3F44
BE8B
3EB5
3FD9
3D9B
BE5F
3FD7
3E86
BF54
3FBA
BF0D
3FFA
BFD1
BEAA
BF87
BF0C
BFA4
BF39
3E3C
3F30
3FB8
3E94
BC81
3E9A
BF9A
3F46
3CCC
3FE6
BEBA
3FBD
3F92
3E83
BEB6
3FBA
3EF0
BD96
3E2C
3F28
3D38
BF18
BF86
C021
BFA1
BF7F
3F6F
BF4A
3F4A
3F19
3F8E
3F0B
BDE9
3DFA
BF34
BE8A
3F04
3F01
3EB9
3F42
BEBC
BF0C
BF10
3F2B
BF9A
3E7E
BB3E
3EF9
3FDF
3FC2
3FCE
BFA5
3FF1
3FEB
3E12
4002
BFC3
3F27
3EAC
BF2B
3FB7
BEE6
3E89
3EAC
BF5A
BE6A
C028
3F82
BF80
3EB8
3EC7
3FC1
BF5D
3F1C
3FDA
3EC4
3F8F
3FA6
3DCF
3FD2
3EAA
3F6D
BF3F
C000
3CF2
BF04
3DBD
3F79
BF33
BF6F
BF42
3F09
3F67
3E1E
BEA6
BF78
3F19
3F08
BEF4
C014
BFAC
3E42
BEBE
3ED7
BF84
4003
BF58
BF3F
BE22
3ECE
3DA0
BEF4
BDDC
BF64
3FB3
BF87
BF50
3E80
BD54
BF84
3F1B
BE88
3E64
3F0E
3F14
3F6C
3F01
BF35
3F30
BF2A
BFB1
3C64
3FF4
BF2E
3F92
BF4A
BF63
BF91
BF79
BD9E
C02C
BF3F
3DBC
3F67
3F8F
3FBD
3DD7
3E6B
BDE1
3C9A
3E92
BF14
3F86
3D57
3E98
3F98
C007
3EB4
BEB0
3F63
3F81
BDD2
BE0D
BF45
BFA6
3F35
3ACF
BF91
BEE8
3F35
3F5A
BFAC
BFA8
3FA2
3E17
BDF7
3EC6
3C36
3DBD
BE03
BE9C
3DD2
BF2A
BFA1
3EC4
3EA7
3F40
3F36
BC9D
BFCE
3F83
BF1E
3B6E
3FBA
3F6E
BE87
3FAA
4012
3F2B
C037
BE66
BFD9
BEAE
BEA7
3E8A
BEC7
3F36
3D67
3F9D
3F49
3E42
3E29
3EE9
BEB4
3F55
3DB8
3F88
BF0B
3CCA
BEA5
3E2D
3C4D
3EF1
3F1F
BD17
BEF5
BF15
BF59
3FBD
3F6E
3F7D
BEB9
3FEE
3F02
3D6D
3F1D
3ED6
BFA7
BF34
3FC3
BFD4
3FB6
BF62
3F2A
3F79
3F81
BE92
3F18
3F5D
BF4A
3EBB
BD45
BC9F
BF83
BFA7
3F56
3CF1
3FAE
3F4C
C02E
BFBE
3EF7
3FFE
3EB4
BFA2
3FB8
BFAD
3FB0
BDF2
BDCA
BFD4
3F84
BF10
3FA4
3DA1
BF2F
3E36
BEED
BFA4
3EC5
3F54
BF26
3EE1
3FA1
BE3D
3DDB
3F19
3F1B
BD98
BF92
BDFB
3F81
BF35
BEB0
BF96
3E83
3F93
3E92
3E61
3F0A
3F61
3F33
3EA6
3FC1
BD45
BCFC
3D52
BEC4
BEB7
BF8D
3FDB
BF7C
3E56
BF7E
BED3
BEBA
3E61
3F74
BF2D
BF80
BF26
3F21
C065
3EBB
BEE6
3E65
BF9F
BD76
BFC2
BF04
BC0A
3FD0
BFC7
3ED8
BDDB
3F74
3F86
3FF6
3ED5
3F7B
BE61
3F98
BF57
3EE0
3E8C
BE89
3E43
3ED1
BFCE
BFA2
3F51
400F
3F27
BDCA
3F81
3F23
3F94
BEF0
3FFB
BDCB
3D15
3E8A
3E9D
BFB9
C00C
3E52
3F02
3FE9
BF85
3F52
3F06
3E0F
BFCE
BF47
BFBA
3F37
3F0C
3F25
3FDA
3E8B
BD99
3F07
3EEC
3E9D
BED5
BE22
BE92
3F7A
BF87
3FB3
400A
BD8B
BDFA
BF57
BF99
3E1E
BF26
401C
3F9E
BF84
3F2D
BF98
3EBD
3F93
4004
BEDD
BFF3
3EC5
3FD9
BECB
3F4A
BF85
BF82
C006
3F29
BE97
3F62
3E0D
BF30
3F32
BF27
3FBD
3EE6
3EAE
3D35
BFB7
3B97
3E9E
BF61
BE88
BDC4
3F87
BF55
3E8C
3F8B
BE3D
BF82
BF4C
BE55
3F0B
3F35
3FA1
BE4F
3F20
3DF2
BF0E
3E2B
3E80
3E64
3F38
BE18
3F0B
3FB0
3F8E
BE5F
BF83
BF87
BFCB
BF28
BF12
BF88
3EEB
C02F
3F15
BF30
BFC2
3F17
3F24
BF48
3D82
3F14
3FA3
BF3D
BE55
BF6D
3F6D
C006
BF2D
BFBE
3EF2
3F29
BF49
3EA6
C01A
3ECD
3F35
3EEA
BFFD
BF3F
3D80
401C
BF9E
3CE2
BF88
BF05
4031
BF7B
BF9E
BD1F
BF12
C028
3FBD
C02A
BEA5
BF09
BEB6
3E56
3F9A
3FB9
BE9B
3F91
3FC7
BF3E
BEE2
3E51
BDD6
3E36
3E20
BE83
BEFA
BE15
3F17
3FDF
BF94
3F06
3F62
3F8D
3F65
3F42
BF77
BE03
3F3B
BFAA
3F39
3F97
3FA9
BE5F
BB90
3F52
3FB0
3DA8
BF6D
BDD9
3F95
3FA9
3F34
BFAC
3F53
3E29
BDA4
3E4D
3F8B
BEA7
4017
3D88
3E66
BF39
3FBB
3F9A
BF05
3EFB
3E6E
BE09
3E19
3FB3
BE8F
BE16
BF28
3EC0
BE8A
3FE8
3EB9
BF33
3D4C
BE9F
BF33
BF16
BF35
3F98
3FDC
3E05
3F82
3FD8
3CD1
3D99
3ED2
3D61
3F6C
BE21
BE5B
BF23
3FA2
3F94
BF92
BF1A
BF9A
C008
3FDC
BE64
3E9E
3C95
3FB0
BEF0
BFEE
3F43
4000
BF5B
3F03
BEF3
BF08
BEF9
BEE8
3EEA
C004
BE2B
3F2A
BF88
3FA9
3ECE
BFD7
3E2F
3F8C
3F9C
3F0D
3F48
C005
3ED1
3DA7
BE01
3E5A
BFBA
BF79
3F67
BFC5
BE99
BE4B
3FB9
3F09
3DEF
C01A
BF8C
3EC3
BE24
BF11
BF48
3FAF
BF06
3F57
BE87
BF25
3F18
BFD8
3F44
3EBF
3F13
BE88
3F21
3DDD
BE89
3FB6
3DEE
BF80
3F94
4002
3E36
3EEA
3F1D
BF87
BD7A
3F1D
3D9B
3EDB
3E83
BF86
BFC2
3F73
3F6F
BFE7
BEB9
3EBB
3E2C
3E54
BF87
3F9D
3FF3
3F27
3F8B
3D54
3F1F
3F25
3F53
BF7F
BF92
3EB1
3DCF
BF2E
BDE2
C006
BF50
3F30
3EEF
3E7D
3DDA
3E81
3EBC
3F59
C024
3EB3
BF61
BFBF
3F75
BE3F
BFAE
3F2E
3DE7
BF7C
BF94
3FAA
3E94
BE98
BD2F
3FD1
BF16
BEDC
3F6D
3E72
BF67
BE83
BF97
4023
BF78
3EBF
3CE7
BF86
3F9D
BE10
3EE4
BF36
3D8C
BFF1
BF42
BF0F
BFA5
3F28
BA69
3F3F
3F3B
BEE6
BEB9
BFEA
3EF2
BF33
3FC1
3E7D
BFA9
3EC5
BF8F
BEF2
BF57
3B0D
3DB2
3EEC
BF46
BE09
BE8C
BFFD
BFC7
4008
BEA4
BF6A
BEAC
BF51
3E23
3EE2
3DC5
BE88
BCCF
3F93
3EAA
BF96
4004
BE30
3F10
C01F
3F08
3FE9
3E8F
BF48
BF20
BFFA
3E8E
BD97
3DF8
3F8C
BFD3
BF6F
BE36
3E15
BF18
BEDF
3E4C
3E3F
BF1A
3E32
BF17
BF2D
3FA5
BE3C
3FA1
BF3D
BF69
3FEF
3F9C
BC20
BFE9
3FF6
3DDC
3EC6
BFF3
BF25
3FE8
BF16
3F2C
BF1A
C02C
BFEC
BE5E
3E9E
BDE4
BF88
BFA1
3F9B
BE74
3F37
3F35
3DAC
BEC7
3F87
3EDB
3DF6
BF5E
BFB5
BFB7
3F0A
BF4E
3EBA
BFE9
3F98
3F96
BEFE
BF9B
3D82
BC8B
BEE7
BF88
3F37
BF93
BE99
3FA5
3F43
BFE8
3EC5
3EB9
BF8C
BD08
3E2F
BFB5
BEFB
BFA1
BDC9
3E39
3FDF
3D9A
3F64
BF57
BDFE
3EDC
3ED5
3E49
BF27
4070
BC52
BF8A
BF4A
3F8A
3DD5
3E1A
3F67
BF89
BFC8
3F22
BFE8
3E00
3F36
3E12
3F23
BF43
3FA5
3FA8
BFBD
BE7C
3F70
BF5E
3FBA
3E41
3E50
3F29
3E83
3E6A
BF90
3F7B
BE95
BECB
3F9B
BF10
C028
BFA6
C025
3FDA
BDF8
BFB2
3E26
3FD2
3F04
BF97
3F82
3D00
BC9C
3FB5
BF4A
BED9
3ECE
BE04
3F25
3FA0
BF9B
BF90
3F50
BEB9
BE0D
BEF3
3E67
3FE5
3F41
3EA6
3F27
BF86
BFFC
3F99
BFA9
BF86
BCE1
3F66
BF58
3F82
3EFC
C010
3FA6
3E81
BE7A
BF31
3F5F
BF91
BFCE
3DE0
BF82
BF60
3F0B
BFB2
BF74
BED7
3FD7
3F5E
3FCF
3FEE
BE48
3DFC
BF29
BFF6
BE67
3FEE
3F28
3F0E
BECF
3F35
3F92
BF91
3E7B
3F57
BE1C
BF1B
3F04
3FB2
403A
BE09
3C4A
3FEC
3F75
3ED2
3EBE
BF29
3F30
BD67
3F14
3E8E
3F18
3FEA
BF1E
3E0C
BD3B
3F9D
BFCB
401D
BE85
3EA2
3ED3
3F02
BF5B
BF86
3D0C
C00D
BD79
C003
3D87
3F0C
BFAA
BE83
BF1B
3F0D
3E2C
BFFC
3FBB
BEBA
3DE4
3E03
BF59
3FB9
3E7E
3F71
BF81
3E40
3F7F
3F90
BF5F
3EBC
BEE0
3EBA
3F1E
3F26
3F28
3FE6
3F3B
C004
3E9F
3D8B
3F65
3EC7
3F67
3D25
3F4B
BF31
BEE4
3F3A
BEA1
3FEB
BF1B
3BA0
BF92
BF39
3FDC
BF30
3F67
3FC8
3FB3
3E79
3FE7
3E7E
3F64
BEC5
3F98
3F01
3F90
BF01
3D61
BFAE
BDBE
3FB2
BF8A
BDCB
3E2A
BEA0
3F9A
3D26
BEDE
3FE4
BF7E
3EF3
BF4D
BF28
BEDE
BE57
3F12
BEF9
BF5A
BEE8
3EEF
BE3C
3F92
BE8A
3F67
3F60
3EC8
3E8C
3F40
BF20
BF19
3FE8
3E49
3F43
BEFC
BDBA
3F57
BF2B
3F13
BF2F
3E77
3E87
3F2A
3E26
3EA3
BF6A
BF51
BF2E
3E0B
3F79
3E68
3FAD
3F5A
BE25
BEB3
BD9C
BD11
3E88
BD61
BFC6
3F9C
3F39
BF2B
BF20
3F19
BF6A
401A
BE78
BE97
3DD0
BFC3
3FB6
3D7C
BF56
3EE7
BEEB
3ED4
BFC5
BF85
BE3D
BF06
3E81
3F45
BF8C
3F96
3F2A
3E99
3FD6
3F8C
3EB8
3F83
BDEE
BF1F
BF83
3F26
BF38
3E66
BF3E
3E05
3F5E
3EC5
3F09
BF05
BF1E
3D66
3F00
3F72
3FC8
BF39
3EDA
BD41
3F2E
3F10
BF73
BEDF
3F5C
3FF1
3DE0
3E10
BE28
BF8F
BFEE
BFC1
3E7E
3FF2
BDBA
BEB6
BDA9
3F59
3FD9
BF88
BFE1
3F9D
3E90
BFB6
3EED
BEF7
3F62
3FC6
BFAE
3F88
3F2D
3EF8
BF8F
3F3B
BED9
BEE8
BE7A
3F51
BF2D
3D95
BEF9
BFF2
BF96
3AFA
BFD7
3F82
C009
3F3A
3F10
BF40
BF17
3F8A
3F3C
BF78
3F7A
3F34
3F5D
BEF7
BF00
BF2D
BD8D
BF37
4001
3D61
BF7F
BEBD
3ED6
3E05
3F5C
BCAB
BFBC
3ED0
BFBF
BF09
4014
4009
3E5E
BEFC
3F81
3FDD
BFE2
3F06
3F58
BF4E
BF3C
3F43
3F56
BEE9
BED2
3ECC
3F08
BF06
BF81
C010
BCDD
BF63
BF60
BFC4
BED3
BEFE
C006
BD8C
3EB8
BEDC
3E31
3F10
BFDD
BE10
3EE1
BEAE
3E08
BFBB
BFBA
BEAD
3FC4
3ED0
BFEC
BD5A
400A
BF19
BF3D
3DE2
BD2E
401E
BF19
BFE6
BEC0
BD95
3D44
3DCC
C00B
BF8C
3F13
BF5F
3E9D
BF37
3F1A
3EF8
3F82
3CAC
4006
BF4B
3F30
BD86
BE53
BC9B
3F39
BD81
BED5
BFC2
3F09
BD9D
3F50
3F27
3FAC
3FF2
3ECD
3E9A
4000
3F33
BF17
BFD5
BF9E
3F39
BF58
3F6B
3F92
3FAB
BCFD
3E34
BF3E
3E1D
3FA9
3F1B
3F5E
BD8C
3F8A
3F94
3F0F
3EDA
BFD7
3FF2
3F04
3FB3
BEE8
BF9F
3E52
3F7D
3E7F
BC44
BF45
BDCF
BFB4
BF06
BDA0
4029
BF00
3D06
BDE0
3F72
3F5E
BF20
BEC8
3F5F
BF51
3E12
3FCA
3EDD
3F7E
3FAE
BF97
3E83
BEC5
3E5B
3EFF
3CDD
4021
3D7C
3F85
BEFB
3F5E
3E1A
3EBB
BDBC
3F7B
3F9B
BEA8
BFA8
BF53
BE50
3FC3
BFDD
BE34
3EB8
3F81
4009
BFF2
BF7C
BF5F
3F47
BF11
3E83
3EEE
3C37
C001
BEDB
BEAA
3E79
BE98
BF03
BED3
3F38
C034
3F44
3F05
3EF8
3EAF
BF97
BFB3
3F6A
BF8A
3EAF
3F53
BF89
BFAD
BE85
4036
3E89
3E68
BF67
BF26
3F81
BF86
3F58
C015
BED9
3FEB
BF8E
BDEE
3E00
3EEF
BE3F
4005
BF71
3F37
3F92
3D03
3F85
BD92
3BB2
BFC9
3D0E
BF5B
BF15
3F8A
3E83
BF2F
3F73
BF57
BDDE
3FA4
3FDF
3F4F
3F35
3F22
3F5F
BFE5
BD1A
3E50
BD10
BF4F
BF95
BF18
3F5F
BFAC
BC44
BF25
3F04
BEE1
BFC4
3F04
BECE
3E4F
3EB5
3FB8
BD88
BE1D
3EDD
BF12
BE03
3E30
BEBA
3F11
BC9A
3FF1
BEF4
4004
3E1C
3FA8
BE76
3E9C
3AF3
BF24
BE0D
BF96
BE19
BF41
3F5D
BE49
BEEF
BD9B
3FB7
3F0C
3FF5
3EAE
BF83
3FC8
BFBF
3E37
3FBA
BF83
BEAF
3F6E
BF7C
3F6A
BFD7
3DC6
BEC3
BF81
BF24
BE33
3DC2
BFE9
3E99
BEA0
BFFC
BF30
BFC4
3EF6
BF03
3FDB
BF82
BEE0
3E26
3EBD
BF0E
3F85
BF56
C000
BDCA
3F78
BF4B
3F5C
BF0C
BF88
BF44
3F79
3D5D
4024
BF49
3F6B
3FFB
3ED8
3CAE
BEE4
3F7D
3F72
BF74
BE04
3FC9
BF00
3FCE
3FA2
BF43
3FE8
BF8A
3E61
BF11
C007
3F06
3DA4
BF81
BF43
3FB3
BDC4
3F0E
3F0E
3FD1
3F97
BEB0
BE89
3C78
BF97
BF4A
400C
3F2B
C036
BDA9
3E45
BDB2
BE48
3E56
3FA1
3F3D
3F27
3FA8
BEBB
BE69
BEF8
BDE3
3F85
3FBE
BF1E
BFF5
3F7A
400A
3EF6
3F9A
BF9A
BF14
BE91
BF1A
3D56
3E1E
3F48
3EE8
3F59
BFB4
3ED2
3FC5
3E10
BF61
3F0D
BE87
3EEF
BE95
3E9A
BE95
BE6E
3F49
400C
BF82
3F82
BF64
3D00
BE02
BF3C
3DB9
BF7B
BF86
BF7C
BECB
3F1E
3E82
BF27
3E1D
BF9F
BFDA
3E2B
400C
BF89
BF78
3EE4
BFDA
BEF5
C003
3DA4
BF74
3FD8
BF19
BE67
BF80
3EE6
3EE9
BFED
3E66
3F7A
3FDF
3E52
3F47
3E17
BC59
BEF4
3EE3
BFDB
3B8C
BF45
3EDC
BD2E
3F13
BF42
BEA2
3EE6
3CE2
BFB3
C064
BE85
3F7E
BD90
BFBA
4052
3FC3
3F2F
3F90
BD8B
BE99
3F95
3DE5
3F8F
3E5D
C01D
C00F
BF87
BF84
3E97
BFD8
3F7C
3F0F
3F1C
BF5F
3EDE
3F6A
3EC0
3FA2
BFC2
3E43
3F94
3F25
BFDE
3FA2
BF34
3F44
3F27
3E64
3F83
3EAB
BF6E
BE25
3E98
3EC3
BE4F
3E4D
3EB0
BF9D
4016
BF10
BE03
BEEE
3EC9
C00A
BF26
BE22
3E07
BE03
3FBD
BF49
3F88
3F81
BE76
3FE7
3FDE
BFD1
BF2A
3F32
BC68
3EB0
3F19
BE4C
3F08
BF86
3F83
3F82
3F83
BF44
3D2D
3E1C
3DDA
3FA7
BED9
3F20
3FED
3E2A
3D91
3F80
3E64
3E20
3F19
BD8C
3F80
3FEF
BFDB
3FAD
BF6A
BF19
3F76
C00F
BE39
BE9D
BF8D
BF03
BF1A
3F90
BDA6
BFD7
BE6B
BFA5
BCCA
BF68
3F2F
3E85
BE69
BFAC
3EC9
3FC7
BF92
3FA3
3F7F
BF65
3E8F
3F0B
BE33
3ECE
BF74
3FBF
3E49
BFD2
BF93
3FD5
3F0C
BED3
3FE4
BF91
3D86
BD97
BEB7
BF41
3F91
401D
3E41
3E1B
3DC6
3EAE
394B
BF69
C017
BFA8
BC0A
BEDF
3F79
BF5F
BF2B
3DB0
3FB3
BF59
3FA1
BFA1
3EA0
3F09
C016
3F4E
C000
BEE8
3EC0
3E4D
BF7B
BF98
BF2A
3F06
3CD1
3F1D
BFB3
BF56
BF03
BF63
BF51
3EA6
BF8A
BE2D
BE87
3F6D
BF72
3BF8
BFAE
3EAD
BF09
BFE5
3F4A
3F39
3EB1
3E1E
BDC5
BF2F
BEA4
BF03
C00A
BFB5
3EF3
3F50
BF06
BFCD
BFD2
BF93
3FA8
BFED
BDFF
C036
3F0C
BD99
3FBE
BFE6
BD84
3F4C
3FB6
BF88
4002
BE04
3E6A
BCBF
3F5D
BF71
BF85
BD91
3F47
BF50
3E1F
BEEC
3F27
BF8B
3EF0
3F4C
3DFF
BFEE
BFA4
3D05
3EB7
BF90
3FF3
BFA0
BF80
3F8A
3F51
3E7B
BF04
3EDD
BF77
BF40
BEA4
BD8F
3F47
4022
3F86
3EEF
3BF3
BF27
3FA4
BFC0
BFD0
3EF2
BF93
BB81
3E7A
3F31
3ED5
3E87
BD25
BE82
BF01
4006
BEDF
3F48
BF58
BECC
C022
BFFC
3F21
3FBD
BFD0
3E35
3EC4
BDB8
3F7C
BEFF
BF25
3FBC
3F0A
BF40
3F93
3D0E
3F2B
3F26
3FA1
BF86
C004
BF67
BEBE
3E9A
BF64
BE52
C017
3F92
3F83
3F7B
BE96
3E20
3FA3
3EBD
4008
BF4E
BF3F
3F3A
3E8D
3F66
BF6D
3F0A
BF04
BF5B
4008
3EC7
3EE9
BEEC
BF69
BEFE
3EE5
BF47
3E8C
BE34
3E13
3F0A
4004
3F17
BFF8
BE83
BF67
BEDD
3F4B
3E59
3E5E
BE9F
3F32
4010
BBC7
BE8D
3F46
4015
3F06
BF54
BF67
BF1F
3FA5
3EF5
BFD3
3E50
BE72
BF8E
BF19
400C
BFA3
BF43
BFD3
3F7B
3F09
3E5B
3FC6
BF36
BFC5
BC8F
BF67
BE5C
3E8B
BC04
BDD2
BE5A
3F0C
3E1D
3EB5
BF88
3F89
BED4
BFD4
BE82
BF47
BFCA
3DB9
3E8C
BEFB
BFA9
3E41
3FE2
3F6A
BFC6
BDD5
3E98
3D11
3D8F
BFCB
BCE6
3FC6
3FCC
3F86
3F4E
BF01
BF29
BF34
BE97
3EE4
3E46
3F0F
3FC2
C015
3DA4
3EF7
BF9F
BFC5
3E08
3F2D
402A
BD87
BFB2
3E28
3F92
3F2B
BF06
BDA7
3FBE
3F84
BFB6
3FCA
BF94
BEA3
BE55
BE94
BE30
BDB5
BE86
BD38
3F70
3F09
BF27
3F1E
3F2A
BEF5
3FD2
3F1A
3ED1
BF9E
BEDD
3E8D
BE5D
3D6E
3E08
3E95
3FB4
BF53
BFB6
3F67
3E35
3F18
3E50
3F12
3EB1
3D84
3ED0
3FAC
3F2F
BFE4
3EA0
BFD4
BFD0
BEEB
3F96
C026
BF56
3F66
BE1B
3FA9
3F28
3E99
3FB1
BEC5
3F56
3E8F
BF5C
3F37
BEF9
BECC
BF77
3E57
BF26
BE03
BE81
BE5A
BF45
3C61
3E16
4009
BE7B
3F72
BEA4
3E77
BF9F
3CDE
3FCE
3F72
3FCB
3E52
3F27
3E8C
BE9B
BE3B
BC91
3FBE
401E
BEB2
3FBD
3F03
3FC3
BE3F
BFC9
3F01
3F43
3F8C
3F8E
BD02
BF29
3F47
3E27
3FC4
BF0E
BF35
BF48
3F2E
3F4C
3D45
BD12
BEF4
BF32
BFA8
3E2D
BEA0
3D9E
3F93
3F34
3E45
3F86
BFC9
BF49
3F12
BFA9
3EAB
3EF5
3E78
BEF1
BF27
3F4C
BEEE
BFA4
3EAC
BE36
3E8A
BF23
3F0B
3EF0
BED1
BEA7
BED8
3F21
3E99
3F5C
3D66
BF97
BFB5
BD1A
3F1A
C034
3FB0
BF49
3CEE
BEC1
3FAA
3E11
C002
BE7B
3EAB
BE20
BF57
BF99
3F80
3FE2
BED7
3F0E
BEBD
BEE9
BEA0
BED2
3D9F
BFB8
3F40
BF03
BEF2
BE6B
BF62
3FFB
3F5E
C00C
BEDB
C001
3F21
4001
3FD1
3F9B
BF40
3EBB
BEE0
BE51
3EE8
BDFE
BEB7
BE54
3FB1
BF64
3E42
BDC5
BFB1
BF55
3F83
BE75
3FD8
BFB0
BEBD
BFE3
3F15
3D01
BF88
3E9A
BEDE
3FE4
BE3F
3F75
BEC4
3CF1
3F49
BE60
3D8C
3D85
BFDB
3FD9
3FEB
BEF1
BF00
BE82
BF17
BD9F
3F0F
3F02
BDD9
3F1B
BF0B
3FCC
BEC6
3F6B
3E4F
C018
401B
3E7D
BC86
BF43
3E29
BF84
BF8E
3F87
3E99
BF2B
BE9E
BFFF
3F74
3F98
3FAD
BE70
BC85
BEE6
4018
BC90
3D5C
BF6F
3F31
BF74
3B4D
3F3D
3F9E
3F3C
3F7F
BFD7
4004
3F97
3E1A
BF8E
BFA9
BFB4
3F02
3F7C
BFC0
3EE2
BED4
C00E
3EE2
BC6F
3E0C
BFC7
3E00
BFDE
BF89
3F87
3C22
BF15
BE96
BF02
BECB
3E11
3ED1
3F8B
BF11
BFFC
3FBD
BE26
BF4C
BF1C
3EBB
BFF6
BED7
C00B
3F93
3FEB
4042
3FDB
3F97
3FED
3EB1
3FBC
3F07
3FA2
BF5E
BF21
3DAC
BF5A
3FDF
BEC1
3F85
BF1F
BF33
3F16
BF31
3F8B
BE45
3F99
3FB0
BF43
BDDE
BE6F
BF9D
3EF4
3E0D
BF81
3E22
C018
BFAA
BE75
BF8F
3FC5
3F31
3F6E
3F3B
3ED3
BFA6
BFC5
3F52
BFF9
BE87
3E17
4004
3F4B
BE9E
3F95
BEB9
BFA6
3F88
BE83
3EC4
BF3A
BF3D
BF10
BF23
BE1B
BEA4
400C
BE5E
3F84
BF81
BF01
C014
BF40
3FB7
BF06
4003
3F4D
4028
BF7C
3F45
3F49
3F03
BEE0
3F09
3F32
BE82
3F41
3D8D
BF07
BF88
4002
BF84
BF59
BFA2
3FFB
BE7C
3F29
C021
3E32
3E2C
3EB3
3F43
3F0E
BEC1
3F77
BE2D
C002
3F6D
3DD2
BE07
3FD7
3FFB
BF62
3FCD
3D06
BE2F
3E65
3F6F
BDDF
BDF0
3FB1
BFAF
BF38
3EAE
3E70
3E55
3E37
BF67
BFDE
3F32
3D95
BE3C
3F2D
BF39
BF6C
BF84
BF6F
3ED2
BF57
C009
BEEC
3F7B
BF82
3D4B
3EB5
3FAE
3F35
BF5A
BD4D
BF75
BF32
BFB6
3F98
BF92
BF9D
BF5B
4000
BE88
BEB5
3F35
BEED
BEBA
BDF9
3F03
4008
BFD8
3FA1
BEB2
BFC5
3FD8
C022
BF89
3E5F
BF49
BF97
BEC0
BE4E
BE7F
3F58
3F3E
3E42
3E51
BF58
3F66
BE65
BF2D
3EA5
C007
BEC2
BE8F
3EA2
BEB6
BEDB
BFC8
3DD7
BFBA
3FAA
3F4A
BE7E
BF3D
BF44
3FA5
BF81
3F84
BD94
3C10
BEF8
3F54
BFA4
BFAC
BF14
BF63
BFE6
3FAA
BFAA
3F78
BFB1
BF09
BE3B
BFE4
C006
3D6B
BEC1
BCCC
BD9D
3ECB
C06F
BF41
BF15
3FEB
BF17
3EF5
BF82
3DDD
3E95
3E2D
BDC4
BEA8
BF31
BF61
BF21
BE30
3FE2
BCF4
3CD4
BEA0
3F6D
4015
BC94
BFDE
3FE3
BE87
BDD8
BD90
3ECF
3F37
BFB7
3DF7
BF30
BEFC
3EDF
3F09
BF03
3EA0
3F49
BEEF
BFEB
3EA5
BD64
BF2D
3FB8
BE50
BF82
3FA9
BF48
BF07
3D31
3F85
3F3A
3F84
BF09
BF9A
BF8C
BF04
BF40
3EF8
BFF0
3F0B
BE91
3F3F
3F3A
3ED4
BEF1
BE5E
BE83
3F30
3DBD
3F6C
3E6B
BEA0
BF52
3E10
BF01
BEA0
C001
3F7E
BED1
BE5E
3F2B
BFA6
BF02
3F95
C00F
BF55
3EFD
BF7A
3ECD
BFDE
3E11
BE19
BF0A
3FDB
BF5D
3EFC
BED5
BE96
3F6F
BFD8
BFBD
BE18
BF5B
3F8E
3E88
3FA2
BF83
BF9E
3F24
BFDD
3F5E
BF23
3EFC
3EC6
3E8E
BBB4
BFF2
3E83
BF29
3F46
3FF8
3EBD
3E00
BEA3
BEFC
3DAB
3F39
BE67
3FAA
BFD1
BF87
3CA3
3F7B
3F9E
3F83
BDCB
3FEB
BFC1
BD96
3FA0
3E36
3F49
BFA2
3E21
3E41
3CCE
3F66
401E
BF58
BE1A
BFBA
3F56
3F52
3EC6
BDB4
401E
BFA6
3EA7
3E5A
BE9D
BEBB
BF7D
BF7E
BFAA
3FB8
3F0B
3DCB
BE13
3F6C
3FC3
BEB5
3F73
BF80
BD9C
BFF0
BEBC
BE66
3E0D
BEB1
3FC3
3FC2
BC45
3F22
3E8D
3F75
3FAC
BE89
4000
3F7E
BE79
3E9D
BBE1
3EA7
3F82
BF8B
3F79
3F34
BF4B
C006
400D
3FA8
BF3F
BF3F
3F4B
3E7F
BF12
BFB7
3DD6
3F85
3E89
BE41
3F40
3FEB
BEFF
BFBC
BE88
BF5D
3E00
3F9B
BEE6
BFAE
BEA9
3F4F
BEA8
C01B
BFEE
BF88
BFD0
BF04
BF59
C023
BFA1
BDC8
BFD2
3EF3
3F4A
3F32
3EF9
BF4D
3E76
BF94
BF1F
BFC0
BF2E
3EB9
C00F
3F82
BF05
BF05
3E95
4004
BD8D
3ED3
BEBC
3BF1
3FB2
BFBB
3F9C
3DC9
3F81
3F4D
3FBF
3E50
C03B
BF08
3F6E
BFAC
3F3F
3FA3
3E44
3F96
3F5F
BE35
BD9D
3F4B
C007
3E5E
BABD
BF1F
3DB3
BFB5
3F6C
3EBC
3F87
BDF2
BEEC
3E93
BF90
BF10
BB5D
3FC9
BF33
BED0
3F43
3F0D
404C
3F7C
BF2D
405B
3F4F
BF98
3E0F
BE22
3EE2
C044
3EAD
BB48
3FF6
3F0A
3F11
3FAA
BF8A
3F7A
BEFF
3FFF
3F3F
BF74
BED4
BE9C
BFA8
BE87
BF9E
3F39
3F77
3FA6
3EF8
3D0F
BFDA
400E
BF8C
BE74
BE97
3F45
3FCC
3F59
BF0B
3F31
3C08
BF3E
BFA1
3F91
3F25
3F39
BF6E
3ED9
BFA1
3EDE
3FA4
3FC3
BF92
BE54
400B
3D92
3ECA
3F53
BEC1
3FE0
BF71
C07F
BE97
3F21
3E90
3F31
3E39
BF9E
3E57
BD62
BFE0
3E50
BEAE
C00E
3EC4
BB25
4013
BF82
3FD2
BE8F
3EF7
BF00
3FFC
BE43
3F49
BF91
BEC6
3F5C
BF4A
BE69
3FE8
3E6A
BF57
BE87
BE9D
3F5D
3F0F
BF35
BF08
BF86
BE8D
3CBD
BCBC
BF4C
BF1B
BE82
BFBD
3E9B
BFAC
BF3D
3F22
3F0F
3F0C
BF1B
BF6A
BE33
3F87
3FB2
BFBB
3E98
BF29
3F78
3F0C
3F22
3F8B
BFBB
BF29
BFAC
BEAA
BFD4
BF03
3FC1
3D8E
BFB9
3FA0
BEF7
3EBC
BF47
3DC9
C006
3ECD
4007
3F73
3D5E
3F5B
BFDB
BF91
3D5D
3EF5
3F85
BF83
BF90
BF4A
BEE4
3E92
3FE3
3E15
3F48
3F1C
3ED8
3F6C
BFD4
BF9E
BFAF
BE5D
BE9C
BEF4
BF7A
BF6E
BF3B
3EF4
BFFC
3F72
BEB6
BFF0
BE68
3E03
BF52
BF28
3EE5
BFA5
BE8F
3EDE
3FF9
BF31
4003
BFC5
3EF3
3E45
BE82
3E8C
BF68
BDF6
BF88
3FA3
BF96
BF9E
3E92
BF8C
4026
3DC8
BF15
C004
BF24
BAA1
3CAD
4010
BE1F
BF83
3FF8
BF33
3E12
3F22
BEDB
BF96
3F70
4001
3FD6
BF57
BECC
3FC3
BEF9
C012
3EE3
BFD2
3F60
BF3C
BCB4
BE25
3FA1
BF9A
3F66
BF07
BE36
BF4C
3F27
BF88
C00E
3F5E
3E05
BEE9
3EB4
3E7B
3F41
BE81
BFC6
BF6F
BF6E
BF58
3F55
3FE4
BF6A
3F94
BD90
BB8B
BF0F
BF9C
3EE7
BECE
3F01
BF12
3D20
BF4A
3EE0
BF6B
BF03
BF3B
BF00
BF86
BD9D
C012
BE6D
3CE6
BDC0
3E2E
3D99
C00B
BEB0
3F97
BFFD
3F3F
3EEC
BF11
BF39
3E81
3DDD
BEF4
3E27
BEF6
3F85
3E89
BD91
3F4E
BF9E
BE1E
3F52
3F85
3F1C
3D8B
BFA8
3E2B
BFC4
BF16
3F20
BF5D
BE61
BE2D
3F58
BF32
3F3D
BF87
3F20
BE9B
3ED8
BE93
BF3B
BF28
BF4D
3E8C
3E86
3E07
3F86
BED4
3F24
3F43
BCB2
BF01
BE33
3F57
3F6C
BF69
BEBE
BF88
3ECA
3ED0
BF71
BE97
BF55
4007
BD54
BFAD
BE2D
3D82
3F0F
3FAE
3D52
3F18
3F1D
BE9B
3D45
BED9
3E3E
4021
3EAA
BF7B
3F01
BE85
3FA1
3F47
3FB7
3E5F
BEF3
BF77
3F04
3F2B
3F1E
3F56
3F4B
BD50
BE24
BF83
3F4C
BCE5
BF95
BF33
BE12
3F81
3E46
BD95
BF25
BF5D
3F30
BF54
3E7E
BDDF
3D83
3EF6
BF57
3F0B
BF68
BE98
3FEB
BF9A
BE5B
C008
3F14
BFEC
BE91
3E67
3E18
3FD5
3ED1
3E91
BF1C
3EE7
3F21
3CA0
BF7D
BFFE
BECA
BDA5
BD4E
BF4F
3D25
3FA0
BF08
3F6F
BE56
3D8D
BF28
3F16
BF92
BCAE
BF68
3EEC
3F46
BF3E
3FC8
3F63
3F9A
BEE6
3F43
BBF4
BD22
3F7E
BF9C
BD4A
BD6D
3E88
3E54
BECF
3F73
BF59
3F5C
3F1A
3ED6
BE9F
BEC4
3F5F
BF57
3ED7
BE73
BF4B
BE1C
BE95
BFC2
BEA5
BF1D
BD47
BDE4
3FEA
3F09
BDF2
3F41
3FAB
3F94
3EC9
BF5D
3E2D
3CAF
3F56
BEDD
3EF3
BF9D
3F83
3D00
BF33
BE8F
BF56
3E8F
BE7A
4016
BFCF
BDD1
3EAB
3FAC
BFC5
3ED5
3F3A
3F82
3FBF
BFAE
3F8E
C00E
3F18
BEE4
BF3B
3F44
BF50
BFB8
BF97
3FA3
BFD3
BFB6
3F95
BEE1
BEE2
3FB8
BF1E
BF96
3E4B
3F1C
3F68
3F0E
BED6
3EF8
3EB0
3F6C
3DEC
3ED9
3D67
C00A
BF89
3FBF
3FD1
BF02
3E05
4024
BF50
3F64
3FC7
BF1E
3F91
BAE2
3FFF
3D22
3F95
3FE5
3F3A
BF37
BE66
3EC9
3E6D
4013
3F80
BF9D
3FE5
BF31
BEF9
3FE4
3ED7
3CE8
3F79
3FA8
3F92
BE2F
BEDE
C039
BE4C
BE71
BEC7
3F08
3E75
3EC5
BEE1
BE05
3F63
3DFB
3E77
3DD7
3DC8
3F67
BE20
BEA6
3E4F
BF0B
4024
3F80
3EDA
3F28
3F9F
3D84
BE3E
BF32
BDD2
3F91
BF00
3D6E
BDCF
3EFA
BF2D
BF59
3F43
3E80
BF99
BE11
C00A
3EDA
3E97
3E1A
BFB7
BFBD
BF13
BF94
BD23
3FA2
3EF9
3F7D
BD23
3F77
3EDD
3DE2
BF99
BFB4
3F91
3FA5
3F8D
C018
BFC5
BC80
3F03
BF1D
3F35
BCCE
3F81
BC7D
BEC6
3EAA
BF47
BFD5
BA2C
C02D
3FA2
BFA1
BF44
3F38
BF05
3F96
3F50
BFB9
3DC3
BFAB
BF3D
BFBB
3FBA
BFCD
3F3D
BC9C
BF1C
BFAC
BE38
3E88
3E7D
3E0C
3F8C
3ED5
BF5A
3F10
3EF3
C030
BDBF
3FD6
BFB4
BF0C
BF2E
3F31
BFBD
BFAD
3F9F
BFC9
3F4A
BE20
BF9F
3D11
BEE9
3F7E
BF25
3D88
3F1E
BF81
4001
BFC7
3EF8
3F05
BF4E
BEB4
3F28
BF00
BE22
BF09
3E54
BEA5
3FCF
BE16
BF5B
BFD9
3F35
3FAC
BF44
BF85
BF35
BFD6
BFA1
BF6F
3F32
3E2E
BDE6
BFB9
BF06
3DD9
3FAF
BFFE
BCED
3EF6
BF76
BE60
3EA1
3D4F
BF1F
BF56
BF92
BF25
3F36
3E98
BF69
3FC6
3FCB
BF41
BF94
BEF1
BF64
BF30
3FF0
BFE8
BE98
3E12
BF4C
3F06
BE83
BE86
C006
C03E
3E70
3EAB
400B
BF23
3FB7
BE31
BEA9
BF81
3F8A
BF8C
3F0E
3EB1
BFBF
BFB8
BEE7
3F99
3EA9
3EDC
3F66
4025
BF78
BEEC
BF6B
BFAB
3F0C
3EE5
3FB1
BEB9
3F85
3EA9
3F72
3DEA
3F81
3EBA
BF3F
BEBE
BDD4
3EDB
3F51
BF0D
BE20
3E34
BF99
BF52
BE7C
BF84
3F29
BE9F
BC49
BFB5
BF3D
3F14
BED5
3FB5
3FB9
3F97
BEB1
3E88
BF85
3F1B
3EC5
3FBB
3E18
BD4B
3F92
3F09
3E19
BF35
BE81
BEA6
BEEF
3F24
BFB8
BE9E
3FBE
BEB0
3F83
3FCB
3EC1
C011
3E08
BF46
3F59
BF02
3E12
3C4D
BF3B
3ED3
BE63
BF3D
BFAE
BE97
3E27
3F92
3F4A
3F24
BE1F
BF47
3FD3
BE66
3F13
BE86
BF09
BF9B
3F3A
3F99
BF08
BECA
3E73
BF0C
BF99
BE83
3DA4
3F39
3FE5
BE93
BE86
3FC8
3CAC
BF8B
3EFA
3F1A
3F7A
BF7F
BFD2
3F4E
BFA7
3E0F
3FC6
3DCE
BDC7
BF32
BCE2
3E8C
BF30
3F85
BEB8
3FA8
BFBD
3EE2
3F29
BDAB
3E90
BF74
BFAD
BEF4
3E84
BFD6
BF29
BF9C
BF08
3F18
BFAF
3F95
BEC7
3E9D
3F73
3E98
3FFB
BF96
3F20
BF16
BF71
C038
BEF1
BF53
3EEA
3E88
3D32
BFC4
3F22
BF90
BFD4
BFF4
3EF0
BF09
3E5D
BFA3
3F86
3EF3
BE84
BF82
3F15
BFC9
3EEC
3D67
BB59
BFC7
3E09
BF94
BFC0
BFE6
3FBF
3D31
3EC2
3F1B
3E36
3FAA
C030
3EFE
3FB7
BF38
BFE9
BEE8
BF42
3F90
3FA4
3F1B
3EEA
BDF4
BF84
BE83
3FD3
3E28
BF5E
BFAD
BF8A
3F6A
BF70
3FBA
BF87
BDE1
3F25
3CEA
3EDE
BD88
3F59
BE83
3F71
3EE2
3FBB
4009
3F74
3E2B
BEA6
BF6D
3FBA
BF52
3FC2
BF7D
BE14
3F9D
3EA5
BF68
BF5B
3F01
3F81
BCE4
BF7C
3F9A
BF99
BE4B
3FB3
BE42
BF48
C01E
BE63
3F62
BFBC
BF2A
BE4F
4020
BDD7
BEE0
3FBC
3E6E
C023
BDB7
3F43
BDE0
3F0F
BE2A
3E6C
3EE6
3F88
BFD8
BF98
BF5D
BF2E
3F93
BFA1
BF8B
BF35
3E13
3F62
3FC0
3E90
BFAB
BF66
BD46
3F5C
BF55
3F93
3F5A
BEAE
3FCD
BFBC
BFA4
3FB6
400C
3F2C
BFB5
3E7E
3F6A
BF67
3E5D
BE3C
BEFA
3F85
BF6A
BF3D
3ED7
BF42
BFA1
3F40
BFF4
BF2B
3ECC
BD82
BCD1
BF0A
BFA5
3FD0
3F1A
3FCD
BE96
3FC8
3E92
3C33
401D
3F6B
3F1F
3FCF
BFAA
3F71
3FA7
3FB8
3F14
3F7E
3E81
BEE8
BE91
3F1A
BF75
BF08
3F71
BF11
3F2D
3D69
3EA1
4026
3F39
3F13
BD9A
BCF2
3EFE
3E19
BF74
BFCA
3FEE
3F38
BE24
BF2E
3EBA
BFBA
3F34
3EFB
3FD6
BE71
3F21
3F08
3FA0
BFA9
BFBD
BF8C
BF54
BF9F
BFD2
3F9D
3D97
BF1B
3F29
BF1B
BF94
BB85
3FC7
BF78
BF79
3DCC
BE71
3F06
BD54
3E03
3BD1
3F22
3E68
BE58
BFC3
3F10
3F2C
3E8C
BED8
3F3D
3FFF
BED9
4007
BFD5
BF4A
3F84
3F91
3DDA
BDF3
3F14
BD69
3F69
BEA1
3F47
BF7E
3F6F
3EA4
BECB
3FF0
BF8D
3E81
BE5A
BF9D
BF67
BC23
BF75
3D0B
BE98
3EB3
BFBF
3EBD
3FA1
BF9C
BF8D
BF91
401E
4002
BF4E
BD39
3E95
BE4E
3F62
BF2A
BF99
3E3B
3F13
3E69
BFED
3E9A
BDF3
3E89
BD8C
BEF3
3FD3
3FC2
4030
3F89
BCD4
BFAA
BEA4
3F8D
BF74
3F5C
3EB8
3EDB
BF5E
BF81
3C94
3F32
3F2A
BEA2
3E32
BECF
BE40
3F4A
BF40
3EA8
3EA8
3E5F
BEEA
3CA3
BF83
3F04
3FBD
3FBD
3DA6
BE11
3E32
BF91
BFB3
C038
BD97
BFAD
3E7C
3EBB
3EB6
3F4F
BD1F
3E1F
3DDE
3FDD
3F72
BEF7
BE5F
BF35
3E86
BF65
BE81
3F67
BF70
3EFF
3F87
BEA9
3EAA
BDAD
3F9C
BF74
BFA8
3E8A
3F4B
BEA1
3FCF
3EEA
3F10
3F30
3DA1
BFCC
BEB8
3E5A
BF2F
BF24
BE88
3E0B
BF81
BF35
BF4D
BE2C
3F6B
BF0F
BF4D
BEB5
BF68
400C
3F9E
3C9A
3F79
BFD4
C014
C005
BE23
403A
BE8F
BE3B
3F85
3F87
4012
3F08
3B55
BFF8
BE20
3E46
C00C
BFA5
BEE1
BDFB
BFCC
BE67
BD37
3ECB
BF67
BCFD
3DDF
BFD0
3F9C
3EFA
BF5B
3F10
3F26
BD0C
BF3D
3FD7
3F75
3F44
BE9C
3FC4
3FBC
3E8F
BEEC
BF7D
BF3A
3C98
3F2A
3F88
BFD7
BFA8
C00E
3F7E
3EBB
3F5F
BF60
BF60
3FE0
BE68
BF43
BF62
BF6D
3F89
BDB8
3F2A
BF53
3D00
3DDA
BFC3
BFC4
BEA3
BEEF
BE0E
BF56
3E90
3EC0
BFCE
3F93
3EEA
3F13
BE92
3F6A
3F25
3FA8
BF69
3E10
3F0E
BF71
BF37
BFA6
3EA3
BEF7
3FB1
BED1
3F04
BFE4
3FDE
402E
BF80
3F8E
3E0A
BF97
BEC6
3F0E
BF42
3EA1
3E31
BF38
BF1F
BF74
3F2D
3E32
BF96
3EBC
BFB5
BFF9
3F86
3DB4
C018
3DD1
3F5C
3F44
BFFE
BE7F
BF22
BE86
BD9E
3F08
3D84
3E9D
BFB7
3F31
BEE3
BFB7
BF37
3FBA
BF9E
3FB1
3EEA
3F20
BF80
BFA4
3F0F
BD81
3E55
3EA5
3F21
3FB5
BFA6
BE11
BF92
BFB6
3F35
BE9E
BFA2
BFC8
C00B
BF28
4010
BF1F
C020
3C5A
3F41
3EB5
3F01
3D9C
BF5E
3F8B
3F1D
3F94
BF3F
3E25
BE99
3F10
BF6F
3F07
3E25
3CC7
3E2A
BE4E
BF0F
BEF7
BE15
3F3D
BFEC
BF1B
BF2C
3DDA
BF91
BFD2
3F5A
3FA8
BAA4
BFD2
BEC1
BFC0
BF0A
BD7F
BE3A
BBDC
BC17
BDB7
3E57
BDFE
BF0B
BFA2
3F60
3F81
3F33
3F46
3E98
3F45
3DC0
BD4C
BD82
BCF0
3E4D
3EF6
BE4A
BF82
3DB1
BEB3
3F83
3F1F
BE1A
BF11
BE2F
BF74
3CD7
BFA5
BEE9
3F5A
3F6D
3EDA
BEC3
3FAA
3F47
BD82
3FC2
3E4C
BFF0
BFAF
BDCB
3F9E
BFE2
3EEF
3D8D
BECB
BFF4
BFC8
3E9F
BE20
BE51
3F25
BEAC
3FCB
3F17
BE99
BEF4
BEC5
BE83
3FC4
BECC
BFF0
BF99
BF6F
BEC0
BF9C
BF04
3F97
BED2
3E87
BEF1
BDFE
BF3C
BE42
3F24
3E44
3FDF
BED6
BF80
BF71
3FD7
BF37
BF1C
BEE6
BE3C
3F00
BF1C
4005
3F17
400C
3E3A
C024
3F56
3FD4
3F93
3F6E
BF36
3E39
3F3C
3FC3
3E5C
3FC7
3F91
3EF2
3F00
C00F
BFAB
BF8A
3F48
BF65
BFEF
3E64
BFA4
BF9C
BEA4
3E3E
3F32
3FC6
3F70
BF3D
3E38
BF90
BFBA
3DB0
BFBE
BFE2
3E85
3FC1
3F0C
BF57
BEEF
BF4E
3F76
3F56
3E87
3F34
BFC6
BEAC
BEED
3FCC
3EB9
BDCD
BED6
3F9D
BF76
BF4C
3ECF
3D5C
BFED
BF11
3F16
3EB2
BE3B
402E
3CE6
BF09
3EC1
BF11
3F7F
BF19
BFCB
3EDE
3D5A
3F48
3FD7
BF64
3F45
BDC2
BFF6
3E97
BFA2
C007
BF2F
BC92
3E59
3E3C
BEF0
3FFE
BE3F
BDBA
BEF0
BFA0
BFFE
BF63
BF90
BF97
404A
C04C
BF35
3EE4
3FEF
3FFE
3F63
3CFF
401A
BFBD
BE87
3FE6
3F77
3D8E
3FC0
BEFF
3FA2
3D59
3EFF
3F63
3F34
3F8F
3DDD
BD97
3F88
3F67
3E88
3E52
3F35
BFE3
BEA4
BFB6
3D6A
BF6B
BF80
3CB1
BF5B
3E17
3F63
3F34
BEFD
BE39
C029
BF6F
BF6B
BF62
3F9E
C007
3FC3
BFF6
3F64
BF03
3F8B
3E4A
3F5C
3E91
3E18
BE11
3E31
BFBD
BFD8
C01B
3EA7
BF05
3DAF
3F58
BF00
BE79
BEF7
BF22
BF58
BE76
BF89
3F59
BD5F
BEB8
3F6A
BFC2
BF48
3FA2
BEE7
3F9E
3F5C
BF05
3F29
BF2B
C011
3F97
3FBB
BF0B
3FAD
BF44
3F65
400B
BF8D
BF38
BF51
BEB5
3C97
3FC1
3F1F
3F5A
3E93
BF1A
3F96
BEEE
BF06
3D22
BEE8
BE5D
BFC7
3DC5
3E35
BF82
3EE2
BF4C
3F93
3FF2
3C18
BFB5
BF33
3F38
BFAE
BF9A
3E36
BF87
3ECC
BF5C
BFA2
BE58
BD6C
BF65
BE0C
3E1B
BF87
BFD5
3F83
BF06
4003
BF9E
BCD5
3EDA
BFCA
BF41
3FB2
3EB0
BFE3
3E17
BF0F
3F2B
BEAA
BFAB
BF5D
3F8C
BFF1
3E35
3FBE
4002
C001
BFD4
3F10
BFDE
BE29
BF16
BEB6
3E6E
BF1D
BFF9
3F0E
3F0E
C002
BF68
3F0A
BF3E
BF42
4007
3FB2
BE44
BFA8
BED8
BFD1
3EEB
3EF1
3F0B
BF13
3FCF
BE5F
3EDF
BF37
BEF5
3E90
BF54
BE33
BF8B
BE4F
BFE6
BF6B
BE8E
BDC2
BE3C
3EB3
BD69
3F07
400A
BF2A
3F31
3EFF
BF4E
BED9
BF68
BF54
BFA8
3E8C
3DED
BFDB
3FDB
3D64
3FB2
3EE4
3FDE
3F2B
BF85
BD9F
3F53
BDDD
3F6F
3EC8
C00D
3F2E
3D9A
BF90
BE1F
3E83
BF72
BE4E
3E50
3F00
3E3D
3F86
BF1C
BECE
3F36
BF08
3DA8
BEBA
BF87
3C2D
BE44
3EDC
BE5E
BF1A
BFDA
BEDA
3EFE
BE0C
BF4B
3C8D
BF0F
3FCD
BE7C
BF46
BF82
3EB9
BF42
BFAE
3F8E
BF98
3E6D
BF75
C010
BF83
3E81
3FBF
BF05
BF31
3F86
3FBB
BE9B
BEA8
BF25
BF23
BF0C
BF05
BF3D
3F56
3E86
3FEA
3ED2
BF30
3E2F
BED5
3E69
3FBD
3FCF
BF86
BFD7
BFBB
3F51
3EBD
3E59
3E65
BF82
3F2B
BF5D
BDD6
BF76
3EA9
3F8E
C035
3E8F
BF84
BEF7
3F2E
3E34
BF58
BEAD
BF84
BF9A
3EFD
3EC7
BF72
3FB7
BF45
BDB7
3ECB
3F28
BEA2
3F97
C010
BF57
3F84
BEB6
3F19
3F50
3DCB
3EEC
BF9D
3F4A
3F49
BF87
BE7B
BD60
BF1E
BF14
3F61
BDCD
BECE
3F8D
3E2C
3E95
3FC0
3F7F
BF0C
BDBA
BEEB
BD70
BF69
BDFF
3EA9
3FE2
3EC2
3F82
BEE9
BF4C
3F4E
3FC3
BFE3
BF96
BFC0
3F6B
BE1C
BECC
BEC0
3F97
BECF
3F14
BF92
3DBF
3F63
3F43
BF20
BF37
BEB6
BFE0
3F98
BCA3
3DC4
BF30
BE65
BF03
3E68
3EE9
BF78
3FC2
BF55
3EC4
3D3C
BEE2
3F2F
3D6F
3D1C
3EF1
3DF9
C010
BF76
3E44
BEE9
3F42
BEB7
3E80
3E70
BE3E
3DAD
BF4F
BFBB
3EAD
3F0B
BF69
BEBA
BD8D
BD84
BDCA
BE65
3F01
BD1C
BE5D
3F8A
3E6A
BF6B
3E44
3EF1
BFA5
3F66
BDF5
4028
BF9D
3ECE
BF53
3E85
3F0C
3EFC
BFD7
3F1A
BFC7
BFA6
3F08
3E1D
3E3E
C00E
3FC7
3DCD
3D1B
3F1D
BF09
BEEC
3F9B
BD1C
3E83
3F11
3E9B
BFFB
3EF5
C000
BF1A
BEFE
BFCC
BF91
BF23
BEC7
3FCF
3EB1
3F5E
BEEE
3F7F
3F9B
BE9D
3D73
3E3F
BF12
3E46
BFDD
3F0D
BF1B
3DEC
BF1E
3EF1
3F2F
3FBB
3FF4
BF3A
3FC2
BF5F
BF82
BF8C
BAB6
4013
BF25
3D87
3EBB
3F7F
BED5
BF85
BF65
3ED5
3FAF
BDE1
BFE3
3FF7
BED5
BF36
BF1C
3ED2
BCBA
3F74
BEF3
3EB0
BE29
3FC4
401A
BE80
3E86
BEC3
BF7D
BF32
3E57
BE91
3F27
3EA2
BF83
3FBA
3F69
BF28
BE86
BFB7
3FC7
BFE0
BF65
4030
BF47
3EC9
C01B
3EF0
3C88
BF16
BF4F
BDD3
3F83
3FA7
3EC0
BFA1
3F21
BD7A
3DE7
BF64
3E6B
3ECD
3F1E
BF31
3F88
BCC6
3E4A
3DEC
3D93
BF93
3EA8
3F39
BFFE
BE57
4027
BF82
BDF3
3DB3
3EE2
BF10
3F3F
4039
3F5B
BEB6
3F1D
3D3E
3F2B
BF9B
3F9D
3E9D
3EA5
BF37
BFAD
3F61
3E2D
BF05
BE76
BF17
BF95
BFD6
BF0D
BF46
BF0E
BF01
BEB4
3F8C
3FD8
BFE5
BFCE
3E96
BF16
BE08
BE20
BDE4
3EB1
3D4F
BF51
C004
3FC2
3F9F
BF38
3FB6
3F93
BE29
3FA4
BF97
BE90
3DE1
BF24
BF58
BF2C
BE18
3F14
BF89
3F3D
3F60
BF7B
3EE8
BFD5
BF0C
BFA3
3F6A
3ED3
BF4E
3F00
3F21
C008
3C3D
BBEE
3E53
3F0B
BE3D
BF8D
3CD5
BE96
3E9B
BF0E
BEC1
4030
3F06
BF6F
BD67
BF77
3CEA
3EEF
BF4B
3E42
3FAE
BDE3
3F34
3EE5
3E39
3FB2
BF75
BCBF
BF44
3F9B
BF0F
BF28
BFA9
BE29
3F37
3E99
BEF9
3EF6
3F1D
BF05
BF55
3FA1
BF5F
3F62
4006
3FB8
BF58
BEE6
3F4A
3FDC
BF9A
BF17
3E94
3FA1
3FAD
BF1C
3DD7
BF0A
BEF1
BFF9
BF5E
BF9F
BED8
BFB0
BFAF
BFF6
3E2C
BF8D
BEC7
BFA5
BF49
BF57
BE2D
3DB1
BF09
3FA6
BF42
3DAD
3E33
BF9A
3EC4
3F84
BEC6
3F77
3F34
BF5E
3F5B
BE91
BF05
BEA0
3F10
BEE0
3E99
BF89
BF58
BFEA
3D17
BD94
3F79
BF84
BFD2
3E9B
C001
BEE6
3E2E
BF5E
BE68
3EFB
BEDD
BEAE
3DBB
BC6A
3F00
BFAA
BF4B
3E7F
3E96
3D5D
BF91
3F20
BF33
3F6A
3E23
3CEE
BEB6
BFB3
BE9D
BF1F
3F9E
3F35
BE5D
BFF2
3FCC
BE57
BEF3
BEFF
C003
3EA9
3FD6
BF8A
3F38
400D
3F4A
BE67
BD4E
BF06
3FD7
BFBD
BF3B
BDCB
3FB2
3E42
3F02
BF44
3F42
C00D
3FDA
BFC5
3E98
3F84
BD9A
401C
3EA1
BF3F
BF5B
BFF3
BFCE
BED3
BEF2
3E8D
BCBD
BEA3
3F0D
BF15
3F85
3F6B
BE95
C02D
BF20
BF18
4005
3FC1
BEAB
BF97
3EA3
BE87
BF25
3EA8
BEBF
BFDB
BE78
3EBC
401D
3E79
3E56
BEF5
3F82
3F08
3DC9
BEB7
3F86
BFE4
BFE5
BF93
BEE5
BF95
3E9F
BE01
3F4E
3F1C
BFB0
3E01
3EBB
3F0E
3E53
BE39
3D79
3D31
3F60
BF64
3E7D
BF51
3EB5
BF06
BFA5
3E9D
3F80
C021
BF38
BFBF
3F13
3F94
3F5E
3E99
BCFE
3F8F
BCD0
BF98
3EC6
BF8D
BF91
BEEE
3FB4
3BC8
3F55
3E36
BC7C
3DFB
BE74
BF42
3EBF
3E9B
BF97
BE2D
3F04
BEF8
BF6A
3FE2
BF7C
BC1A
BEA1
BEED
3FA7
BFF9
BF46
3E79
3EA6
BF8F
BF3A
BF0B
3EB7
BFE4
3E8C
BE15
3DA5
3FA3
3EAC
BE1D
3FC0
3F7A
BE0C
BF4E
BF8D
BFE1
BCB2
3E97
3E74
3E06
BFA3
BF3D
BF51
BF24
3DB7
3FC3
BE55
BF5D
BECE
3FF8
3ED1
BF66
3FD5
BE94
BF43
4022
3F77
3DC2
BFFD
BFB3
3F7C
BEDA
C065
3EA9
BF11
BF83
3EF6
3F00
3F70
C000
BFD8
3EE3
BE8D
3EB4
BEDB
BF95
BEB9
BFB4
BF81
BD1F
BFBC
3FA1
BF6C
3F51
BE8A
BF95
3F2C
3E3F
BF7B
BF0E
BEF4
BDB3
3DF0
4001
BEAF
C018
3EFC
C025
3F90
3EFE
3EE6
3EFB
3F56
BF3B
3FDF
C007
3E9C
3EDC
3DBB
3FDD
BFAF
BFDA
3FA0
BF81
BF24
3C56
3E57
BEA5
BFAD
BF94
BEAF
BE3E
3F64
BF98
BE8F
3E04
3E14
BF52
3FE0
BF40
3E48
BE47
3EC6
BF19
3E8A
3D1C
3F15
3F89
BF8B
BFB2
3EB5
3FB7
3FFF
BEA7
3FF4
BEFA
3D35
BFEF
3FD5
BF40
BE33
BFC7
3F9E
3F8A
BF98
4018
BF9E
BC1E
BF2F
3F42
BE07
3F35
BF26
3FEC
BEFA
3F09
BF5A
BF09
BE07
3FCB
BECB
3DAF
BF2B
3F3A
BFA5
3E88
3FAD
3E96
3EA2
3F4A
BE6D
3E81
BFA5
3EA5
BF1B
BF27
BDA5
BF18
BFFC
3F09
3D43
BF05
BEAF
BF11
3F36
BFC4
3F9E
3DE8
3FBE
BC5B
BF6E
3F23
BC36
3ED7
BE2C
3FB6
BD22
3FD6
BF3F
3EC0
3F60
BF47
3F22
3E9F
BEE1
BF09
BE52
3F37
BF0C
BE18
BE89
BF93
BF2F
3FF9
3F71
BE14
3F8C
3F26
BF87
BEC3
3F4C
3D06
BF4F
3EAD
BFA5
BF5E
BF6A
BEFE
4025
BE3E
BF83
BE30
3E7F
3F45
3FA9
3FD5
BF37
3F80
3EDF
3E90
3F22
BE72
BF6D
3F22
C01D
3EFB
BE0E
3F21
BF58
BFA7
3EC8
3FAC
3FD1
3F9C
3F2A
BE78
BFA1
BEB4
BFB8
3F00
3DC3
BF8C
3DE6
3EB1
BFA1
BEFF
BFCE
3CE1
3EA4
3FB1
BFAB
3FC9
BE59
3F70
BFAE
C017
3E07
BFE5
BF16
3FB9
3F84
3F25
BEC8
3EEC
BEC7
BFA4
BD97
BF1B
3CDD
BD15
3EF6
3D21
BCCF
3E4D
BE40
3ED1
BE23
3E03
3F6F
BFAC
3F03
3E58
3E8D
3F1D
BDF7
3F8F
BEAA
3E9B
3F8E
BF7E
3F76
BED0
4009
4001
BEDC
BF35
BCF2
BF57
BFCA
3E9F
BFAC
BFDA
BEA8
3F93
BF5B
BF20
3E1B
3EDE
C001
3D9D
3F3B
3F1C
BF47
3EFB
BFB4
3E8E
BECF
3EAB
3F23
BF83
BFC1
BD87
C016
BFA5
BD1B
BF5B
BD1E
BECC
4002
BFB3
BE00
BF67
BF8F
BF48
3EEE
BF01
BE9F
3F79
BF76
BFA8
3EC9
BFDB
BF19
BE92
3F90
BF4A
3E5D
3F72
BFA8
BF5F
BE83
3EF4
3EEB
BF8D
BFB1
BFE0
3F25
3F40
3E1F
BF18
BF90
BF47
3FA1
BF91
3D68
BE7A
BF23
3FB9
3FBF
BE0B
3E01
3F03
3C65
BE86
3EBC
3F8C
BEEF
3EF8
3F4D
400D
BE1E
3F8C
BF8C
BFBB
BE97
BF4F
3FD7
3EB4
BFF1
3F1C
3F32
BEEC
BFAC
3F98
3F88
BF57
BFDF
BFA0
BFB3
3E8C
3FBE
3F9F
3F54
BFEC
BF5F
BFB9
BFE1
BE65
BE6F
3F3B
3C42
3F09
3F50
3F8A
3F08
BF52
3EC6
BE89
3FBD
BFC7
3F21
3F87
BFFE
BEBF
3FDE
BED3
3EA1
3EBE
BDAA
3E6B
3FEA
3F94
3E9C
3E99
BF49
3EF3
BEE8
BD76
3F84
BD9E
BEC9
3F32
BF6A
4004
3D26
BE99
BF0A
BF21
3F61
3E10
BF84
3F60
3F83
3EDB
BFB4
BF15
3F79
4005
BF7B
3FF5
3F80
3E47
3EF3
C002
BF91
4003
3F40
3FBF
BE67
BE45
4027
3FCC
3D6C
BDE1
BCA5
BE9E
BEED
BAC1
BF8A
3E8E
3F6E
BF02
3F6D
BF58
3F9C
BC5C
BF06
3E38
3EAD
BE93
BE79
BE11
BF77
3F3A
3F05
3F05
3E0B
BF6C
BE37
BF9E
BE99
BFC8
3F69
3FEE
C00D
BE8B
3E05
BF13
3F2F
3FB5
BFAB
BF68
BF10
3EDB
3FB3
BF0B
3FB1
3FBF
3FB6
BE88
BF10
3FD7
BEB0
3F0B
3F82
BDFB
3F51
3F03
3FAE
BE7A
BF00
BEF1
3F24
3EF8
3DDF
3FCE
BEEF
BF49
BF97
BF89
BEFF
3F31
BE78
BF66
3F52
3D66
3F9C
BEE2
BF69
C014
3D32
3EBD
3DE4
BFCE
3FD6
BFA4
C005
3F6D
BF20
3FD3
3F90
C015
3E9E
BF10
BEA3
BECA
BFAA
BF78
3F6E
BF91
BDB2
BF1A
BF88
3E84
BF5D
BF37
BF2A
BF2E
BFCC
BFC9
BFD1
3FB1
BFB0
BF2B
3FD7
3F10
3F85
BF4A
BF80
3F7E
BD2A
BFA5
3E40
BE63
3C47
3FEA
3F6A
BF65
3FCD
3F38
BFAE
3E9D
3FC3
3E87
BD96
3F97
3D70
BE45
BE79
BF99
3EE1
3F9E
3F41
BEDB
BF52
3F8C
3E84
BF06
3ED6
BE81
3E76
BF60
BCA6
BEB2
3F2F
C00E
3E23
3FF2
C011
BF98
3EC8
BEFF
3F13
BF2E
3DF0
4027
BE06
BF78
BF8F
3DD5
BF49
BF2C
3F95
3FDC
3E28
3E02
BEE3
BF6F
BEB8
BFA7
3F06
BF98
4013
BF8E
BF29
3F07
3FA3
3F34
3EA3
3E11
BFEA
3DC3
BDF5
BEBA
BE99
3E92
BF8F
BDB0
BF06
3FDA
BF76
BE03
BF98
3F28
BE6A
BF38
BFD4
3E9A
3FA0
3F01
BFA3
BFA4
BF79
BE84
3FE8
3DE1
BEF9
BE0B
3F21
BD11
BFA5
3F8B
3F9A
BFE4
BED3
3ED7
3F15
3FBB
3FA5
3F38
3FB1
3F11
3F74
3ED8
3FF2
BF57
BFBE
3E13
BDEB
3EDE
BF5D
BF71
BFCA
3EF9
3ED3
3E4B
BFA1
BFDB
3FC1
BF62
BECF
BF86
BF03
3F5A
BFFC
3FA5
4004
BF74
BCB2
3E00
BE51
BE55
3F33
BE08
3EE6
3FA7
BFB6
BECC
BFC7
BEB2
3FC3
3F8F
BD8B
3EE1
3F0E
BF0C
3E8F
3FC6
BE65
3E9D
BF6E
BFBB
BDC3
3F39
3E64
3F61
3EEF
3E47
3D1A
3D27
BE2C
BF1F
3EE1
3FA0
4036
BF22
3D07
BF82
3E29
3F2B
3F91
BF7D
3E3B
BF97
BED0
BFA2
BE94
BF48
3E8B
3F54
BF9D
BEDF
BDF1
3FBF
3F43
3FF2
3ECC
BFC7
3F9A
3EB7
3F22
BF66
3F08
3FA5
BF55
BF6F
BE44
BF65
3E14
3E68
3F5E
BEE3
C003
3DF7
BF07
3F47
3FD0
3F19
BE92
3F6E
BE37
BF1B
3F4D
BF1D
3F23
3DAE
3EB9
BFB0
3FAE
BF86
BEAF
BF02
3EE6
BFB3
C011
BF2B
3F8F
3DCF
3D99
BF1B
C005
BF84
BEF9
BEDD
3EE7
BF29
BF81
3F8E
3F73
3DB1
3F28
BE7F
BF5E
BF3D
BF0B
3D89
3F7F
3ED7
BF26
BF2B
3E98
3F8F
3F79
3F3E
3C79
BE0E
3F93
BECC
C05B
BF22
3F28
BFAC
3D59
BF1C
C022
BD8C
3E2A
401D
3E29
BFC1
3FA9
BF02
BFF0
BF17
3EBA
3EF2
3EFC
BF73
BF84
BCDA
3FCC
BE9D
BE40
BE5B
3FB7
BFCF
3F52
3CFA
3CF9
3E40
3F6E
3DBA
BE94
BFEF
3FEC
BE9E
3E5B
3D5B
3E4F
BF07
3DAB
BE9C
3F1A
BE9B
3FA6
3F0A
BECE
3F3B
3FCF
3E4A
BF97
3EDF
3DB1
3F20
BF7A
3F5A
BFF0
BFE6
BFD7
BDE7
3F71
BE63
3F72
BEBA
BF5E
3FA4
BE64
BF8C
BF08
3DFC
3F48
BF16
BE2F
BB25
3F90
BF40
BFD4
BF3A
3F30
3FBC
3FB0
BFD2
3C68
C00E
BF51
BEF8
BFBA
3FA0
BF31
BE41
3E8B
3ED1
BF59
BD2F
3CE0
BE1D
3F37
3F10
3E8F
3F98
3EC3
3EAD
BF54
3DB9
3FD5
3FD0
3F33
3F4E
BFCB
3FD1
3EB7
3DF2
3E80
BF23
BEA8
3F3B
BFE4
BF37
3E71
3EFA
BDE7
3DD7
3EC6
BE89
BF0E
3E5D
3FEA
BE83
BF7D
BD95
BE96
3F8E
BED1
BFDB
BEAA
3F89
BFB9
3DD2
3F13
3F21
3FEB
BF8A
3D82
3F17
3F25
3F8D
BE7D
BF0D
BEC5
BFA3
BFC4
3F3A
C021
3F8B
BE36
BF87
BF9A
3F0E
BF27
3DFB
BFD2
BF53
BF6C
C009
BF22
3F4A
BE90
BEBB
3DD5
BF89
BEAA
BEAC
BDEE
3EC3
C004
BF3D
BF47
4010
3F4A
BEA6
BFB0
3DD5
3C82
3EEF
BF00
BF66
BFD2
BFBC
3E0D
C03D
BE76
C00E
3E96
BEEE
BF83
3EA8
BF26
BE4D
3E77
3D20
BF6D
3F1A
BEAA
BF41
BE57
4024
3F79
3F93
BE80
BEA1
3F16
3EBF
3F39
BF1B
BDF9
3F0D
3EAC
BF51
BDB5
3F8E
3F51
BF62
3F8B
BF93
3E00
3F81
BFF7
3F05
BFB2
BFCF
BE65
3F55
3F96
3FB0
3F56
BF1C
4007
BF57
3E64
BFAB
3F1B
BE40
3F9A
3F91
BDFA
3FC3
BF6D
3F86
3F2F
BFA9
BF17
C007
BF57
3E56
BFB0
BF80
3FB8
BF3E
C004
3E31
BFDA
BF26
BF6A
BFB1
BF20
BF7C
BD98
BB26
BCCC
BE8C
3F3D
3FCB
BF41
3F2B
BF9D
BDC2
3F9C
3EDD
BF80
BF44
BF1C
3F87
3F41
3D2F
BF6C
BF90
BF0E
BF75
3FDB
3F91
BEE4
3F19
3F1A
BEF6
3FA0
3CD0
3FCA
BE3A
3F92
3EDB
C006
BF20
3E3B
3F84
BF22
3F55
BF30
BFE1
BF28
BCFE
3F3A
BF08
BD69
BE01
BD45
BEC7
3DAF
3DA7
3E95
BF15
BF96
BF7B
BF86
BFD5
BE8F
3EEE
3F6C
BF0D
3E27
BE2F
BE9A
BF05
BEC1
BF0E
BFCC
BF87
BF8C
3F93
BF1D
3EBF
3F3E
3F05
3F9F
3EB0
4015
BF48
3DA3
BE67
BFC2
3D78
4013
402B
3F11
3EF6
BF94
BE2C
BFA1
4017
3DBF
3F09
BF3E
C047
3DCF
BFC2
3F49
3F95
BF0B
3F06
3F1D
3F3F
BFC1
BF73
3F24
3E02
BCA5
C001
3F34
3E2F
BFB5
C006
BEA0
3F32
3EBD
BF28
C049
BE66
3E3B
BD97
BEF1
BFAE
3FFD
BE0D
3D7F
3EC0
4002
3F01
3F43
3FCD
3F7D
3F62
3FB9
3F22
400C
BF7A
BE3D
3E97
BEEB
BFC3
3F45
BED3
BE8E
BF86
BF9D
BEB7
BF6D
3EC0
BEF4
3E97
BFB8
404C
3F6F
3F89
BE5A
3C5A
3F52
C014
3FBA
BF58
3FB8
3FF8
BDF9
3F5B
3F95
BF57
3F9F
BF94
3FB1
401F
3E0F
3E99
3EC5
3F65
BD96
3F8E
BFEC
BEA5
3F87
BEE1
3F5C
3F88
BEFA
3D81
3FA3
BF79
BDD6
BFAA
BF52
3F3F
3ECD
4006
3D9E
BF81
BF3C
BF7D
BBBE
BED7
3ED0
BEC8
BEC7
BD94
BE40
BE9E
BDDB
BFB1
3F2D
3F01
3FAE
3F82
3D88
C00A
3EE0
BEC9
3F56
BF29
BF6E
3E86
4032
BF94
3FC7
BF44
3F7D
BFC2
3E39
3F06
3D85
3F87
BF3E
3F7A
BF21
BEDA
BD7C
3F35
BEE6
3F44
3F73
BF7B
BE15
BEA2
BEAF
3F31
3F5E
3F84
BF01
BCAD
3FC5
BEEF
BF13
3F01
BF86
3F9F
3F48
BDFE
3EEE
BFBB
BE9B
3F63
3EBC
BFB9
BF7A
BF8D
BEE0
BF9C
BCC3
3D86
3E82
3EB3
3FC0
3F9E
4018
3F86
3E94
BF75
3F7B
BEB4
3FE7
3F8E
3F01
3FA4
BE6D
BF90
BEB4
3F54
3F7A
3F29
3F1B
BF89
3E3B
3E06
3ED9
BF88
3E28
3F73
BFAA
3FC2
BE52
BF2E
BF9B
BF3B
3F07
BDBA
3EE2
3E73
BF12
3F8A
BF4F
3EB2
BFBA
BE86
BF1B
3FCA
BF09
3FC8
3DB8
3F85
3F4F
BE8E
BE31
BD38
3E99
3B2D
400F
BD66
BFC7
BEBB
BF98
C004
400B
BF9A
3FE6
3F17
BFA0
3F12
3EC7
3FE3
3E79
3FE6
BD5B
BEEA
BFA3
BEA5
3EEC
BE60
BD68
3F9A
4038
3ED6
3FA6
BF61
BFD4
3EDA
3EC1
BF5C
3F99
3F23
3F42
BFE5
BFAB
3E6B
BECB
BFB9
4012
3F9A
3F79
3DF8
3F0E
BE96
BE68
3E85
BFD0
3FD0
3F27
C006
BF47
BD79
3FC9
BF19
BF14
BF31
3F99
C00F
BDB8
3F9A
BEA4
3F55
BF9C
BFD8
3FB7
3F3B
3F99
3FCA
BFB5
3DC2
BF26
BF7B
BF13
BEC4
3FA6
BF7F
BF82
3FF2
3F78
C024
3AA7
3E41
BCF7
BBED
C008
BF8B
BE7E
BDBF
BFD7
3F76
3E80
3E98
BDFE
3DE4
3F89
3E53
BF3F
BFA4
BEC5
3EFF
3F29
3E40
3F01
BEFB
3F8C
BFE3
3CDC
3F10
3E82
BE95
3F81
BF83
3F23
BEC9
BF08
3FB7
3EB4
BD83
BFC5
3F98
BD18
3F76
3F86
3DB4
3F0A
BF85
BDD7
3C8A
3E98
BE51
BDB6
3EE9
BDE8
3FEE
3FBA
4006
BDED
3E99
BF63
3F1C
3D03
3F51
3F35
BF7E
4000
BEB6
BE70
3E8F
BEAB
BF0B
3F86
C000
BDC9
3D20
3F7B
3FC0
BF46
BFC7
3EE6
BFA4
BEA3
BF5D
BF83
3F73
4048
BF55
BECD
3F0E
BEAA
3D8F
3FCC
3E89
3E31
3DE6
3E7C
3F2F
BF37
BE72
3F22
3FCC
3E30
3FC9
BE8C
3B74
BF6B
3F98
3D32
BEB2
BF8A
3F94
BEBB
BE8F
BD03
3FAA
3FB7
BEE3
3F7E
4006
3F78
3F48
3CA7
BFA7
BE4A
3D33
3F4A
BF8B
4023
C00A
BF19
3F0D
BE53
BE22
3F57
400F
3F1B
BE8D
BF3F
BFD1
BEDB
BE3F
3EF8
3EC6
BE68
3E36
BE45
3FC6
BF35
BF77
3F1A
3E8E
3F43
3ED5
BD56
3F1F
BE06
BEFE
3FC4
3E8E
BED6
BFB0
3E44
3F59
3FC6
3FEE
3FC9
3E5F
3F68
BED6
3F29
3F27
3F27
3F82
3DB2
3E81
C011
BE86
3C40
BE78
3EED
BE3D
BFE8
3E9A
BE70
3FB8
3F92
3F86
BEC3
3F28
BF1B
3F6B
3FCB
BE6D
BEED
3FEC
3F69
C035
BE35
BEDB
3EA3
3EA1
BD78
3E5C
3FA9
BE96
BFB1
3F93
3FBD
BF00
3FCC
3F51
BF53
BDAE
3E42
3EC3
4008
BF98
BF9D
3F63
BEF7
3F3E
3F74
3FDF
3D07
BFCF
3E1F
3ED4
BCE5
BEFE
BE99
BE7A
BF8C
4000
3E7D
BE30
BE86
3F02
BF70
BFE0
3E21
BF4A
BE80
3E66
BC35
4016
BEA1
BF08
BF91
BFCA
3F89
3FF7
BF84
BF50
BE96
3FEA
3E08
BEAD
BE28
3F7E
3E9B
3E45
3E6E
3F8E
C024
BFBA
BE64
3D94
3E67
3EEB
3FCD
3F5F
3D91
3FAF
BE76
3FEB
3DB5
3EDC
BED2
BF93
3EAF
BF1A
3FF8
3F42
BE08
BD31
3F01
BFA9
3F9E
BF2C
BE8A
3F70
BE88
BF31
BF61
3F22
3EC1
3E21
3E11
BEF8
BDB1
4005
BEE1
BE29
BF91
3F38
BD96
3F5E
3DA4
3FA8
4004
BED2
BF26
3D64
BC53
BF33
C00E
BDC8
BED8
3D38
3D80
3EAF
3DC2
BEC0
3F5C
3FE0
3DAE
BFEF
3EB1
BF41
BF63
3EA0
3F58
BE97
BEC6
3F0F
BE74
BFB0
BE24
3FB1
BEF8
BF7F
BFAC
3FA6
3FD8
3F46
3E2A
BD98
BE02
BD0A
3F2E
3DAC
3E88
BF97
BE60
BF47
3F4F
BDF5
3EFF
3F46
BFA1
BF8B
BF76
BF66
BF15
BF1C
BEA1
BC8D
BC90
BF63
BFAF
3ED1
BE82
BFBB
BF26
BEA8
3F20
3F06
BEB7
3E8D
3F5B
BF61
BFA5
3F84
3F57
3F16
BE22
3F37
BE3D
3FFA
3F07
3F42
BEE0
BF14
3F0B
3FB4
3EE4
3D7A
BFDB
BEA2
BF95
3F92
BF20
3F0C
BFCB
BEB3
3FE2
BEF8
3ED3
C051
3FB8
3F8C
3ED9
BFFD
BFAA
BF01
C026
BF53
BF7E
BDD2
3F95
3F64
BF21
BF34
3F8C
3F21
BFC1
C021
BF2D
3F54
3EE8
BE3A
3F5A
3E37
BF96
3E4F
3F04
BEFF
BEE8
BECA
BE7B
3E38
3F69
3EDE
3F52
3E97
BF99
3F10
BF1B
3FAB
BF1C
BF27
3F92
BEC0
BE0A
3F22
3FD4
BF5C
3D35
3F59
BF64
BECF
BF54
BDEF
3F87
BF84
3F7E
3FC8
BEF0
BEEC
3E3E
BF5E
BE2A
3FB2
BF4E
3FDF
3FD6
3FD5
BEE3
3F1C
BF12
C02A
3FBC
BF1C
BDE4
BF65
3F94
BF7C
BDD7
3F74
400F
3F22
C023
3FB4
BF99
BEDF
BF9C
3E88
3F0B
3F48
BFA0
3F0E
3E96
BFD0
3F7C
BFBA
BF8E
BF81
3F8F
3FFB
3FEB
3E8D
3FA1
BED8
BF11
BF52
3EFE
3D90
3F5A
3F87
BDDC
BF6D
BFA1
BE8F
BEFC
3D4A
BFD9
3F91
3FD2
3C0B
3F88
BEB7
3EC4
3ED5
3FCA
BEF6
BED7
BFAF
3F28
3F1B
3F76
3FD3
BE32
3F0D
3F72
3E02
3F31
3EC7
3D92
3FC0
3F87
BEF4
3FED
BEE6
3E59
3F29
3F02
BF20
3F74
BF13
3F98
BFA3
BF6F
3DD1
BF8E
BF81
BF89
3E8F
BDE1
3F81
BF00
3F71
BF91
BDC1
3F7E
BE47
BF8B
BE91
BEDD
3FEF
BF4F
BF30
3CC2
3C5A
3FA2
3F0E
3FCC
BFC2
BF59
BE2F
3F29
BDF1
3E5B
3EA8
3FBD
BF66
BDB5
BE65
BE0C
BDD7
C007
BF11
3E80
3EB4
3F87
BE23
3FB6
3E1E
3F51
BE35
BF75
BEE5
BF42
3CF7
3F87
3F79
3F16
3F88
3F7C
3FE9
3F79
BE0D
3F1C
BFCD
BF9C
BD53
BC7D
3F2C
BDCD
BF0C
BD3A
BFF0
BF3E
BFB6
3FA6
BE2F
BF95
BFC6
3EE5
BEF2
4025
BEFC
BEC0
BF77
3F7C
BF56
BF05
BEC3
BF4F
3EEE
3F89
3F91
3F15
BF17
3E79
3F71
BEA4
BF9C
BDDB
3F2D
BF00
3CA1
BCC2
3F6E
BDB7
3EE9
3D40
3DEA
3F4A
3F20
3EFC
BECE
BD7C
4000
3FB5
BEB4
3F9E
BF18
C01C
BEE3
BD7A
3FEA
BF87
3D39
3F55
3F36
3FC6
BEB2
BEAF
BEAC
BF3D
BF81
3FA7
BE8E
BFE9
401C
3F05
3D4F
3EED
3DFA
3FAD
BCF2
BEE7
3F5B
3F9F
BED0
BE82
3F8D
3F46
3F9F
3FBA
BFA3
3EA8
3F54
3F77
BEA7
3E22
BE5A
BFC4
3FD6
3DDC
3F51
BFA3
BE9A
BF35
BF18
3F98
BF22
3DB1
BFBC
3F37
3EEC
BF6F
BEFD
3F4E
3FBC
3D27
3F8D
3E7D
BED3
BED8
BF93
BD8F
3F1F
BF3A
BED3
3F63
BD11
3E96
3F3A
3F46
3E81
BF9C
3EEA
3EB6
BFCA
BF0F
4016
BFC0
BFA5
3ECD
3ECB
BF0C
BF8B
BF82
BEBC
BFBB
BFA0
3F82
BF01
3F45
BEC0
3F5F
3FAD
C005
BF0E
3E68
3FC0
BFB9
3F7C
BDC0
3FD7
3F60
3F18
3E45
3E12
BF13
BF3B
BF03
3F89
3F64
3F74
3E0B
3DBE
BC54
3E7B
BDA1
3F99
3F3E
3F04
BF7F
3F7D
C000
BF8E
BEA7
3F80
BFEA
BF58
400C
3CD0
BFDA
3F3E
BFAF
401C
3E80
BECC
3F8A
3E9A
3E2C
BF12
BF54
BE65
BF10
3F2A
BEAA
3E38
3DD4
3FB0
3F3D
3FA1
BDE4
3FDD
BF74
3FE6
BF4C
BF1E
BE28
3EF3
BF8F
3F0E
3BBC
BF9A
3E2D
3E23
3FD3
BF25
BEF7
BF2D
3F16
3F45
BFA2
BF98
BF80
3FF5
3E00
BEA2
BECD
3ED7
BEB7
BEAF
3E4A
3FE5
BEE8
3EFA
3EBF
3FFD
C003
BF84
C009
3FA7
4013
400D
BFA6
3FB7
BF15
BF30
3F50
BFFA
BF4A
3FEC
3F07
3FCB
3E54
BF9B
BF12
BFEE
3D87
3F35
3EAF
BF29
BE1D
BD3B
3F5E
C020
BF14
3EC5
BD1F
3F4A
BFE1
3F11
BF49
BD39
BF96
BEFD
3F8D
3FB0
BD09
3FBA
3FA2
BF28
BD9B
BEDF
BF3D
3FBF
3FB3
BF59
BEFA
BE0C
3FCB
3F7F
3F4E
3F2D
BF3A
BFB3
BF48
3F16
BF71
3E7F
BFBB
BF59
BE09
BFDF
3FCC
3F6B
3E8E
3E6A
BE10
C008
3FB7
BD67
3E49
4008
3F3B
BF9E
3ED5
3E17
BFB7
3F21
BE08
C01A
BF8F
C008
BFCD
3F1A
3F72
BFA3
3F23
BEC5
3C8B
3D78
3DF0
3FAA
BFBE
BE08
3F46
3ED6
BFB8
BE5F
3E38
BDC6
BF8E
3E2C
BE6C
3F24
3F8B
3DD0
BF7D
BF67
BEC8
BF2C
3E13
3F61
BF5F
3F61
3F00
BF2F
BD61
3EFC
403D
400C
BF9C
BFF0
3FE2
3F1C
3EB5
3F7C
3FA1
3F3D
BFEA
3F34
BEF5
3FC1
BDE8
BF81
BFA8
BFA7
BB0A
3B7F
400B
BF99
3CD5
BF99
BF01
BEA3
3C83
BE3F
3F09
BDF6
BE58
3E73
BFA3
BF24
BE9E
3FBB
3EA5
3EA7
3FE0
3F7C
3EEA
BFE2
3F71
BFF7
BE02
3FFA
4012
BFE8
BFD3
3FEA
3E72
BF7F
BFA3
3E45
BF5B
BED1
3E19
BEC2
BF88
3D9C
BF6A
3F4B
BF10
3F38
3F7B
3FCB
BE44
BEBD
BABC
402A
3F8E
BEAE
BF17
BF49
3EE5
4003
BFC4
3F99
3EA8
BF25
BDDF
3F7A
BDD7
BCD8
3F80
BF92
BF2F
BF93
3F93
BEB2
BF25
3E23
BF36
BF38
3FC8
3D9B
3F6A
BFE4
3DDA
3F89
3F15
BF26
3FA2
BF83
3F6F
3D15
3FCE
3F58
3EE2
BCB1
3EB7
BDD5
3F3C
401F
3F50
3F80
4012
4002
BFC4
BEC1
BED2
BF82
3FE1
3FB7
3FCB
3FBD
402E
BE7C
3F9F
BF17
3F96
BE4C
3E6E
BEF8
3E90
BE2B
BE5B
BE09
C000
BE57
3F41
BF03
3DF4
3F51
BE05
3FBD
BE3D
BFEA
BC42
BE90
3FD3
3FBD
BF62
BE52
3ED6
BE17
BEA8
BFBA
BF6C
BF29
BF05
3EBC
BF86
3FC0
3FD7
BEA4
BEE7
3F3D
3F52
C02E
BF65
3EBE
BE7D
C00E
BEAD
BFBD
3E32
BF58
BF7B
BF97
3DCF
BC14
3E89
3E0C
3F14
BD9B
3DF2
3F92
BFC2
3DDA
BF61
BF36
BFB9
3F5D
3E77
3F09
BFDD
3F95
BD93
3F53
3DE2
3F07
3FAD
3E11
3E5A
BF13
3FB9
3E5D
BFF9
BFE8
BE68
3E8A
3F9E
BF27
3E0B
3FBD
3F7F
BE26
BE97
BFBE
3FA7
BF48
3F32
BF97
BFE3
BF00
BF81
BF8D
BD58
BEB6
3E04
BF95
3F43
4015
4027
3E7A
BF6B
3FA7
3F35
3E49
3ED9
BE9F
3F46
BF0F
3EEA
3ED4
BF2C
BF6A
BF9A
3F21
3F1F
3F66
3FEE
BF2B
BFA3
3FC8
3F17
BF1F
3E09
3EA2
BFD7
BF17
3F6E
3F6D
3F6A
BFB7
3E8A
BDF0
3E64
BE8C
3F2E
3F1E
BE81
3F92
BFAF
BEB3
BFDD
BF2A
BEEB
BE7C
3EBC
BDBF
BF20
BF3C
3F1D
3F1C
3F23
3FD0
BFA0
3E8B
3FF0
BEB1
3F9E
BE8D
BF0C
3E30
C03B
BE97
3FBB
BF21
3F68
402F
3FD4
BF9B
BF1E
3E68
3FDC
BE23
3EA3
3FA3
BFC8
BF36
3E9D
3EF8
BED6
BE8C
400C
BF55
BF8F
3F37
3EB8
3F9C
BF6A
3FCE
4013
3E85
3F35
3F37
BF2A
3F20
3F05
BDA4
BF5A
3F22
BF8B
BF2D
BF87
BF8F
3F9E
3F04
BFD2
3FC2
3E96
3EB8
BFAC
3F64
4012
3EC0
3EA4
BE6A
3FC0
BF9F
3F95
3E76
BEC8
BE7A
3F95
3BF7
3D5A
BF80
BF88
BF87
3F24
3E0E
BFA3
BED8
3E77
BF6B
BF70
BF54
BDA9
3F1C
3E5C
BE14
3CEF
3FDD
BF26
BF10
3F1E
C03B
BF4C
3F8D
BF35
3CE6
BF0E
BF04
BE71
BE82
BF8C
BF43
3F71
BE36
3CF8
3F87
3E0B
BC02
BF71
BF27
3FF8
BF40
3E0A
3FEC
3ECD
3E92
BF96
BE8C
3F2B
3E91
BF10
3DF1
BF31
BFC8
3F9E
3CC0
BF06
BF1C
3F82
3FA4
3E8F
BDD8
BDBD
3F23
C006
BF50
BEC2
BFF6
3F05
BF31
BF80
3EE5
3D46
BFD1
BF1C
BFDA
3EAB
BFC2
BDC3
BFCD
BFA5
3E1D
BF6D
3D78
BF81
BF2C
BF77
3FA0
BF25
3FBF
3F6A
BEB3
BE3D
BD03
BF8C
BF19
3FA1
BEDE
BF2A
3F68
3EA3
3EE4
C006
3E86
BE62
3DEF
3F2A
3FCA
BF65
3FCC
BF39
3FCA
BEC4
3F62
BF4F
BF02
3FC2
BF86
3FE6
BF9B
3ECE
BF05
BF86
3EF2
BF02
BF6E
3E2E
BCC2
BEC1
BE44
3F28
3E84
BFC9
3F65
3F4E
3EBD
4039
BF09
3EF2
3F0E
3F7E
BF74
BF70
3EBF
3F85
BFAF
3FFC
BFFE
3F29
3ECF
3E89
C015
3CE0
3F7B
BE3F
3F9F
3EC7
BF0B
BF7B
3E16
BE83
3EC2
BE6C
BD52
BEDA
3F88
3CA3
BB25
BF61
3F4C
BEA4
BFAB
3FCA
3F5E
3F29
3F82
3F1F
BF81
3F40
3F81
3F0E
3F20
3D7A
BD85
BE9D
BF17
BFD7
3F74
3F32
BFEB
BFAA
BFC0
3FAF
BE3E
BC1C
3FF3
3FA4
BFEB
3F6A
BDD1
3F04
BFEA
3FB3
C005
3FE2
C00E
3F2E
BF41
3F12
BFBF
3E55
BF46
BF28
BEF9
BDC1
3F21
BF8B
3EA0
BF22
3F16
BF7C
3E89
BF4E
3ECB
BE3E
BE9C
BF9B
3FB5
3F9F
3C0D
3F3C
BDD2
3EAD
3F50
3FA7
3EB0
BF4A
3FAA
3E46
BF88
4000
BCD1
4011
BF84
BE77
BE9F
C002
BF85
3F70
3E05
3FBA
C021
BFB6
3FB2
3F94
BF81
BF27
BEFA
BF76
3FEB
3EF4
3F79
BF32
BF13
BF0C
BEC9
BFBA
3F7D
BF0F
BE8C
3EA5
BEE7
BE60
BF8C
3C91
3DD1
3F39
3F87
BF22
3ED3
401F
3F53
BE4A
BECB
4036
3F60
3F53
3F4C
BF70
BEB7
3F7B
3DF9
BF56
3EAF
BF5C
BFBF
3F4B
3FCC
3F40
3EED
3F42
3E73
3FA1
BECC
3FAB
3DF7
C025
BEF8
3EC2
BF89
3FE7
3F65
3B23
3FA6
BF41
3D54
3F0B
BFD9
BF63
3E2A
3EC0
BF9C
BFA3
3FAB
3ED4
BF81
BEEC
3EC5
BFAB
3F83
3EB5
3F03
3E7B
BFB1
3F9D
3BFB
BE1F
BFA0
3F6E
BEE7
3F3E
BF1F
BE01
3FE3
3F74
3F1B
BD29
3F94
BE99
3F0C
3E85
3E4E
3EE4
3E5B
BF3C
BEE1
3E02
BD36
3F98
BF69
BFD8
BE6C
3FB1
3EBB
BF14
3FD8
BE38
BDFA
4002
4008
BF8D
BE2B
3F0A
3FC4
BF46
BF73
3F38
BF68
BF88
3EEB
3F1E
3F2D
BFDE
3F6C
BB82
BF50
BD40
BFE1
BE75
C032
BEE2
BF20
3E97
BFC8
BE92
BFD4
BFA8
3FA2
BFAD
3E25
BDDF
3FE3
BFAF
3FF2
BF7E
BED6
3E80
BFBE
BEBC
BC8F
BEC0
BFA7
3D30
BEBE
BF27
BF20
3F92
3E3B
BFB7
BF7E
BC8D
BF05
BFB2
BEEE
BE75
BE50
BFA9
BF5F
3D4A
BFA1
3E41
3F84
BEBA
BEE2
3F35
BF0C
3F17
3EAD
3E69
3FDD
3F2B
BEBA
3FD2
BE9F
BF36
3FB2
3F47
3FC2
3F69
BF96
3E94
BF5D
3F95
BF09
BE14
3FB7
BFC2
BDA2
BBD6
BF8B
BF2D
3E53
BEAC
3E3F
BE8C
BF19
BE80
BFB3
4022
3F44
BE20
3F85
3E8B
3FD6
3EDB
BF97
BDFE
3F19
3EBB
3FCE
BDF1
BFE2
BFAE
3F8D
3F6E
3F0B
BF73
3F1B
C016
BE94
3ED8
BDE5
3F0D
3F81
BE39
BF9F
3F08
BF95
BF23
3EB1
BD4F
3CF7
BFA1
3EF3
C009
3FC7
3D28
3D3A
3E96
3F94
BB51
BE0F
BED2
BE7A
BFA5
3E67
BF1E
3F38
BF1F
BFAE
BD12
BEFD
BC4E
3F6E
BF11
BEB8
3F61
BF1E
C00C
3FEB
BEB4
BF0E
BF86
3E9E
3DCC
3F88
405F
BF4B
3CFF
BEC9
4017
BF9A
BF9E
3FCA
3F8E
BF75
BF33
3F4A
BE9C
3F68
3ED0
3F3C
BF5A
BE01
BF8E
BF31
3F15
3F32
3F7E
3FAC
BEBD
C027
BDE7
BF11
BFA0
3E90
4002
3F90
3F00
3F41
BE9C
BFC5
3F87
BF68
3F92
3FA7
3E6E
BF3A
3FAC
BD8A
3EEB
BF85
BEC1
BE6A
3CBA
3D90
3F0C
BFA2
3F5B
BF2B
BD1F
3F04
3EE1
BF4F
3E20
BF09
3F5E
3F3D
3FF1
3F40
3FAC
BE46
C012
BF3C
3F8C
BE7A
BFA4
BF9F
BE1B
3EE9
3DA8
3E7D
BE52
BE86
3F58
C011
3FB8
3EBD
BF89
3F52
3F07
BFD8
3E2D
3F50
3F5F
3DD2
3EB2
3F8E
3F66
BF53
3F9C
BF12
3B89
3F5B
BE6D
BE7D
BF4C
BF17
3F3E
3F92
3E3A
3F0D
BF0B
3EE1
3F05
3CA9
3F1E
BFC3
BE31
BF3B
3F31
BD2B
BF65
3F5F
3EE3
3ED3
3FBF
BF85
BFCA
BEF7
3FBC
BF9B
3F6C
3E9D
BF22
3F13
BE0A
BF38
3FAF
3FC3
4008
BF7A
3F18
3E31
3F43
BF86
3E8F
3F09
3FA3
3F82
3EEB
3F7B
3F42
BE35
BF32
3F12
3C9D
BFF7
BF7F
BF4C
BF00
BF90
3F41
BF28
BE4E
3E7A
3F9A
3EB5
3ED4
3EBB
3DC0
BF84
BF36
BF7D
3F21
3EB7
3D8B
BF79
3D46
3F77
3F19
BF82
BF1C
3F57
BF24
BF92
BF20
3DE8
BD5F
3F96
3F92
3F94
BF8B
3F0E
3E91
3F52
BFC1
BEE4
BF90
3E92
C008
BEDC
BF85
3F10
3FC7
BECE
3E27
4010
C04A
BF3C
3ECE
3ECA
BF22
BF79
BF7F
BFA0
BF2F
3DCB
BC90
C01B
3E03
3F81
BEB4
3FBD
BF52
BECF
BE00
BFC7
3F85
3E74
3E6A
3F6E
3F58
3D89
BFB4
3F2C
3B18
3F2F
3FD3
3F36
3EEC
3EB5
BF36
3EC1
3D1A
BFC3
3E83
BF2F
BE7B
3E70
3FC4
3FCC
3E9E
BEC8
3D92
3E27
BEA4
BD91
BF09
3ED0
3EB8
BF9B
BFE2
BEBF
BFA9
BF00
BDD4
3EC1
BE88
C01B
3D9B
BE13
3F7D
BF4D
3EF7
3F48
3E7F
3DD4
BECC
BFF0
BF17
3F91
BF4A
BEC3
3F85
BF7A
BE51
3EAF
3FC0
BF98
BFBF
BF76
3FAA
BE41
3F4A
BF90
3EFD
3EB7
3F42
BEE7
BF4C
BF34
3DDD
BF55
BFD3
BE0B
BF21
BEC5
3FCB
BDF6
BFF1
BF6F
3F2A
3FEE
3CE7
BF96
3DA4
3F0F
3ECB
3F61
3FB5
3E8C
3E66
3DE4
BFAF
3D24
BED4
C016
BF8D
3E4C
3F35
BE2A
BF87
BE90
3F6F
BFBC
3F2E
BF59
BEEE
BF9B
BE8C
BF2B
BFE4
3D6E
3EAE
BFB4
BF3C
BF52
3F19
BF1E
BE56
3EDB
BF70
BE69
BEBA
3F18
BF9A
3E17
3FB0
BF85
3F0D
3F25
3E0A
BF73
3F91
BE62
BEE4
BF84
3EAC
C021
3F3C
BE28
3F8D
BEC1
3F78
BFD5
3FEC
4007
BFC4
3DD2
BFD1
BCD8
BF9C
3E86
3F28
3F0B
3F8C
BBA4
3DBE
3F7F
BF72
BEED
BF7A
4000
BF34
C057
3F3F
BFC9
3D36
BF99
3FDE
3981
BD39
BFB4
BF6D
BF0B
BD8E
3DDB
3F9D
BF65
BE92
3F69
3EF0
BFB2
4000
3E67
3F42
3ED9
BFD1
3E8A
3FEF
BEED
BE9D
3F5B
BE3D
BEF0
3F8C
BF91
BF83
BF05
3FB7
3F0A
3E77
BD31
BFAB
3F2D
BF6A
BFA8
3E31
3F7F
BEAB
3F19
BE08
BF8E
3FF8
3EA2
3FA3
BF05
BC31
3F8F
BE88
3FD0
BE49
BF0C
C011
3E51
3F52
3F4E
3F0B
3F50
BE95
3F64
BE23
BEBD
3F0C
3E8C
3EE0
BD26
3F8F
BE09
3F60
BFE5
BEE6
3FD5
3FFF
BFAD
3EDE
BFCB
BF47
3F93
3F9E
BF80
BFBB
BF12
3F37
3F40
BFA8
BF79
BFED
BE8A
BF47
BF81
3FB8
BF31
3F7C
3EDD
3F67
3E10
BF4F
BEB2
BF44
BE9B
3FA3
3F59
C02C
BFA7
3FAE
BED8
BE17
BF54
3EBD
3EA1
BF0F
BFC9
3F40
3EDF
402E
BD78
3EC2
BE2E
3FC1
BF3B
3FC1
BE48
BEF6
BF1A
BF12
3F7B
3DBC
BF5B
3F8B
BF51
3F32
BDC3
BB90
3F8D
BEA9
BFD0
BFC6
BFE7
3EDF
3F00
BF5D
3D9C
BEC9
BF04
4013
BF83
BFC0
BFE3
3EF0
3FBE
C013
3E41
3F02
3F15
3FBC
BF71
BF27
BF72
3E7F
3FA9
3F35
BF70
BF36
BE4B
BFC0
BED5
BF12
BF63
BC1B
BF24
3F6C
BEA0
BE9A
3FB1
3A83
BEB7
3EB1
3F8A
3F19
3E62
BFA6
3F90
BFB1
BF06
3F2A
3F49
3F51
3FEE
3F96
3B72
BF08
3EF3
3E90
3D02
3F0D
BF1C
BEEA
3FBF
3F3C
3EBC
BFCD
3DB2
3E7C
BF9E
BCDA
3F8D
3F8D
3FAE
C022
BFEE
BF38
3E44
BF66
3DF5
BF54
3FCB
BF82
3F97
BF52
BF40
BD52
BF14
C005
3E5D
3F41
BD91
400E
3F13
BF5C
3EA5
BE31
3F39
3F73
3EED
3EC6
3D4E
BF1F
BFA5
BF1E
3FC2
3DF2
3E8B
3E86
3FB1
BEA6
3FD9
3F15
3FBB
BF04
3F8F
4018
C039
3E82
3E96
BEC7
3EE6
3E4B
BFBA
3FAC
BF18
3FC2
BEA9
BF45
BEEF
BF79
3F40
3F71
BFDD
3ECF
3FDA
BF87
3DF2
BE46
BFD1
3DDB
3CB0
BEC7
3EED
BE01
3F20
BFE6
BE93
3EDA
3F0E
BFD4
BF86
BF3D
BF9C
BDDE
BDF0
3FC0
BF9E
BF42
BF76
BFB5
BF4F
BF9C
3DA6
BFD0
4003
3FBC
BECA
BF54
C001
BFA6
3F56
BE6B
3ED6
BE94
3EAB
3F56
3E70
3E75
C009
BF92
BFF3
BE60
3F18
C001
3F0E
BF87
BE81
3F67
BE91
3DA0
3E56
BF7D
3E60
3F22
3ECB
BFA3
3F14
4028
BE57
3F28
3FBD
3EE3
BF46
3F2A
BF3B
BF8B
BF79
BE5C
3E9F
BFD0
BF4B
BEEE
BF5D
3FF1
3DCA
BD86
BF85
BEE9
3F62
3FFA
BFC4
3F4E
BF8A
4002
3F78
BF16
3FB1
BF1D
3EF0
BF36
3D81
BF87
BF95
BDF4
3DD6
402F
3EDD
3E6C
BF14
BECD
BEC8
3FA6
C000
BF69
BDC9
BEE2
BFA9
3F83
BE1C
BF08
3F57
3F48
BFB1
3DAF
3F60
BE7F
3FFF
BD6E
3D9B
3E0A
BE23
3E8C
3FC1
BD7B
BE86
3F39
C003
3F5F
C00B
BFBF
3FA8
3F87
3F75
3E6D
BFD2
3DBB
BF7B
BE1D
BF4B
BE38
3EE9
3F4D
BE9A
3EE5
BFDD
BF5C
3E9D
3E25
BDEA
BF80
BF84
BFD5
3C69
BFA6
BFA0
BDD4
3E4A
BDFC
3F93
BF7B
BFBE
3E79
3F74
BE31
3FC0
3F6A
3EC8
3E4A
3C8D
3E5F
3F45
3F9E
3F48
3EC9
C025
3FD0
3FCF
BF54
BF5B
3FD5
3F10
BFE7
C01C
3E90
BE58
3CA6
3EBB
3EC9
BEA8
BFDC
BF2A
3DD6
3F52
BF61
BBEF
3FE2
BFC6
BDEE
BFA6
C01B
BE85
BDA1
3FC2
BF4D
BFB5
3E4C
3FAC
BE55
3EED
3F52
BEDD
3CD1
C012
3F0C
BEA8
BF9A
BF03
3FE2
3F34
BF97
3E85
BFB0
BF11
3EBF
BF5D
3E18
3F67
3FF7
BF3A
BFC7
BE0A
3E60
BFDC
3F0A
BE81
3CAD
BE2F
BF35
3E9D
BD4A
C01D
3F5E
3F47
BF84
BD88
BCBA
3FCA
BFBB
BEA1
BEF0
BFA6
3F49
3F9B
3D19
3F38
3EC3
BEA4
BD81
3FAA
BEC5
BF0C
3FED
BF82
3E50
3F84
3E0D
3F77
3DC3
BEE0
BD40
BF36
BE91
3F7F
BEF6
3EA9
BE39
BE0E
BF41
3FD6
3EFA
3E88
BFB3
BF99
3F20
3ED1
3F32
3F58
BFB5
BFC6
3F2E
BFA0
BF1D
3F42
3EE1
3E52
BF8C
C009
4002
BE1A
BD7D
BE0D
3F99
BDDF
BF6D
3E12
BE58
BF5E
BF6E
3F83
BF36
BE1C
BE1C
3F3F
BF95
BE5E
BFD5
3DC2
3EFC
BF41
3EF5
C00B
3E6C
BF1C
BDD1
BF13
BF81
BF56
3F1B
3EF5
3D86
BEAA
BFBC
3E34
BF77
BFC1
3F12
3FBC
BEF8
3F3C
BED1
BE2B
3F06
3F9E
3EDA
BD34
BDE5
BEB2
BF41
BEC3
BDA0
BF19
3F3E
3FEB
BE93
3E22
3F90
3E1B
3D10
3DA4
3F56
3FBA
BF66
BEDA
BF90
BF71
BF25
3F51
3F51
3E83
BE52
BED1
3FA8
3E0B
BF7A
3F85
3CED
BDC8
BF2C
3EF9
BF1E
BED6
3FA4
BF6E
BDFC
BF84
BF13
BE9C
3DAF
BF87
BEC3
BE99
3FD5
3F3E
3E83
3F93
3EF0
BF9C
BDC7
BEFA
BF5D
3EB0
3EC9
BF89
3F6C
BF22
3F09
BF4B
3F90
BF3C
3F25
4013
BF6C
BF7C
3F87
3E8B
BF81
3F3A
BCB8
3F40
3E69
BF96
BF93
BE90
3FE4
3EA7
BF85
BFB4
BF66
BFE9
BF96
3EE1
BFB3
3E69
3F76
BFC7
BE12
BF73
3F01
4014
BE52
3F87
BFAE
3F24
BF1D
3EE8
BF02
3F43
3FB5
3F21
3EFA
BEAC
3F2B
3E16
3D32
3E89
3F19
BF92
BF39
BE71
3F42
3F4F
BF53
3EEF
3FB9
3F26
3F3D
3F9D
BE4C
3E82
3F36
BE2D
3E5C
BF32
3EAC
3E9E
BF45
BFCA
BF72
3EA8
BF6A
BFA2
4015
BE67
BF9C
BF9C
3F3F
3EE0
BE4E
BF66
3F0D
BF92
BCDC
3F0A
BF8A
3E94
3F6D
3FDA
3F92
3FEF
3EF3
C013
3EED
3FCF
BD1A
BF91
3E46
BE8B
BD9C
3E54
3DCB
4005
BF6B
BF9A
BF94
3E09
3F19
C02B
3F4A
BF17
BF89
BE92
3F9B
BFD0
BFA0
BEC5
3F79
3F06
3E3C
BEB8
BF5F
3E9B
3E7D
3E96
BFCB
BFF9
3F00
3F15
3F83
BF7A
3F5C
BFBB
BEED
BDB6
3DFD
3FAF
3E1C
BF8B
BF03
BF6C
BF2F
3E66
BFBB
3FAE
3EF4
BE3B
3ED3
3E58
BF45
3EA8
3EB8
BD07
3F4C
BF65
4026
BF33
3F46
3E32
BF20
3F96
3FC3
3F33
BFDA
BF9A
3F19
BEFC
BF4E
BE7B
3EC2
BF50
3F6A
BFC2
3E38
BF78
3EF6
4006
BF76
3F1C
3F60
3DF5
3EF6
3D79
3F23
3FA0
BFE3
BF16
3F87
3F0A
BEF2
3E45
BDAE
BF99
BFED
3ECD
BF4B
3F12
3E80
C003
3F88
BF19
BE82
3F61
3E8F
BF89
BFE3
C010
BE1A
BF9F
3E94
3D56
3F47
BE60
3F6D
BF84
3F0D
C01B
3F3A
3F1F
3F91
3F99
3EA5
BFBC
3F22
BFDA
BF08
3F06
BFA2
BF98
BEB8
BEA1
3F13
BFCC
3ED6
3DEC
BF97
3ED0
3FB3
BF48
BEF0
BF3F
BE03
3F88
BFCE
BCD3
3EB1
BF50
3F57
3FCD
BF60
BF90
BFE1
BF70
4031
3FA3
BEAB
BF33
BFA6
BFD9
3F45
BE0C
3F08
BF9A
BF10
3F94
BAB2
BFEB
BF3E
3FBC
3C35
3F15
3F8A
BF0A
3FF5
3F08
BE9C
BF51
BEFB
BE4E
3FC6
C003
BE88
3EED
3EA9
BE83
BF42
BFBB
BF73
3E89
3F88
BE41
3FB0
BF1B
3EDB
BF58
3F80
402F
3FA6
BDD4
BF3F
3E0C
C007
BF5A
3F78
BF3C
3F85
3F0D
BFC4
3DE3
3F70
3ECE
BFD0
BE88
3F5C
BC8C
BFCF
3C43
BE03
BE47
3FB9
3FB6
BF0C
BFFB
C00A
BF53
3E7E
3F44
BF11
BF7A
BEE9
BE0B
BEA4
3E7B
3D0A
BF86
BFA0
3F37
3E90
BF13
BEC2
3F30
BFD9
BF86
3F76
3EE4
3F90
3F2A
BF6F
BF99
BEFE
BFB8
BDE1
3FF0
3EB6
3F0E
BF8A
4007
BE61
3F2B
BF24
3F09
BFCB
BF44
3E9B
BF4F
BF05
3F93
BF93
BE1E
3E82
3EA1
3EE9
BEAC
BF85
BE99
BF21
3F1F
3E72
BDAD
BFCE
BF5A
3FCF
3D3D
BD8A
BF55
BDD2
BE52
3FCB
BEDC
3EF9
401A
3E1B
BF85
3F4E
3FFB
3EA4
BFC3
BEB6
BDF6
BFAD
BFC1
3F15
3EC1
BF05
3FBE
3FD7
3F5E
BFEE
3F1D
3F27
3EE8
3F89
BEAC
BF38
BF81
3FCE
3FF2
3F58
3F1E
4029
3EA7
BFDA
BF03
BC27
BEDD
4004
BF0E
BF6D
3F63
BF6A
C00E
3ED0
BF7E
C018
3FF6
3EF3
3FB7
BD28
3EFB
C007
4046
3F18
3F7E
BE8C
BFD0
3FC0
BDE9
C00A
3F73
3F30
BD63
BF8B
BFEB
3EBE
BF55
3FBF
3F52
BD8B
BE4C
BEB9
BCEE
BFC7
3E0E
BF74
3E5C
3FA2
BF87
3DB3
BF53
BF9B
BF73
BF30
C015
BEE5
3F59
C008
3E88
BF04
3F93
3F84
BEB9
3EE3
BFA1
BF06
BEE7
BE49
BE74
BFC8
BEBF
BFA8
3EF9
BF21
3E55
BFA8
3E7A
3F20
3FAD
3D06
3FED
BF63
3F3E
BFDC
C01E
3FE2
3F38
BE6A
BF04
BF27
4006
3FD6
3F95
3E49
3F71
BFC3
3EDB
BFDA
C001
3F28
3ED5
C00E
BFC4
3FC1
4011
BF98
3ECA
3F85
BF95
BEC6
3F2B
3E85
3F5C
BDF8
BF8E
BF5E
3F62
3E4B
BEF3
C015
BE8D
3F73
BED2
3F90
BF0A
BF9C
BEDC
BEF1
3F4E
3EAE
BF49
BF3C
BE8E
3EE7
BF49
3E0E
BFE5
3F96
BE14
BF23
3F69
3FF2
3EDA
BE18
3FCC
3EE1
3CCA
BF78
BFBB
3F0C
3FE3
3F01
3F30
3F0E
BDC5
3F22
BF63
BEF4
BEEC
BF07
BF7E
BF19
4068
3EE4
BF60
BFB1
3E97
BD7A
3F05
BEC3
3D6C
BEC8
BF7F
3F69
3FC4
3EA6
3E8B
3F74
3FC8
BF44
3E6E
3FC1
BDBA
BBFC
BE0F
3EBB
BF71
BE9F
3F1C
3D16
3E46
BEC1
BE40
BF88
3F46
BFF8
3F95
3FA8
3F99
BF54
3E05
3E80
BF62
3F09
3EED
BF63
3F0D
BEA7
BF89
3EBF
3FB7
3FE2
3E59
C003
BDBD
4008
404E
3D11
3E2F
3F9B
BE86
3F03
3EB0
BF9A
BF55
3E36
C029
BFCF
3FD9
BF1E
400E
3F09
BFB5
3EA7
3F4C
BE92
BF84
3F40
BECE
3F95
BED7
BFF7
BE2D
3EB3
3E66
3F98
3D03
3FCF
3ECA
3F92
3F02
3F7B
BFC6
BF11
BFAB
BFFC
3F0C
BF00
BE7B
3FC3
3C29
BFA9
3FE9
3DF6
BFAA
BF93
3F9E
BF80
BE0D
BF89
4004
BF62
BEED
BEA8
BFDF
BE8E
BFBA
4012
BEB9
BF8D
3EA1
3FA7
3EE3
3CEE
BF29
3EB7
3FF3
BF3D
3D09
BF9A
BF60
3F01
BF79
3EF6
BE98
3EC8
BF72
BE7E
3FB3
BF40
3D89
BFB3
3F2D
3E8C
3FAC
BF02
3FA5
BF1A
3F0E
BF5F
BDC7
BF88
BF14
BFA0
3B3B
3FC3
3FE1
BE25
BF52
3F2B
BEBA
3F4F
BF2A
3F58
BF10
3D01
3E12
BF0B
3F85
BF83
BEB1
3F81
3E3D
3FA9
BF31
BF6A
3FB9
3EE5
3B38
3FAC
3D0C
3DE2
3FA8
BF8F
3FC0
3F97
3EDD
3FBA
3E33
BE9F
401B
3F2E
3FA8
BE74
3F00
3F8C
BEFE
3F9F
BBEB
BEE4
C002
3E7F
3F0E
BEF9
BE80
BDF4
BC7D
BDE4
BD3E
3F12
3EBC
BF2E
C000
3DB7
BEC3
3E05
BE0B
BEC1
3E4F
BF39
BF85
3F7D
BF87
3EBC
3E5D
BE87
C016
BF49
3EC8
3E0D
BF0B
3EC6
3F25
BD1E
BFCB
3EF7
3C3F
3EFD
401E
3F71
3EE0
BF7F
BED0
BEAE
BF46
BD3C
BF17
BF70
BE99
3DC0
3F9D
3E58
3F69
BFCE
3EA6
3F12
BF1A
3FD6
3FED
3D13
3F03
3F9E
3DBA
3FA9
BE76
BE38
BF90
BF11
3F06
BEEB
BF1D
BE00
3F78
C03B
BF91
3FFF
3CA6
BE90
3F17
BF8B
BDA9
BF5F
BF2D
3FC6
BFC7
3F0C
3FEC
401F
3F8C
3EAE
4031
BD61
BF74
3E5D
3E40
400C
BF75
BF72
BED7
3EFD
3FDD
4010
3EB3
BF43
BD55
BFA8
BF86
BEC1
3FC3
BE2F
3F9E
3E3F
BF81
BF81
BCCC
BEC6
BF41
3ED4
BF0F
BF49
3FC9
BF7A
BFFD
3E48
BF2A
3E78
BF1C
BE81
BF46
3F4D
BEEE
3FA5
3FD0
3F38
3F38
BF0C
3EB9
3E7F
3F12
3C68
401E
3FA5
BE5F
BFA1
3FC7
3F92
BF98
3F67
3FB2
BF5C
BE6F
3F3D
BF5B
3F60
BE81
BE05
3F84
3EDF
BF38
3FA1
3ED1
3EEC
BFFE
BF64
3F5C
3F83
3FB0
3EE0
3FC2
3F2A
BE9B
BE8D
BFB4
3E85
BE52
BECE
3E8B
BFB6
3F85
BF18
3DCC
3EFB
BF5A
BE64
BEA9
3FB3
3E49
BF3C
3EDF
3E04
3ECF
3F3B
3F8E
BFB5
BF4B
3E36
BFED
3F78
3E3E
BF5F
3F09
3F6F
3AE4
BF47
C01A
BF9B
BF99
3F08
BE99
3F13
3D42
3E12
3F8B
BF73
BFAC
3F20
BDAA
3F3B
BEB3
C019
3F5F
3F8B
BE65
3F69
BE63
3F56
3FAC
BE17
BF4F
BF52
3EA5
3F25
4026
BF3C
BF03
BF89
3F2B
BDE5
BFF6
BF56
BEDC
3E7B
BE0F
3FAC
3DB4
BE1C
3F80
BDB7
BF21
3CB2
3F38
C00E
3E82
3F93
3C88
BF80
3F8D
C018
BE4F
BD8D
3F10
BF8C
3E8B
BECD
BEE2
3CA8
4006
4007
3E3F
BEB6
BECB
BF7D
BF35
3EDF
3D5F
BDB2
3F02
BD4D
BED9
3FA4
4004
BFC6
C001
BD60
3FF1
3F05
BE4B
3F04
3ED2
3E47
BF23
BE63
3F84
3F8A
3FD8
BDE1
BE9D
BEEE
BE0F
3E4D
BD2D
BF8E
BF33
BFCC
3F8B
3FB2
BF19
BDE1
BD30
3F58
3F89
C009
3F4E
BDEE
BEA2
3EE1
BF31
3EE2
BF41
3EBB
BF76
3ED9
BF4A
BFBC
BF52
3FE2
3EC9
BF62
3FD8
BF89
4010
3FFB
BF0C
BD81
BF8F
BFCF
400A
BE55
3F08
3EB8
BFB0
3F31
BE06
BFA1
3EBD
3FE3
BE5A
BF36
3EE3
3FA5
BF21
3FAA
BC8B
3EC7
BFA3
BE40
BEAA
BDFF
BF06
3E9A
BF89
3FA2
BF0A
BF14
3EA5
3FBB
BEC3
BEDF
3FAC
3F3F
3E39
3FA6
3E35
3F9E
BFAE
BF5B
3F16
BDD3
3E92
3FA1
3E84
BE94
3FB0
3FBB
3F8C
BEA8
3DEE
BFF9
3F82
BF7A
BF38
BDFB
BE40
3F7C
3F83
BEFA
BE9E
3F3C
BE47
BF6F
BF7D
3DB1
BFC5
BEFD
3EC8
3DFB
BE8A
3FB7
3E77
BF49
3F76
3FEE
BEAE
3FCC
BF87
3ED9
BFA3
3C90
3E54
3EE0
BDA7
3C72
BFB0
BDE6
403D
BEAA
BF1E
BF8E
3FAC
3F17
3F94
3F63
400D
3F62
3F0C
3EFD
BFA5
3E93
3EC2
3FB9
BECA
BE42
BF91
BF91
3FE1
BF2C
BE3E
BD81
BF94
3DF0
BF89
3EE6
BF91
BE5B
3E90
3EC4
3F49
3E96
BEB3
3EC7
3C99
3F3D
BFA2
3C98
3FD7
4009
BFA9
BEE1
3FC0
BF94
BFA0
BE89
BE87
BF94
3F26
4000
BF15
3EE4
4010
3E16
C03F
C007
BE80
3FAD
3F91
3FF2
3B8B
BF95
BF4F
BD2E
3DAF
BF46
3F97
BFBB
3E25
BDC5
BF30
3E69
BCBC
3FA0
BEE6
BE33
3F24
3FAE
BF81
BFB8
BECF
BE79
BFDB
BF81
BF81
3F5A
3F21
4019
BF87
BD32
3F8F
BF18
4054
BEB3
BFD8
3F81
BFEA
3F9F
BEC8
BDA2
3F07
BD15
3D94
BC9F
3DF7
3ED8
BFD8
3F5B
BE58
BF4C
3ECE
3E93
3F3E
3F9C
3FAD
3F10
BDA9
BF64
3D92
3ED8
BED5
3FAA
3AD1
C02B
3D35
3EBE
3F07
BE9E
BF84
3DAA
3D5E
3EEC
3FCC
3FBE
3D1B
3E89
3F84
3F27
3F39
3F39
3F2F
BD2A
3FA3
BF11
3F26
BF2C
BFD2
3F79
BF9B
4012
BF57
BF02
3E3F
3EBD
3FEE
BF13
BFCC
3E3E
BFC8
BFB0
3F3C
3EE5
3D10
BF00
BF84
BE96
3FA3
3F58
3EEA
3F86
4029
BF8D
3C4E
BD0B
BF4B
3E8E
3EFA
BF12
3F82
3F32
3F03
3FC4
C00D
3E66
C031
3EEE
3E36
3FEE
BF98
3E90
BF7B
3F91
BF2A
3F02
3DDB
3F53
3F35
BF71
BE06
3E49
BEA5
4003
3FD3
BEE4
3F20
BF94
4049
3D9F
BFF6
BD4E
BF9C
BF56
400F
BF44
C019
3F56
BEB0
BFB8
3EB0
3FC5
3E5E
BE33
BF47
3F08
BE95
3F41
3FAB
BF22
BFAA
BF57
3F98
BE03
3FA0
BFBD
3C76
BF69
BF3D
4024
BF4F
401B
C005
BFC5
3F9E
3F07
BFC0
BCA2
BF80
3E2C
3EB7
BF41
3F86
C00A
3FE4
3FA5
BFB8
C009
BFB4
3F02
BEB8
3EB1
BF3B
3EAE
3F8B
3F57
BF21
3FEA
3F06
BF5C
3E19
3F99
BF9F
3FE0
3F8C
3F8A
BFBE
BE07
BF91
3FED
3E12
BF95
BEEF
BF12
BF7F
3F31
3EA2
BFBB
BF2C
BF58
BF8F
3F45
3F91
3E67
BEE5
BF44
3FBD
BFA4
3FD4
BF12
3DB5
3FFC
3FED
3D5E
3FBC
3C1E
BEA2
BD91
3F58
BFBE
3F4B
BF74
BF8A
3EF2
3EB4
BDAD
3E86
3E59
3EA5
BEAD
BF94
BF83
4007
3FA3
BE2B
3E2F
3EBC
3B97
C002
BF57
3E82
BF76
3EBB
BE22
BF10
BFC6
3E83
3DDD
BEE8
3EB1
3EE4
3EEA
BF5D
BF78
BF1C
BE37
4025
BF27
BF94
BF5A
3F1A
BF3F
BE79
BEDD
C00C
3F11
BFAB
3F84
BE55
C008
3EC7
400B
3F34
404F
BEF9
3FFD
BED1
BF26
C00D
3F7D
4020
3EF8
C009
3D9B
BF9F
3F7E
3FDF
BF39
BE15
3F0A
3E4D
3F76
BECD
BE39
3F88
3D9C
3E00
BF8E
3ED2
BD94
BFA0
BE8B
BE70
BDED
3F86
BF0D
3FB6
3F53
4036
4013
BF61
3EA6
BF57
3F60
3EED
BF97
3DD3
BED4
3EB8
3F97
BBCE
BFD9
4002
3E8E
C006
3F0D
BFBC
BFF7
BFC8
BEA3
3EF4
3F5B
3EB4
BFB1
BD13
BF97
3ED7
BEB1
3F94
BE9E
BF8A
BF55
3ED0
3EDC
3FD1
3E39
BF6A
BEA3
BF59
3F22
BEE3
3EA5
4019
3F75
3AEA
C00C
3ECA
BF97
3EA2
BF7D
3FC0
3F1B
3FA5
3DAB
3FC4
BE3A
BFCA
3EC0
3F0C
3EEE
BF9D
3D3E
3F40
BF09
BF26
BF15
4004
3EEB
BE69
BF07
BF27
3E78
3FA6
3FF6
3DE7
BF46
3FF0
3EAF
BE33
3FA8
400A
BF17
3EAC
3EB3
BFE3
3F1F
C019
3F84
3F83
BFCA
BFC0
BD2F
3CB3
3D10
BF04
C005
BF80
BFB7
BFB8
BF29
BF07
BF81
C025
BE38
BF48
3F89
400B
3F60
BE84
3FB4
3F27
3F87
BFD0
BE53
3F42
BEA5
BF2D
3ED8
BE87
BF15
3F1F
BDC3
3EF9
BF8B
3EF3
3FA5
3F15
3F6F
BF93
BF84
BED2
BE43
BF42
3F41
BF2E
BFAD
3FAE
3F11
3E93
BF12
BEE3
BED8
3F09
3F86
3E65
BFF5
BC65
BF35
BE4D
BF61
BF64
3EB3
BF21
3FF8
BF42
BDB7
3F32
BF37
3E3A
3F65
BE80
3F6B
3F98
3E2D
3FB8
3F2F
3F93
BEC1
BFBE
BF8A
BE9D
3FD1
BEF6
3FAC
3EBB
3F06
BEE1
BFD8
3F1C
3F26
BE19
BF99
3F2E
3F58
3EAD
3F01
BF5C
3F30
BF58
BF1E
BE9C
C016
BE92
3E8A
BF99
BF0A
C041
BF0F
BF4B
3CB6
3ECD
BF36
3F0D
BF00
BF97
3F23
C005
BF28
BF22
3F93
3F89
C02B
BE96
BF2B
BF99
BFCF
C040
BF6B
3FDA
BE77
BF10
BDDB
C00C
C02A
BFEB
3FAE
BFA2
3ECF
3F19
3F4A
3EE4
BF8F
3F20
BF9C
BE49
BF2A
3D6E
3F8F
3EA8
BF55
3F74
BE4C
3EE7
BE9E
BEC5
BE2D
BEF3
3DCE
BEDF
3E8F
BFD2
BC9E
BFB7
BFDF
BF18
BF99
3FB4
BD16
BE72
3E33
BF58
BDCA
C013
C01C
BF67
3CF8
3F93
3F27
BFB3
BE7F
BD91
3E07
3EBD
3EB6
BFD5
3F85
4003
BF8E
BEBE
BF9D
3E56
BDD4
C009
3FA1
BEAE
BF64
3FBB
BF1B
3F3A
BF00
3FDE
3F97
BDF2
BFC0
BE5D
3F5F
BF24
BF03
BF38
3F79
BDE5
3E87
BEE6
3D6F
3E82
3F6E
3E0E
3FCE
BF6B
3FC6
3EE8
3E26
BFB6
BF26
BEB8
BEF1
3DEF
3E4B
3F4A
BE0E
3F3E
BF58
3F9A
BEE5
BF88
BEEE
BF8F
BE8A
BEDC
3EC4
BFA6
3E1C
3E6A
3E5F
BFBE
BF45
BFA6
BF35
BF00
BFCE
3F40
BECB
BE97
BF21
3F80
3FC1
BECE
BF68
BE94
BF2F
3DE3
BEE4
3F24
BF8F
BF53
BDE4
3EB0
3FF2
3F02
3F4C
3FDE
BF3E
BFC1
BFEE
BCB5
3FAB
3EAD
BFA9
BFB8
BEB2
3F09
BE93
BFD0
BEED
BF23
3F8F
3E12
BE78
BE89
BFAA
BF90
3FB5
BEEB
BFED
BE0C
BF6B
BFAB
3FC4
4018
BF6F
BFCD
3F62
BEDA
C002
BDD6
BEFA
3F53
3FCA
BFA7
3F94
BF5A
3E7F
BF75
3F0E
400A
BF42
4005
BFF2
BEF6
BF03
3F60
BFA0
BFA6
BF5F
3F57
BF90
BE7E
3F94
BE7E
3F81
BF3F
BF66
BE72
3ED7
BF4C
3F52
BECF
BED2
BF53
BF0D
BFE5
3F8E
3E0B
3FAA
3F92
3EB4
BEC7
BDD4
3EBD
3FA0
BF51
4004
BF34
3F00
3F2C
3EF8
3F5F
3F55
3DC9
3F91
C038
3F82
BF6E
BF04
3E85
3FB8
BF41
3F10
3E37
BF6A
BF33
BEFA
3DB0
BFA9
BFA3
3F35
3F33
BF4C
3BDC
BF69
BF1F
3F2C
3ED2
BF0A
3FAB
BF68
BF06
3F0F
BED5
3F2D
BF4A
4004
3FB7
C008
BDE5
BEBA
C02E
C017
BF7A
BF86
3FA3
3FCB
3FCA
BE22
BF82
BF8E
C01F
BE4B
3F83
3EC8
3E54
BE08
3F64
BF9A
3F47
3F39
BF99
BFB7
3FCB
BE90
C01E
3EA0
3F3C
3D3F
BDAB
3F16
BF90
3E70
BE08
3F8C
3E0A
3F37
BE43
BF4A
3ED9
BF10
BE23
BF04
BEC5
BE9F
3FBC
BE0A
BF44
3F2D
3F16
BEAB
3C54
3E34
3FB6
BEAB
3E51
3F38
3F3C
3F74
3E66
3C5A
3F1C
BFEC
BED7
402C
3F25
3FA4
BC24
3EB1
3F10
3D4B
BF6B
3F75
BF05
BF67
BFA0
3EC7
3EA1
BEBC
BDF6
3FAD
3EE3
BE37
BEAA
3F57
BDB7
BF8D
BF1B
BFC0
3F2D
3F51
3EE2
3F8E
3F8F
3FE4
BF13
3FAB
BF73
3F76
3D07
BFBB
BFBB
3D89
BF47
3F8A
BF9C
3F3E
3F3C
BF16
BEEE
3EB8
BE9B
3DF6
BF52
BFBB
BEEC
3F8A
BF95
BFC9
BF9F
BF79
BEB4
BF89
3E0C
3DD4
BCED
4000
3E1C
3FAF
3F0E
3FF1
BF17
BD48
3F25
3FBF
3F2E
3F59
BFA5
3EE9
3FC7
BF2B
BFA4
3FBC
BF41
3DFC
BF9D
BF98
BFEC
BE65
BE89
3F2B
3F9A
BFA9
3E38
3F90
3F1B
BE0B
3F55
C000
3FDA
BE0A
BF0A
BEE9
BF84
3E64
3E9E
C00B
3C1E
BFB9
BF25
BF93
3FA4
BEAA
BE22
BF67
BF2C
BF0C
3F99
BF2C
BE18
BFC6
BF1A
3E1D
BFD2
BF85
BE8D
BEF9
3F69
BFDB
BECE
BFB7
BF97
BF5E
BF0F
3F87
BF27
3F38
3F7B
BFC6
BEB1
3F04
3CEA
BF9E
3F2D
BEC9
3D3F
3FCD
4013
3CCB
3F1B
BF16
3FA9
BF05
3EC0
BF2D
3F84
BE94
3F91
3F20
BF7C
3F1F
BF14
402A
BF2D
3F3D
3FA5
3E74
3F10
3F98
BEA3
3FC0
BF2D
BF82
3F69
3E08
BF09
3EFE
3E9B
3F2E
BEBF
BF01
3FA3
3EAE
BFCF
3FB7
3F20
3E5E
3F35
BF5A
3EF0
3E9B
3ED3
BEC4
3FA2
3F7B
3F12
BFC8
3FE3
3F59
3E17
3E9A
3DF2
BF52
3E5B
BF0A
3F1A
3E2B
3E6A
BCD7
BFB3
BFC3
3FA4
BF89
BE8C
3FCA
400A
BFC2
3F47
3EE9
BF34
BDA6
4000
3F83
BF08
3E60
3FBB
BE14
3EDD
BF6D
BE30
3FD3
3FDF
BF59
3CC7
3F87
4015
3F33
3FBB
BF42
BC5C
BFC4
3E62
3CA7
BD01
BC50
BE65
3FE4
3F1D
BF61
BF9D
3EE5
3F12
3F2E
BE9C
3EC5
3E03
3F21
3F3D
BFC0
3EB1
3EBA
3F61
3F60
BE96
3FBA
3EE5
BFF0
BEA4
BF17
BEA1
3EE3
3ED2
3EE5
BE70
C027
3E1C
C000
BE4A
BF72
3F40
BF1E
C02D
3E44
BF9B
BF8E
BF96
BF12
3E99
BEA3
BEEE
3FAA
3E48
BEA2
BE49
BDF3
3F6A
3F42
3F15
BF64
3FFF
3FFB
BE85
BF01
4018
3EB0
3FB4
3F1F
3D02
BF93
3E64
3F98
BE14
3D79
BC2F
BEE2
BE18
BFA5
3F98
BE04
3EC7
3FF9
3F06
3F29
BF04
3F7F
BF8D
3FBD
BF0D
BF15
3F09
BF6F
BE8C
BE32
3E94
BF93
BDB4
3FBB
3DD4
BF62
3E56
3E79
400F
4017
3D52
3E7B
3FB7
BED3
BFD9
BF00
BFAD
BE9C
BF90
BEF0
BEBD
402C
3FCD
3E09
3F57
4001
BF8F
3F2E
BFB5
3E9B
3F36
3CC5
BF27
3EF0
BFD1
BFF9
3FE6
3DD9
BE0D
3FFC
3FBA
C009
3EAB
BF54
BFBD
BE9E
3E34
3D9C
BEB1
BEC5
3EE5
3E33
3FBB
3F6D
3F5E
BEF0
3FA0
BD80
BE7F
3ECD
BF82
BFA2
BDFA
BEB9
BF94
BEC1
BFA3
BF9B
3FA9
3D85
BDD2
BF8C
BF91
BF3B
3F57
3F75
3C7E
3E52
BE90
3B6A
3EEF
3F8A
BF13
BF9E
3E51
3DD3
3FAB
3DD0
3F4E
3F0B
3F1B
BE50
3C77
3DD5
BEE4
BEDB
3F9F
BEE2
BEF8
BE77
3F72
BF13
BF76
3E94
BEF2
3F52
3F4D
4011
BED4
BEC0
BF83
BD32
BF10
BD46
3FD6
3E3D
3E46
3E07
3F5F
BEDC
C001
3F6B
BF31
3FB1
3F05
3E55
3E58
BEB9
3FEC
3E96
BF05
3F38
BF1F
BE10
3E92
BF6C
3CFF
BFA4
3FE7
3FC3
BFA2
4017
BF46
3F5E
BEDC
3F3A
BF90
3FB3
BD22
3F84
BF3D
BE9C
BEEB
3F53
3F8A
C000
3FB9
3F66
BF38
3F18
BE9D
BF64
BF7A
BF16
BF97
3F83
BF12
3EB2
3E98
3EBD
BF93
3ED3
BEAB
3E9A
BFDB
BF4E
BDC7
3FED
3F94
BF11
3EDB
3F35
3EEE
3E63
3E10
BE11
BE57
3F53
3EF1
3DC3
BF8A
3F78
3FAD
3FF6
3D81
BFF7
4057
BFC5
3EC3
3EC6
3F8C
BFD4
BFC3
C024
3E99
BF17
3FDF
4014
3FB8
3FC9
3FC2
3EF0
3F0F
4007
3F72
BF15
3FDE
3F3F
BED3
BF5C
BFB3
BFF5
BF90
BED5
BFD4
BF59
BE2B
3E32
BF18
3FA0
BEA7
BF89
C020
3D5C
3F11
3F8E
3F06
3FE1
3E38
4005
BF37
BED1
BF03
BED8
3F01
3B5A
BE50
3C7B
3F6B
BF9A
3F43
BFD3
BF51
3FA4
BD6D
3D26
BEC8
3FA7
BEA9
BF08
BFA1
BEF8
3FC7
3F80
3F19
3ECA
3EEE
BF97
3F4C
3F34
C005
BEA7
3FCC
3EF6
3FC6
BE18
BF31
BD42
C009
BE83
3ED4
BF67
BF31
3CB6
BE53
3DAA
BE88
3CE1
BE81
3ECA
3EBB
BFAA
3DAA
3F85
3F57
3F16
3F24
BF59
BE6D
BE8F
BF56
BF71
3F46
BF52
3F41
BF7A
BF1D
3D99
BE8A
3FA3
3EA5
3F92
3FCC
BF77
3FA1
BFAF
3F34
BE3B
3FAF
3D0A
3FAD
3F69
3FEC
3EFF
4051
3EEE
BE60
BE56
3EE8
BF67
BE0C
BE16
3F9D
4029
BD35
3FAC
3FA5
BFD0
3FDB
BFBA
BE16
3F53
400D
BBB4
3F14
BF7F
3EEF
3F09
BFEE
3F43
BEBF
3F87
BEF0
3F8E
3D40
3E73
BF3E
3FAB
3EF4
BE89
3CD1
BEF8
C015
3FC5
3F53
BE03
3DBE
3EB2
BEF2
3F73
3E67
3F86
BFEC
BF3B
BEF0
3FA6
3E04
BF71
BDC4
BF64
BDA8
4002
3EAF
3F44
C023
3E6D
BF37
BD97
3EE8
BE99
BE68
3F0B
3FA0
3EA7
BEED
BE8F
3FFD
3AAE
BE1C
BED5
BF9C
3FE8
3F8C
BF33
3EEC
3F80
3F5F
3F61
BFAC
BFBD
3F74
BEC1
3FF8
3F33
3C9E
BF0F
BEF5
3D5B
3EAB
3F93
BD7E
BFD7
C019
3DF3
BF9C
BF40
BFFD
BBAD
3F5A
3FA2
BF77
BFAA
BF24
3FAE
3F9C
BE92
3DB5
3F0A
BEE9
BE94
BFA1
3F60
BFF7
BD20
3E9C
BFC8
BED1
BFBC
3E84
3EFD
BE34
BF58
BFA2
3FEA
BE49
3F0D
3F1C
3F59
3EA8
3FD0
BE07
3E3E
BE97
3F5E
3E0E
BF4D
BF77
3EC6
BEDE
C00F
BFB5
BF01
3E91
BE21
3F7E
3E28
BEDE
3D04
3EA6
BF78
BE28
3FA5
3FC8
3F02
C015
BF55
BC8D
BE3C
4010
BD50
3F8C
BFA3
3E53
3EED
BEAD
3F44
BE8F
BEFD
BEC7
3E83
BD9F
3FA8
C018
3EDD
BF9D
BF53
3F9C
BFAF
BF66
3FBA
BEE7
3F1A
BEAA
3DB8
BE85
3ED9
3FB8
3FB2
BF85
3F4E
3E4A
C012
BF79
3F70
3F2E
3F0B
BF02
3EF1
BE11
3DCE
BFBA
BE5C
BE1C
3F1B
3F14
3F61
BFA6
3EEA
3E2A
3F8B
3F87
3C28
BF05
BDA3
BF12
3F96
3F6F
3F25
3FD5
BDDC
3E90
C004
3FB5
3E4D
3FB2
3E19
BF51
3F74
3F4F
3F49
BCC5
3F68
BE17
BF0B
3E83
3D48
BD97
3F36
3FA1
BE85
3F92
BF62
BFB8
3F01
4011
BF56
3EB4
3E5E
3F44
BEC3
3F32
3F8F
3FB5
3E3E
3FD1
3E62
3C96
BF17
BF2B
BCB2
3E24
3FCE
BF3C
BF19
3E80
BEC4
BF23
3F30
BFB5
BFC5
BF09
3F55
BD55
3FB2
3F68
3F43
3F31
3F30
3FA9
3F23
BE6F
BF8C
3C43
3E6D
3F4C
BF86
3DC9
C005
BE8B
BEDE
BF91
BDAB
BF73
3FD2
3EDD
BF02
3EE3
3E66
3E86
3CA3
3F05
3F44
3F5C
3EA0
3F13
3F1D
3FA5
BFC5
3F26
3F6F
3F20
BF8B
3C39
BED6
3ECD
3F71
BEE6
3F5E
3FFC
3F10
BF04
3EE0
BCFB
3DB3
3F93
3F08
BF17
3F43
BF6A
3FFC
3F8E
3F92
3FBB
BF55
3FA2
BF63
BF1D
BF27
3FA8
3E91
BCEC
C004
BF04
BFBD
BE35
3F8E
BF92
401A
3F06
BE10
BF9C
3ED3
3F8B
3F60
BF1E
BE94
BFFC
3F0F
3E01
3F04
C00E
3F10
3F30
BE40
4018
3CEF
BF08
BFEB
3F50
BF39
3E91
BF02
3E94
3F69
3AD1
BE90
3E6D
3F38
BB84
3E85
BF15
3D05
3F89
3F4D
BE44
BD86
BEC0
3FA7
3EBE
3F08
3F9D
BEB2
3E33
BF35
3C7A
3F5F
BEDB
BF14
3E82
3F2B
BE38
3EB6
BFC0
BF4B
BF49
3E6F
3D0A
BE7B
3F74
3FC0
BE2D
BF3E
3ECB
3F81
3EFA
BD7C
BE14
3EF0
3F5D
BEB5
BFC7
BF87
3F6D
BE35
BE69
BF62
3F9C
3F77
3F81
3F13
BEA2
3FD6
3F0F
3B52
BEA6
3F15
BF5E
BF43
BFB9
3E82
BF1F
3FA0
BEAA
BD8E
BF2F
3F4E
BF9E
3F95
C003
BF06
3F56
BFB8
3E9D
BEAE
BF38
BF45
BF39
BF3E
3D86
BFDF
BE20
BFA1
BFD1
3F55
BEDD
3F6D
BF5F
3EB2
3F11
3D4A
BFF5
3F1E
404E
3D7A
3F06
3F41
BE4C
3EDA
3F4E
3EB9
BF06
3ECF
3F1D
3EAE
3EFC
3EF7
BF65
BEA4
BFB8
BF81
BFCE
BE6A
BE93
BD86
BEB7
BF9D
BE11
BE87
3DC7
3E21
BEFA
BE14
3FBC
3F7A
3E59
BFB7
BE37
BFA8
3D65
BFC9
BECE
BEFC
3E81
3F2E
3F16
3F76
3EA1
C009
3F11
3F9C
BEE8
BFF8
BF09
3F77
BE95
3F37
3F5A
BF19
3D22
BFA8
BE82
3F79
BE92
BFF5
3F35
3F05
3EAB
BF19
BFE5
BF52
3F6F
3E59
3EDA
4028
BF9D
3EB3
3F41
3F27
3EBE
3E5E
3FD8
BE47
BF9A
3F87
3F2F
3DD6
BD53
3FBB
BFB5
BFB1
BF96
BFFB
3FAB
3FB7
BE92
BEE8
3E39
BFDD
3F96
3E37
BE83
3F9F
3EA4
3F4F
3FCF
3F57
C05C
3F66
3FBA
3DD9
3F4A
BF15
3E43
3FB8
BE04
BF03
3F91
BF53
BF66
BDC2
3F34
3FC2
BF82
BF91
3DA8
3BEB
3F0E
3F4E
BEC4
3F28
BF39
3F09
3F82
BFD4
3F85
BF46
3EA3
3DD2
BFE2
400E
3EAD
BDF7
BEFA
3FCE
4017
BE9B
3F63
3EED
3FD1
BE60
BFC7
3F37
3F69
BEFA
BF9E
BF61
3F6A
3F08
C027
3E1E
BF23
3FBD
3F9D
BD75
3F51
3F5C
3CB6
3E49
BEF8
BF9C
BEE4
3F72
3F5F
3EF2
BEEE
3FD9
3F9B
4014
BD8D
BFBE
3FA8
3E6C
3FC1
BE38
BF1E
BF06
3EC0
3F2A
402A
3E50
3ECC
BFB1
3E27
BF0D
BFDE
BF66
3B96
BF5C
BDAA
3ECB
BE63
BEF9
3F81
3E98
3F09
3F77
BE8D
BF13
3FEA
BE47
BF21
BE17
BF8B
BFF7
BE66
BE6C
3F2F
3F3C
3EB5
BF65
BE86
3F57
BE9D
3DF1
3DF3
BD47
3FAE
BE65
BF30
3E83
BEF1
3E70
BE80
3F3A
3F86
BE0E
3EF2
BE82
3EEF
BE93
BE96
BDFA
3F33
3F82
3FBE
BFCA
3EB0
BF63
BF23
BF1E
4028
BEEA
BE2A
BFB4
BF1B
3F5E
BF3C
BF92
BED6
BDBE
3F91
BFC0
3F8F
3EF5
3F89
BFE5
3F19
BEAE
3E5C
BE1B
BDCE
BEAB
3B2A
3FE4
C007
3F48
BE55
BF89
BF40
C019
3F49
BE38
3F30
BE89
BE5D
3EFB
3EF7
3EC7
3EA0
BFD8
BE4A
3F1D
3EBB
BF0B
3F48
BE8F
3F3C
BF22
3F8C
3FD9
3FD4
BC85
3FD1
3F93
BFA0
3F1C
4014
BF26
BFD1
3DA6
BEA7
3F20
BFDA
3EFD
3CA7
3FC5
3E36
3F87
3F7E
3E89
3F92
3FB7
3E91
3EB3
3DD9
BE9B
3C48
3F5C
3F3B
BF08
3FDC
3EC3
BF93
BE65
BE25
3F34
3F27
BF2D
BF9B
BE1E
BE1A
BF0B
BE9E
3F5A
BF2B
3E44
BEA2
BF0F
3F21
3F7B
3D12
3C92
BF8E
3F45
3E92
BEC4
BF2C
BF45
3FBE
BEC2
3F76
3F43
BD13
3FFB
4025
BF44
3FED
3F93
BF38
BEB8
BF42
BF8D
BF8D
BEF0
3FB8
BEDF
BF21
3E97
3FA3
3EE7
BF8E
BF52
C038
BEF7
BF4A
3EB6
BF85
BEB8
BF5B
BEC2
3C40
4004
3F10
3F28
BF04
BE80
3E63
3EA1
BF7C
BF12
3EC7
BFF8
3EFC
3F4B
BF39
3FF1
BF17
BDC4
BEDC
3F35
3EBF
BF54
3F2F
3F41
3ED3
3F83
BF8C
BFDF
3F99
BEA2
BF7D
3ECA
3E81
BF90
3D8D
3F39
3E31
BECD
BF43
3FB3
BFAD
BF40
3EC6
BDD8
BF57
BF53
3F8C
BF2E
BF38
BF92
3F86
3F8C
BECC
3FA1
3ED7
3F89
BFC3
3E7C
BF50
3F1E
BF15
3F97
3F92
C000
BFE0
3CB3
BF92
3F0D
3F8B
BFA0
3F26
BE7B
3DD0
BE6D
BFD6
3EB0
3FC9
3F5F
BF47
BE78
BECD
3DDA
BEE0
3F99
BF00
BF11
BF8C
BE3C
BF13
3DCD
BD59
3F3E
3F64
3F9A
BF0D
3F6E
BEDA
3F57
C004
BF3B
BC8D
BD5F
3F8C
3E33
3FA1
BF0A
BED1
3F78
3EFF
BE86
3EE5
3EA4
BEDC
3F0E
BF12
BECD
BEE9
3EF4
BF10
3DAF
BF2C
BED5
3EDE
BF1A
BFD8
3E9F
BFD5
3E00
BF4B
BEF7
3FAF
3FB7
BFAE
BF2D
BE93
3F2A
3FE4
3DC2
C042
3EE1
BF73
3EDB
BF11
BF91
3F1F
BFCD
BEFE
BF86
BF81
BD95
3ED3
3F08
3FA3
3F31
BF81
3E99
3D22
3F4F
3FCE
BF82
BEC8
3F95
3F90
3E0A
BFFE
BF0C
3F26
BF85
BF2E
BFED
BE1B
3F4A
3FC6
3D79
BF9B
3E1D
3F99
3F6C
3F94
3D46
BFE5
3D28
3EEF
BE71
BFFC
BDEA
3EDB
3EA3
3E2E
BF03
3F79
3F29
3F09
3F49
3F8D
BF05
BEFE
BF3C
3F3B
3FDD
BF32
3FE3
BFCE
3FC3
3EC0
3FA8
3E86
BD0C
3F70
3F3D
BED4
3FBD
BF9B
3E23
3F57
BF54
3FA8
3F1A
BF1C
3F37
3E12
BF5D
3E96
3F0B
3EDE
BF6E
BF6D
BE76
BF60
3F64
BEF1
3F22
3F6D
BF3A
3F28
BEF8
BE7B
BF14
3E3C
BD48
3F78
BE8D
BDF0
3E40
3F09
3F21
3E62
3F54
3D53
3E00
BE16
3F0A
BF6C
3FCC
BE73
3EC1
BD96
BEFD
BD8C
BEED
BE44
3F64
BEF0
3E7F
3EA2
BFA7
3ECD
3F43
BE0D
BF18
BDE1
3EE3
BF56
3FE2
BF48
3E3E
3D76
3FC7
BF1C
BEA7
3F15
3F8F
3F3E
3FD8
3FBB
BE8D
3F49
400C
3FAC
3F1F
BEB2
3F37
C006
4000
3D17
BF65
3F27
BE0F
3F5C
BF79
BE7B
3D79
BF9E
3F4F
3E80
BE85
BFA6
BF6F
BF5D
3E3C
BEB0
BFD3
3F2A
BF99
3F14
3E09
BF1A
3FE6
BF1D
3F5B
BF9E
BF0F
BF9D
400E
3EDD
BDD7
BFA1
3F78
3F1F
BE5A
BFB2
BFA5
BEC2
3F1A
BFB4
3FBC
3D93
3FFD
BE56
3F32
BF86
BF7E
3E5E
3F10
BF8B
BF65
BF93
BF2E
3F16
BF70
3F31
3ED1
3F02
BF50
4012
3DAF
3F94
3E02
BEB4
BF24
4005
BF2E
3E8A
BF19
BFA4
3DAC
BFC4
BF35
C00F
3F29
3FC0
BECD
BFB5
BF79
C002
BE64
BF4C
3FA7
3F7A
3FB7
3FB6
3FA3
C011
3ED2
BF88
BEDB
3FB1
3EBE
BE3B
3D78
BF57
3E45
BEA1
BF4B
3D93
BFEB
3E15
3EBB
BF0C
3EE0
3F5A
3F78
BEF5
BF46
3E33
3F25
3FB1
3E05
BFB4
3EDA
BE99
BF4C
BD11
BEBE
3F96
BF92
3C32
BFA4
BEB0
BF16
BDB2
3D17
3F84
BE2B
3F80
3F1E
BD58
BDE3
3E70
3E49
BF84
BFEE
BFD2
3DC6
3F2A
BE0A
3EAA
3ED2
BE58
BF30
BF61
3F47
3F43
BF22
401C
BF12
3FDB
3FB1
BF5D
3DA6
3EA0
BF46
BF70
BFB9
3F11
3F2A
BF70
3E6A
BE4D
BFAE
3F58
BEFA
BFB9
3F07
BF0F
3F26
3FD6
3F53
BE84
BF05
3E91
3DDA
BE6D
3F2A
3EC9
BF4B
BF78
BE87
3FAB
BEFB
4029
3CB0
3F48
BF7A
BF6A
BF0C
3EFC
3FDE
3FB2
3F2B
BF9A
3EF5
3E1A
BF88
BFDD
401F
BFC7
BEAA
C007
BF06
BF34
BF88
3F68
3EB3
3FFB
3EB0
BF68
BFE5
BF63
3F46
BD94
BE68
3DC8
3EA7
BE86
BF64
BEBC
BDF3
3E52
3F4C
3F30
BF8E
BF99
BF97
BEF8
3FD2
BF30
3D62
3FB5
BE81
3FA8
BF78
BEE0
BF1A
BFF0
BF58
BD47
BF59
BF0F
3DD3
4020
BFB7
3F30
BD6C
3E30
3FE3
BE9E
4013
BFB3
BF75
3F58
BE35
BFF8
BFC3
3D14
3EB3
BF29
BF39
BF89
BEE0
BF50
3FB8
3DC2
BDB6
3F75
BF02
BED3
BE1F
BFB2
BE8B
BF3D
4019
BF90
3E6A
BFE2
BEA6
BEF6
BDCF
3F19
3E2B
BE98
BFC8
BF3C
3DF6
BCF7
BD34
BF66
3E81
BFDE
3E49
3FCA
402C
3FA7
3EB4
BF8D
3F60
BF9F
3FCB
BF5D
3D8C
BF2D
BF44
BEE9
3F39
BDA4
BF12
BF8E
BEFD
3F50
3F88
BFA5
BE85
BD4A
3FAE
BF28
BF06
3F8C
BDF8
3EA8
BFA0
3FBF
3EA8
3E92
BF14
BF8F
C005
3E0F
3EFD
3FFA
BEB3
3F85
3F16
BF04
3F05
3D1D
BE29
3BEA
3E06
C002
BFBA
3FEB
BE5F
3FAD
3E70
BF86
BFC6
3D4F
3F01
BF11
3D94
3CB0
3F8F
BEE8
BF6D
BF7E
BEAB
BE37
3EF0
3E7E
BE35
3FCC
BE7A
BEF1
C003
BCE8
BFE5
3DDB
BFA8
3F17
BE95
3CAD
BFAB
3F0B
BE74
BEC7
BE12
3FDE
3F8E
3F31
BFBF
BEF0
BF25
3F78
3F31
BF65
BF96
BF3B
BDEA
3EAD
3F98
BF3E
3E9A
BE3A
BF68
BFCC
3F44
3F63
BEAE
3FE1
3EF9
3F3F
BF34
BF18
3EDC
3EFD
BF22
BE12
3E61
3F81
3CBF
BF8C
BFD0
BFB3
3F93
3FA1
BE13
3DDD
3DE3
3F30
3E1B
3EDD
3FBF
BF60
3EF0
3FBB
BC61
BF57
BD65
BE3E
BF33
BF8C
BF18
BD73
3DA4
C031
BF12
3EC8
BF55
3F75
BF86
BF5A
BEA8
BE70
3F07
3F19
3EFC
3FF3
BF9C
3F14
3F85
BF4F
3F96
3F15
3F8B
3F04
BDD5
BFBF
BE0F
3F50
BFC5
3DA3
3F8D
3E39
3F64
BFC4
BE47
BED1
BF31
3FD1
3C6C
BF6A
BD5D
3DB6
BF91
BF2A
3DE3
3E28
3FB9
3F35
BF71
3FA3
3F04
BFD4
3F5A
BDA6
3FC5
BF8C
3F4E
BE8F
BF8E
4003
BC4A
3F12
3F38
3EC6
4002
3E4B
BEF7
3F2C
BF42
3F1D
BF91
BF57
3EF5
BF62
3FB5
3EF6
BFBB
3F31
BDF0
3F77
3E6B
3FA1
BF0E
3F13
BF1D
3F9F
3DF9
3FCE
3F5B
BF57
3F44
3DA1
BF42
BF25
3F43
3F01
BEA2
BCBE
BE25
BF11
BFAE
BFB1
BFAF
3F3D
BE87
BEAE
BF0E
3E82
3EF4
BF8A
3EC1
BFCE
BDA1
3FB6
3ED9
BF1D
3F20
BEF9
3FB1
3E70
BEF5
BECE
3EC6
BDBC
BEE9
4017
BF17
BEED
BD84
3E77
3E1A
BFD9
3F70
BEFB
BFB4
3F11
BECA
3E6D
3D98
3F21
3F33
BE8C
3F9D
BEA6
3F33
BFA2
BF12
4038
BF57
BF95
3E60
BFBF
BF58
3E20
BF78
3DF7
BFAE
3FD7
3F68
BF0C
BE48
BF3D
3E80
BF5C
BFC7
BF8A
3F86
BF6A
3FDF
3F3B
BEF3
3FE6
3F9A
BE7F
3EDC
4011
BED5
3F71
3F74
BF13
BEB6
BF0D
BFD7
3F90
BF54
BE23
3F04
3D39
BF3F
BF98
BEE9
3F84
BEEE
3E65
BFA6
3EBA
3EA8
3ED5
BEC4
3FC7
3F3B
BE54
BEE3
3FF1
BE3D
BFA4
BF48
BFBD
BF0C
BF02
BEF7
3F80
3F2B
BE9E
BF5C
3F35
3EF6
3F87
3D26
3D58
BF8E
BD4B
BF0B
BFB9
BE57
BF21
3E34
BFAC
3F3E
3F21
BFAF
3E55
BFAA
3EB1
BF42
BF45
3F1D
3F85
BFC5
BE9C
3F66
3F55
3F87
3F26
BF12
BF99
BE65
C00A
3F28
BB4A
3E45
BE31
BF54
BF48
BF04
BF71
BF71
BDEC
3FB0
3F4A
3FDB
BE64
BFEC
3EB8
3EB6
C004
3EC1
BEEB
BE8A
3E40
C01C
3F26
BF6A
3EE9
BF30
3E91
BF7A
3E75
BF15
BEC3
BF8F
BF00
3E9F
3F3D
BEA4
3ED2
3C58
BF34
3F2A
BEF4
BF91
BE86
3E4B
BF7A
BEA8
3F57
3ED2
BF9B
3F46
BF5A
BFC8
3AB2
BE5D
BFBB
BDCB
BCF9
3F97
BEDB
BEF1
BFC1
404A
BEAD
BEEC
3EE7
3E91
BF0C
3E73
BE38
BF8A
3FD1
BDB5
3E88
BE58
3F7D
3FC3
BE96
BE6E
3F81
3F5A
C001
BE6E
BFD6
3FA9
3FD9
3FF3
3ED1
3FB9
3E36
BF82
BF09
3F52
3FA4
3F72
3FBC
3D75
BF74
C04D
BE41
BFA2
BF80
BE76
BFFB
BF8D
3F87
3E29
BE37
3F47
BECE
BEC2
BE0C
BE89
BFA0
3F18
3FB1
3D2B
BE3C
BF8A
BF98
BFC8
3F10
4007
BF04
BEB6
3FAE
3F3C
3E00
3FA2
BEB1
3F9F
3FB8
BF76
BF58
BFA1
BF2E
3F48
C014
BF77
4029
BFB9
3FF5
BF7A
3E1A
BF79
3EEA
3FD5
BFE3
3F2C
BF48
3F94
3D06
3EB1
BE32
3FC7
3F8D
BF17
3E4C
3F69
3F80
BF92
3F90
BD0F
BF8A
3E31
3F49
3FDD
BE92
BF24
3FCD
3E9A
BF9F
3F1D
3F97
3F32
3ED1
BF5A
BF1D
3FCF
BCC1
BE8B
BF53
BF98
BF7C
4002
3BD7
3FFE
BED1
BFFF
3F7C
3F22
3FE6
3E91
3E9E
3FE1
3F6B
BFBB
BFC2
3EAA
3F30
3FF6
BE03
BFE1
3EDB
3E2C
3F58
BF04
3F7A
3E5C
C002
3FBC
BF80
3F6D
3EE5
3FA2
3FDA
3F57
3FAB
3C3E
BF16
3EDE
BF29
BE89
BF61
BED6
3EE4
BD8E
3FDE
BFDC
BFB2
3E8C
3D5B
4003
BF36
3ED8
3FBD
3E43
BD17
3F0A
3FA5
4005
3F9D
BF88
3F3A
3F17
BF86
BFED
3D3A
3E6D
3F07
BE1A
BF2D
BECB
3FA9
BF54
BF16
BE9B
BD3B
3FD9
BF2B
3F03
BF49
BF0D
3D98
BF91
3FBA
3F88
BF99
BE34
BF08
3E83
BF18
BF6F
3EEB
3F59
3F78
3F26
3DCC
3EF6
BEA4
4015
3FEA
BF65
3ED1
3EEC
3D49
BACD
BDCB
3FE8
BF57
3F7C
3EE9
BF8B
BEA1
3E81
3F3A
BF53
BE12
3F4D
BF46
3EA0
3FE3
BF94
BDFF
BFA1
BE79
BF82
BFE0
3FBB
3F6F
BD82
3F74
400F
3E6C
3EC2
3E32
C001
BF03
BECE
BCCC
BF0D
BDB1
BF97
3F85
3FC4
BE30
3F80
3F69
BF22
BEAA
3A40
3F8B
BFDB
3FD9
BE79
BFEE
3F99
3F02
3E82
3F13
BE41
3F71
BFFB
3F0B
BF3F
3FA8
BF24
3F3B
3CB9
3F91
BC96
BF48
BE41
BD83
3EB2
3F08
BF76
BF91
BF3D
BB47
3FDC
3FA4
BF4D
3EA2
3F4B
BF80
BDFB
BFCA
BF59
BEAF
3EED
3E2E
3E8C
3F29
C00C
BFD3
3E09
3E7A
3EA7
3EA3
3F18
BEE2
3F43
3F8E
3F9D
BBC9
BFDF
BF8E
3F52
BF5D
BFB6
BF0E
3F86
BF02
BF8B
3F09
400B
3E04
BFAB
BF19
3F36
BFF8
3FBA
3E97
3DD8
3FC1
4016
3F1E
BEE0
3FAD
400C
BF2A
BFE8
BF90
3D22
3FFD
3F2F
3D96
3DE0
BE02
3F11
3F2F
BF68
401E
3F8E
BE5D
BF40
BFBC
C004
3EB8
BFD8
BFD6
3F54
3F88
3E3B
3FA3
BE4B
3ECF
BE9C
BFA1
3EA8
BF36
BEE8
BF77
3E96
BD64
3F70
BFC6
BDC0
BFE1
BFDD
3F53
3F4F
3F60
BD50
3F33
3EA7
BEC1
3F29
BE23
BC3C
BFB2
3ED1
3D85
BE95
3F49
BF67
BF90
3EC8
BC9F
BEC1
3F36
BF9B
3E80
BEB3
3FDF
3ED1
3EA4
BEC4
BF46
BFA5
3F3B
3C84
3DA3
BFA6
3D94
BF6A
BF7B
BEED
3FA8
3E3A
BF70
3E9C
3F64
3F66
BF19
C008
BF3B
BF12
BEAB
BFB3
3F9C
3D37
3D4D
BF09
3EB3
BE5C
BF10
BF64
BF6D
3E2F
BF3E
BF72
3EDC
3F3B
BD83
C017
3E74
3E96
3F98
3E84
BFB0
3DE2
BE35
3CFF
BD92
BEB4
BEF0
BE8A
3E37
BEF2
3E63
3FB6
BFAE
3F12
3E88
3EB5
3FD5
BF97
BFA9
BE28
3E83
3EEC
BDC2
BE29
BF37
BF54
3F7A
BFC8
BEE8
C01E
3F9B
3EE7
3F8A
3F1E
BE94
3F86
BED4
3ED0
3F13
BF2A
3E78
3F87
BFB4
C002
BE26
BD73
3DBA
BECF
BF52
BF3B
3EA5
3F3F
3F64
3F08
3F1C
BFD7
3FB4
BEE0
BDBD
BFCE
3D69
3FA5
BF36
3F34
3E1F
C040
BE8D
BF99
3F26
3E05
BF7F
401B
BF2C
BF88
3FA8
3F98
3FC0
3F8F
3FC8
BF1C
3E76
3E6C
BE8A
BFD6
BE0C
BF51
BF9E
3F70
3F2D
BFD0
3FBA
3F80
400B
BF84
BF96
BF23
BF80
3FA7
3F58
3F88
BF7E
3ECB
BF74
3EA8
3F58
3F9C
BF6A
BF9E
BEF5
3F89
3F44
3EB6
3FF7
BE57
BE9A
BE62
BFA2
3E2D
3E12
3B05
3F97
BE95
3F95
BF69
3FCC
BEC6
3F9D
BF47
3F45
BEBE
BDA1
3E87
3E71
BE48
BF72
BF28
BEA1
3D52
BEAA
BF09
3CAE
BF80
BFFA
3F0B
3FE8
BDF1
BEBD
3FA1
BE46
BF17
BF7C
BFA6
3F2D
BEC8
3FC2
BF98
3E60
BF45
3FEA
BDE6
BF01
BD1F
3E7D
3EB4
BEBB
4008
BED6
3EA7
3D06
BFAD
3FCC
BB9E
3D65
3DBE
BFF2
BFC1
BF26
BE7A
3F89
3D95
BD10
4005
BFAC
3E95
3F06
3F5F
3FF2
BF0E
3F1E
BF0A
3F50
BF4D
BF55
3EBB
3F87
3F61
BEF7
3F12
3FD4
3DC4
BE2A
3DC1
BF68
BF29
3EE3
3EE3
BF7A
3F99
BE17
BC9B
3E20
3F2B
3E2F
BEA2
BFCF
3EA9
3F7F
BF1D
BCDF
BF81
BF8A
BFF0
3E20
BFB6
3ECB
BF84
3ED5
3F86
3F0B
BF55
BF81
3FA0
BF65
BF19
3FAB
3F41
BF51
3F0C
3EAB
3F2B
3F86
3FA4
BF52
3EBB
3F8B
4034
3F57
C006
BEA2
3F19
C019
3F9E
3FA4
3FD1
BE99
BFB8
3F9F
BF5B
BECA
3F53
BDF2
3F7D
3F95
3FB6
BE4B
3F9E
3DB6
3F90
BFE4
3E0B
3FB8
BEAA
3D6B
3F95
3F88
BEA8
BF91
BFD1
3F08
BF49
3FC7
BB01
BF2B
3FA6
3F72
3F5E
3F24
3F90
3E8D
3CAC
BF09
BE7E
BDF4
BF62
3F35
3D90
3FC5
C020
3F8D
3F20
3E73
3F00
3F0D
3E66
3F3C
BE76
BF39
4039
BFBE
3F47
3FDD
3F3B
BFCE
3C97
BF41
3E81
BF99
BFD3
3DF5
4003
3F4A
BFDD
3FB0
BED7
3F30
3D7C
BFA0
BFC2
BC76
BE89
3F4A
3E3F
BEED
3F18
3F18
3FE7
BF36
3F39
3F85
BF3E
3F6A
BF0E
400C
BEEB
BE33
BF12
3F75
BEBB
3F16
BD36
3FAB
3E34
BD95
BE4E
BFBA
BE0E
3E8F
3F0C
3F9B
BF49
3F51
3E6F
BE53
BF0D
BEDF
3F70
3F82
3EA9
3E05
3EC9
BF66
BE2B
BF1D
3EFC
BF46
3F87
BFE9
BE55
4008
3D2F
3E83
3F93
3FAB
BF82
BEE4
BF8E
BEEF
BE56
BDD8
3EC7
3F88
BFB1
3FCA
3F1F
3F99
3EE5
3F4B
BF37
BDF3
3CD6
BEAB
BF8A
BF3E
3F2E
3E5E
3EE6
BDA2
BF73
BEEF
BF45
3F44
3F12
BD93
3FBC
BFD8
BE77
3F32
BE88
BE41
3F38
3F52
3E4B
3FB1
3FB5
3D00
3F12
BED7
3E01
BEDF
BECF
3F0E
BE34
BEDC
3F1C
3E54
BE19
3F4B
BF49
BEA3
BFDE
3EA7
3F83
3F22
BF02
3FD8
BF94
BE24
BE2F
BFB8
BFAA
3E17
3C41
BDB7
BF4D
3EE5
3E62
BEC8
BF2C
3F94
3FD8
3E96
3F0D
3F82
3F83
3E77
BEC2
BFAC
BE8B
C00B
3F9D
3DF5
BE01
3D70
3F35
3F65
3E30
3FCB
BF7F
4002
BE99
3F76
3F98
BFBF
BE35
3F5A
BF9B
3ED1
3F4F
4019
BF42
3E58
3F03
3F53
BF16
3F86
BF96
BF5D
3F8D
BF46
BEBD
BE94
3FA2
3ED2
BE4F
BE38
3EE6
BF3E
BF36
3ECB
BEA1
BF6D
BE1F
3E73
BFFE
BF04
BAA8
BF1B
BF08
3ED7
BDC6
3E8D
3F3F
BF64
BF73
BDC8
3E85
3F9E
3C24
BEBB
3FA4
BF7D
3D33
3BE2
3F98
3E38
3FCE
BE98
BF21
3F01
3C7A
3FD7
BF89
C00F
3ED8
BD96
3EAF
3F40
BD5F
BF00
3FA6
3E20
3F18
BFD5
BED0
3E31
BDD9
BFCF
3F23
3F5B
3E59
BF87
3F91
BF16
BEE3
BFBA
4003
BEA6
3FA3
BFB8
BE93
3EBF
BF73
BFB6
BEF7
4026
BF11
BE25
BF51
BF36
BF60
3EBF
BF1A
BF7B
BFD9
3F83
3F67
BDB5
3F85
C005
3E7A
BE23
3E65
BEED
BF20
BFA6
3FA1
3FC8
BF38
3F00
3F93
3F02
BF34
3FE4
3FA1
3FDF
3FDB
C026
BDB7
BE21
BEBF
3FA2
3F38
3F0B
BFF8
3F0F
BFAD
BF2B
3F98
BF12
C012
BF13
BE5D
3E60
3F83
BE5D
BFC9
BEEE
3F4D
3F91
3F13
BEDD
BFA4
3F4F
3ECB
BE27
3FC3
BE9A
BE16
BE95
3E51
3DDC
BF85
3FF1
3D27
3F3E
BF84
BE14
BF73
3EF0
3F57
BF18
3F15
BF04
3FFF
BFF1
3E98
3F98
3FD5
3F5D
3F55
3E0C
BF24
3E8B
BE25
3F92
BF91
C00A
BF9C
3FC3
3F77
BECF
3DCF
3F8B
BF9F
BF42
3E32
4008
BF61
3F81
BF1C
BE59
3F32
BF00
BF29
C003
3E19
BFE2
BE12
BF72
3FE7
3E93
3FBD
3F0B
BF6C
BF68
BF9F
BF80
3E0E
3FB4
BEBC
BE29
3FAA
3FF4
BDD8
BF36
3EF7
BF2C
3F51
3DFB
3D9C
3E2C
3FB1
BFA5
3F32
3FE9
BDCF
3FF1
BFC0
3F5A
3DAE
3FC1
3F80
3F02
BE93
3F7E
BECE
3FB5
3F4D
3F76
BF38
BF47
3E64
3F0E
BF8E
BF3D
BF78
BC18
BF85
3EFA
BF33
3FE7
BFF3
3E47
3F40
3F0F
BF99
BF26
BF73
3E96
BDE5
BFDD
BD8D
4004
3F76
3EFB
3EC0
3F66
BE6D
BEE4
3F38
BE8A
3F4D
BF68
3FA1
BE8D
BE9A
3F08
BF86
3F17
BF51
BF71
3F85
BE5E
3F35
BE0E
3EEC
BC9F
3F29
BF47
3E45
3F23
BF3A
BD90
BE25
3F55
BE3B
3F63
BFA5
BF99
BF10
BF19
3F8E
BE1F
BF4E
BF4B
3F40
BF76
BF22
3F7B
BF60
3F19
3F74
BE72
3ECA
BF90
BEFB
BF1C
3E9D
3CC9
3E1C
BEFD
3F10
BE59
3DDA
3E1A
3EE5
3E18
BF1B
3F58
BF02
BF53
BEBE
3F9D
3F0E
3E76
3F76
3E32
3FAB
3EDA
3CB4
BFE7
3E78
3E9E
BFB9
BE79
BF93
3F90
C006
BDE4
3E28
3E98
3E6E
BFEF
BF47
BFB1
BFCE
3E10
BEE5
3F08
BF20
3FB8
BF86
BEE2
3D7A
BF50
3F14
BFD4
3FD7
BE07
BE9B
BF86
3F7B
3F7A
3F37
3F82
3FC2
B9D1
3ECE
3F1F
BF4E
BDDB
3FC2
BE91
3E5A
C02B
3F67
3EB5
BF2D
BFBC
3FD7
3F26
3EB7
3FC1
BEB1
3EC5
BE1A
3FEA
3F3E
3E30
3F09
BEEA
3FB8
BE95
BF25
3F16
3FA0
3F98
3EFF
3F2E
BFB0
C010
3E4E
3F0B
BE0C
BFB6
3F27
3FDE
BE93
3F15
BBA8
3F34
BEE0
3EB7
BF6F
3DF1
4008
3C89
3E19
BD0A
BF47
BFD3
3EA1
BE9D
3F09
3F05
BCCC
BFB6
3EE4
3EA8
BF4B
BE89
3FE1
3F5F
BD92
BF36
BFB0
BEE3
BFB1
3E81
BF53
3EEC
3D8D
BFCE
BF98
3DCD
BE53
3F8B
BF73
3E93
3F88
3F6B
3FA5
3FB2
BEF6
BF78
BF8D
BF2D
BEC9
BF6A
3F1E
3F99
3E29
3F73
BF43
3F0A
BF3A
C016
3EB0
BF0B
BF77
BD4F
BF9B
BF14
3FB7
BF5A
BEB3
BF95
3EA8
3F27
3F08
3F1B
3FA3
3F47
BF4D
3FB1
BE61
3F88
3F9C
3FE0
BFDE
3FDD
BDC3
BFA8
3E27
3FC2
3F8C
3E82
BEFF
BEAF
4002
3E05
402B
BEB6
3DDC
BF4E
3E93
3FA4
BEF8
3ED0
3FB8
BFCA
BC78
BFDB
3EC9
BFF6
BE45
BEF7
BED4
3FCD
BC8F
3EC1
BF42
BEB4
BFA0
BF9E
BF22
BFBD
3F86
4005
3F47
BF2C
3F58
BF49
BF41
3FF7
3D16
3FFF
BDCA
BE83
3F29
3F3C
3F0B
3C63
3F21
3D3F
3EEA
BF7D
3D8C
BEB0
3E3C
4009
3F82
3EDE
3EFD
BFEF
3F4F
BEB6
BF51
400A
3F2A
3F3E
3E4F
BF9F
BE82
3FCB
3F19
BF39
3F72
3EBB
3F60
C016
3EDD
BDF4
BFAA
3DE0
3FB6
3ED4
3E63
BF7E
BF97
BF73
BE13
3F66
3ED1
BF04
BF79
3F30
BE22
BE6B
BF6F
BF05
C018
BFC7
BE10
3F71
3E4E
3EC4
3FC2
BF6B
3D83
3FB4
BE58
BE4D
3F3C
3F0F
BF4C
3C8C
3F41
BFC3
3F73
3F88
BEE6
BECB
3F62
3EC2
BDFB
BF31
BD9D
BFE3
3DD7
3F0B
BF9E
BFAC
BFDA
BF13
BF07
BDBF
3F7F
3E2F
BF8D
3E45
3F07
BF0F
3F9C
BEC6
BF61
BFAF
3E8F
BF5E
3E8F
BE1A
3F8E
BEFE
BFC2
BFB6
BCE5
3FD3
3E52
BFD0
BF32
BF06
3F95
BE90
3F84
3F1F
BF62
BF59
3F81
BF9C
3FD9
BF1C
3FEA
BF53
3E9E
3CEE
BE91
3FB7
3E88
BF54
3FD0
3EA9
3D8F
3FB6
3F3C
3FB4
3C76
3D8D
BFD7
BE99
BF4C
BF97
BE35
3F74
C00B
BF6C
BD5E
C02B
3F57
3EE6
3F44
BEE7
BFAD
BFF3
401C
3F25
BE9C
3E65
3F3A
BFAC
3F6E
3F02
BEF8
3D85
3ECB
3DE9
3F8A
3ECC
BF3D
3FB6
4057
3E82
BF81
3E97
3EF1
BF79
3F11
BF3B
BE24
BF50
4028
3F62
3E85
BD8D
3E4A
3EBC
BF4F
3F41
3F6E
BD96
3E72
3F16
BF99
BF49
3F20
BFEF
3FFE
3F08
BFDD
3FF5
3EDC
3F3C
BEA8
3EF4
3ED1
3DA8
BCBF
3FB8
3ED1
BFEC
BFC6
BB01
3DA9
BE8A
3F18
BEEA
3F21
BEA4
4008
BE08
BEE4
3FB6
3FDD
3EE6
3F08
3FE7
BF34
BFFD
BFC2
3F12
3F26
BE1A
BF6D
3F37
3F87
3F95
3F05
BE2E
3F94
3F01
3F6C
BF07
3FC7
BF83
BFEF
3F85
BDB8
C009
3F54
BF84
BF9F
BEDC
BF2F
BF95
BD3B
3F99
3FB2
BFB3
3E82
3F12
3F3B
BF59
3F81
3E40
3E83
BEB0
BE3C
3F42
3ED4
401B
3D59
3F8C
3FB3
3F98
3F70
BFE2
3F12
BF9F
3EEC
BED6
BF6C
3FB6
BE8B
3E78
BF97
BEF3
3FBF
3FC7
BF93
BDB9
BF3C
BF89
BF9E
3EFE
BFB2
BE69
3F20
BEB0
BF44
BF01
3D9B
3E2B
BE87
3FBA
3EB0
BF60
3F8E
3F0D
4002
3F77
BD8D
BF91
3FC6
3E99
BF3F
BFFB
C013
3EDE
BFB8
3E56
BF05
BF6D
BF6F
BE04
4036
3F5B
BFFE
BF43
BE73
3F2E
BF3B
3E27
BF0A
3F13
BF2D
BF7F
3F83
3FC6
3E86
BECF
3F54
3EDD
3D9D
BFD1
3E9B
3FD7
BFAB
BEAF
BF17
3ECA
BF20
BEE0
BEDC
3C6A
C018
BE7B
BF54
3F0C
3F40
BDC4
3ED1
BE54
3FA9
3ED8
BE54
BEA1
3E8B
BEA0
3FB7
3F8F
3F16
BEFE
BFF2
3E6B
3FB8
BDAF
3F9F
3F49
BFA0
BFED
BFB2
4015
3FBA
3F08
BE09
BED9
BF27
BD9D
BF2D
3F1B
3E71
BF46
BF27
3FE2
3CA6
BEF6
BF8A
BF25
C00F
BF98
BF34
BFB1
BFBD
BF38
3F04
BE7D
3F9C
3FD3
BF07
3F18
3F93
BDE4
BFC7
3F2E
3E84
BF61
BF8E
BF51
3FD7
BF71
3F6E
3F21
BFE3
3EED
3F3E
BF40
BFCC
3F40
3E2D
401E
BF3C
BEF9
BE46
3C87
3ED1
BF28
3FD8
C028
3F60
3FAE
BEB9
BF58
3FB5
3F61
3F83
BD05
3E35
BD94
BD5F
BEFE
3BA5
BE96
BDE7
3D89
BF94
3FE7
3E38
BF94
3F3A
3FC0
BF43
BFEA
3F26
BEAD
3F78
BF3C
BE52
BE30
3F72
BE6E
3EE0
BF16
3FA6
3F8E
BC86
BFCC
BDA0
BF05
3E07
BE9C
3DEB
3FF7
BE87
3F13
3F0F
3E75
3F81
BF85
3EA2
BF1A
3EF2
3EAE
3FAC
BF2A
BFF0
3DAF
BFE2
3FA1
BF16
3D0C
BD99
BEE1
3F6F
4002
3E91
3E79
BF4E
4011
BE96
BF61
BF19
BEBB
BF9A
BF0C
3D29
3E48
C011
3EA7
BE38
BEDF
BE42
BFA4
BF1F
3F0E
3E14
BF6D
BF33
BE6A
BF18
BE81
BD1E
BF3B
BFAF
3F2C
BF99
BEE6
BF87
3F31
BE01
3F82
BF8F
3F96
3FBB
BDC9
BF4C
3F22
3F4E
BF46
3E10
BF48
BF5E
BF81
3FC6
BEFD
BEDF
3F8C
BED9
3FC0
BF24
BEE3
BF09
3FD1
3FD1
BDC1
BF9B
3FCA
BF26
3F31
3F75
3F41
BF04
BFBE
3F07
BEBE
3EE9
3F49
3DBE
BFE8
3FB3
3E92
3DEB
3F9A
3FB4
BF70
3E8F
3EF2
BF82
3F90
3EA5
3DCA
BF96
BEE5
3E75
BEF2
BE3F
BD19
BE07
BFC8
BFF4
BFF4
3E85
3FEC
C002
3F7D
BF8A
BF21
BF48
BE4B
BF5E
3F15
3F43
BFED
3F23
3F8A
3EB3
BE41
3D84
BEBD
BE4D
BDB0
3F4B
3F0D
BEE6
BF60
3F82
BDB4
BEBA
BFAE
3F4B
BF42
BF7A
3D60
BE6F
3D91
BF8E
3D56
BFA6
BF11
BF9E
3DDA
3FA9
BF1D
3FD9
3E21
BEF4
BF01
3F77
BFBC
3EEE
BF20
BEB4
3E2D
3EAE
BE49
3FAF
BF74
BFE3
3F04
3F0E
BD31
3DEE
3BE5
BF3B
3DD4
4034
BF2B
3F42
BF8B
BF7D
C029
BF74
3E86
3E38
3FDB
3F5E
3F4D
BF20
BF7F
BF46
BFD5
3F35
BFD4
3F86
BEA4
BFB7
3E6B
BEDA
3F8C
3FC5
3F4A
BF14
BEDF
BF83
BEA9
3F99
3FAA
3EE0
3E34
3F18
3F8D
BDBA
BE92
C001
BEF5
3EFB
3FA0
BF2F
3FBA
3F21
3E7E
3EF8
3ED2
3F98
BF5D
BF86
BF57
BEFF
BFAA
3E9A
3FC0
3DC9
3ECD
3FF4
3F0A
3E13
BEDA
BF83
BF51
BF45
3F90
BEE8
BE42
3E68
BFDC
BF87
3D08
BF80
BEEC
BE4B
BF18
3FAB
BE4D
3FA7
3FC1
BEB0
3F75
BEE7
BF4A
C00E
BF1E
BF87
3E00
BEB3
BF1D
3F60
3F08
3ED6
BE44
3FD6
3D10
3FA1
BFA9
3FC2
BF0A
3E00
BF70
BEED
BE65
3D52
3F83
BDCE
3F86
4014
3E9C
400B
BFB4
3FE6
3E59
3F48
BEF8
BF6E
3EC4
BF05
BF39
3F08
BE21
3EC4
3EDE
BE8B
3F3B
3F85
BF05
3F15
3FED
3F49
BFBD
3F2C
BF6D
BE99
BE19
BDFD
3E3C
BF27
BF08
4009
BFAE
BF68
3F8F
3E44
BFFE
BF6F
3FA0
BFD7
3F43
3FE3
3E72
3F2A
3F1B
BCBE
3F87
3F5E
3EE3
3F86
3F40
BED2
3F98
3EC2
BD57
3D11
3BF6
BF7A
BD36
3F84
BDC4
3EAE
BF9A
4011
BE3D
BF39
3F04
3CA6
BE5B
BF17
3EE5
BF42
BE56
BFCC
BC70
BEE6
C003
C001
3DAB
3E04
3EE9
3EF4
BD8E
3F6F
3F98
BF8C
BF92
3EFC
BE0C
3E06
BF9C
BE84
3E35
BF28
BF19
BEA9
BFB7
BC6A
3E89
3F25
BE7E
BFA5
4008
3FD1
3E77
BF30
3D71
3F81
3FC8
3F29
BFB5
BE3B
BFAF
3FF1
3EF1
3FB0
3EF5
3EDC
3EDA
BE96
3FDE
4005
BF31
BF16
BFC6
BF67
BF88
3E2D
BF4E
C016
3CD0
BDD7
BE71
BF3D
3DE5
3F6E
3DF1
3CBD
BE6C
BFB0
3FC2
3D57
BF14
BE72
BE86
C035
3E77
BFDB
3F0E
BD86
3F32
BF27
3E87
3F70
3F6E
3FCB
BE3E
BFD8
BF83
BF6E
BF7D
3F76
BFDE
3F3A
BFA5
BF8C
BE74
3EF0
BDC2
3FDA
3F9A
3E92
3F43
BE5E
3FB4
BEEE
BDC2
C01D
3B47
3F9A
BF2E
3D83
3DE1
3EFA
3EFA
BF48
3F58
3E4A
3F03
4027
3F04
C029
BFA8
3F63
3EFD
3F1C
BF9C
BFC8
BF25
BEA2
400B
3F3C
BF8A
BFA9
3EEC
3EE9
3F25
3F88
BF97
BF93
3F0A
BF78
3E59
BF89
3EB3
C014
3E1E
BE7F
3DCC
BFB0
3EF5
3E87
BFDF
BD3B
BF3F
3D7A
3ECC
BFB7
BD51
BDB4
3DBC
3E7A
3D90
BF96
BE76
3D3F
3F0F
3E11
3FA3
3D20
3DF6
BF83
3EFD
3F6A
3F3D
4003
BEBF
BEF9
3FB9
3F19
3E91
BDAC
3F8B
BF1B
BEB4
BF8C
BFD9
BF91
3F8F
BF41
BEC9
BF09
BF05
BEFB
BF24
BF6D
BCDF
3CD5
3F04
BDE4
3F56
3F08
3F0A
3EAC
BFF5
3EBF
BEDA
3F7B
BFCF
BEEA
3F59
C015
BEEF
C018
BE43
3F73
3C3C
BE9B
BE05
BF3F
BDF9
3FAA
3E33
BDC3
3F39
BB6A
BFF1
BEAC
BFEA
3FD7
C002
3F70
BDC9
BE97
BE89
3F25
3F23
BF98
BF49
BFC8
3CD4
3ED8
BE03
C012
BF04
3D5C
3F8E
BEA4
BF13
BF65
3F09
3E1A
BE0D
3F1B
3EAC
3F89
3F75
3EA4
BE30
3F90
3EAD
3FB9
3F7F
BEBC
3FA7
BFAA
3F7A
3F29
3E0F
3F95
3F9D
BF90
3E71
3C39
BFEB
3F8B
BF90
BF79
BF02
3F0A
BF89
3F76
BF82
BF94
BDAD
3DDE
BFB5
3C0B
BF01
401A
C007
BF11
C01F
4005
3E75
401A
3EBA
BDE0
4002
3F8B
3F23
BDA9
3FBB
BF5B
BD71
3E23
3F7B
BF08
BEEE
BF66
3EC1
3EF8
3FC1
4004
BE01
3F0B
BE67
BF28
3E1C
3F74
3EF3
3F3C
BFB1
BD21
BF4C
BFCD
BC8F
BF39
3F11
3D11
3D0D
BE06
3FE3
3E60
BFB2
3FF1
BF13
3FF1
3F6D
3DA8
BFA8
3EFC
3F19
BEE2
BFB7
3DE8
3FB5
BFD0
BE81
BF51
BEBB
BF2A
3E6F
3FA6
3F50
3E99
3FD7
BD02
3EFB
BF02
BF0C
3F30
3F27
BF48
3EF9
BEB5
BF1F
BF48
BF15
BE90
3FA6
C04C
3F3B
BF34
3C73
3D5F
BF1A
BEDC
3E6D
BE51
3EED
3FC4
3F0F
BFDF
BFAD
C01A
3F0A
BF21
BF52
BE1B
BF52
3FB2
3F1D
3E17
BF9B
3EC5
3EF4
BF8C
BEAB
3F40
BFC0
3F83
BE4A
BF1D
BEB7
BF64
BFF6
3E5E
4010
BF7D
BF20
3FB5
BF39
3D5C
3F7F
BF12
3E47
BF02
3FA8
3FCA
3FC5
3EEE
3E51
3F61
3F9F
BF82
BF57
3F27
3F4D
4012
3E3C
BF97
3F62
3F99
BF18
BF46
3DAC
BF6D
3F1F
4010
BEC3
BF36
BFDD
3F8D
3FB7
3D0F
3F67
BF9F
3FAB
3ED1
3D20
3F81
3F37
3F03
4018
3F40
BF28
3DDA
3FD9
BF54
3DD4
BE8A
3E7F
BFB8
BF92
3FE6
3F44
BF9D
3FA4
BF46
BF42
3F64
3F89
3F29
BFDD
3EA5
BFF7
BDB6
BE98
C022
3F01
BFD6
BF5C
3F89
BF03
3FF8
3F97
3C8C
BFF0
3FA3
BF66
BF56
3E97
3FA3
3F19
BE4D
3E85
3E21
3ECF
3EC7
3F46
3F67
BF70
3F68
3F04
3FAF
BFE3
3F36
3F63
3ECE
3F1B
BCCC
3F1A
3F1E
3FA1
3F87
3EF8
3F89
3F66
3F29
3FA4
BDB9
BEC0
3DE3
BF44
BF86
3FBD
3E8C
C016
BE47
400A
BF0D
BF40
BFCC
BE71
BEF2
BD8F
3F27
3E6B
3FAE
4037
3F68
BF3D
3F2D
C012
BF71
BFBA
4014
3FAF
BFE3
BF76
3FCC
BC79
BF33
BD7F
BEDD
402D
BF09
3F9B
BF6F
BF43
3F0D
BF5B
BF86
BF02
3D03
BF15
BEAD
3F36
3FC9
C000
BFA7
BDA4
BF64
BEA1
3F8A
3D46
3F8D
BEFF
BDE0
3E83
3F2D
3F9B
BF34
3DED
3E00
BF86
3EBE
BFE2
3F2A
3EC8
3E5A
BDF2
BEF2
3EA5
3F90
3DBA
3D60
401A
3E9E
BEE7
3F5E
3F53
3F42
3EC4
3DAF
3F93
BF38
C01A
3F28
BF26
BF29
BE5B
BE48
BFBC
3D98
BF96
3F53
3CEA
BFD4
BFAC
BFBF
BFAA
4009
BDD4
3F30
3F5C
3F4F
3EB0
BFB8
BF60
3FC5
3F79
3EB5
BDC7
3F9F
3F35
3FAA
3FC3
BDE4
BF0F
BF8F
3FF1
3F13
3F58
BE16
3F00
3F27
BDC4
3F93
BF50
3FA0
BE12
BEE3
3E12
3BBA
3F84
3FA7
3F3C
BFA6
BFE3
BF63
3FB9
BF3F
3D89
3D02
3F82
BFBD
3F4E
3D9B
3E91
3F0C
BFF7
3FF6
BFBD
3ECC
3D5F
BF7A
3DDF
3EEC
BEE8
BF9B
BE87
3E90
3F8F
BED4
3F13
BE34
BEE3
BEC0
BEEA
C007
3E73
3F47
3EFD
BEBE
3F6D
3F0F
BE28
3F1B
BF58
BF75
3E6F
BD1F
BC49
BF35
3F86
BF8E
BFA3
BFA7
BF08
BEDE
BF82
3F2E
BFF8
3F4F
BF60
3FD5
3F46
BFAF
BFA8
3F0B
BEFD
BEBF
BFC3
3D96
3E42
3FE7
BF95
3F7E
3E6E
BF69
3F94
3F77
3FE7
3F48
3EC0
BEE6
3F22
BF08
3F24
BFC1
3FB7
3F61
BFF1
BED7
BF48
3EF2
BFA0
3F17
3F58
3FD2
BF0C
3EB0
3FBA
BF13
BF0A
BF2B
BF11
3FC6
BF46
3D94
BEA2
3F06
3EB8
BD34
BD9C
3F9C
BF75
BF33
3E69
3EF4
BF64
3FE1
BF0C
3FA2
3F3D
BECE
BE91
3EFD
3F89
BEA6
BFAD
BF1C
BF70
3E42
BDF1
3FD9
3D6A
3F4E
BE11
402F
3E87
BEB9
BF5D
3E15
BF03
3FF1
BF98
3E9E
BFCD
3FD2
BE18
3F5E
3FC4
4015
BFA3
BFD6
3FCB
BDBE
BF66
BEB2
BF43
3FED
BE13
BCEE
BFBA
BF5B
BEA1
3FA9
BFB8
BFB0
BFA9
BD37
BFDC
BF88
BF14
BEFD
BF79
3F08
3F2C
3EC4
4012
BF68
3EAF
BD7F
3F0B
C01E
3E4A
BE8C
BF1D
BD1A
BEAF
3E71
3EE4
BF71
3EA8
3F7F
3E1D
3F00
BF28
BF56
BF4B
BEF0
3EAD
BEFD
3EB4
BE9C
3FF5
BF33
3F1C
BF10
BFA4
3D82
BE69
C00E
3E57
3E95
3F9C
BF9B
BDEB
3E3F
3FAA
3EEC
3FEB
BE0A
BEAD
BFB1
BFBB
3EEB
BFB0
BF62
BF8A
BE5A
BE64
BE14
3FE0
3ED1
3FF6
3E79
3F15
3F97
BEC8
BF32
BF40
BF17
BF54
BE33
4014
BE91
BEB5
3F0E
BF85
BF94
401E
BFE2
3FAF
3D20
3FD7
BFFC
BE39
3F5E
BE59
BF3C
3F65
3FF5
BFBF
3F85
3EBB
3E67
BEA0
3FBD
3DE2
BF21
BEC4
3F13
BF94
BDD2
3FB3
BF9A
BE91
3FD1
4004
3F81
BD9F
BECE
BD14
BF9B
BFFA
BE88
3FAA
3F65
BF79
3F24
BF32
3F8C
BE99
BF10
3F20
BF4B
3FA4
3D0C
3FEC
C039
BF85
BF08
4001
3D43
BFEC
BF76
BECA
3DE1
BEB9
3D8A
BFA3
3F40
BF74
BFAA
BFCD
3F39
3F6F
BECD
3EE1
3D95
3F44
BF15
3E38
BF9E
3F01
3F55
3F98
3EE5
3EC9
3F60
BE8A
BF4E
3F94
3EB5
3DF0
BE5D
3F7A
BF53
BF8A
BECC
3F19
BF6C
3F39
BFC8
3FE0
3EAB
4006
BEEE
BEC7
BD8E
BE2A
3C11
3FA7
BF08
3F30
BDE2
3F59
3FA6
BED9
BF2F
BEFF
3E06
3FD0
BE0F
3F81
3F28
BF05
3F99
3F04
3F55
3FCA
BE73
BE22
BF92
BFDA
3F9A
3FC6
BF5F
BF76
BF67
3FA9
BDA4
3F14
BF11
BF97
BFB0
BF75
BFA1
BF63
BFE5
BF63
3F07
3EEA
3F4B
BF8F
BFD5
BEA5
BE24
BDD6
BE8F
BFED
3FAC
BF9B
3F7C
3FCB
BF1F
3EEE
BFBE
BFB6
3F23
3FBD
3F9E
BFFC
BE39
3F69
4004
BE5D
3FCE
BF78
3D50
BF48
3F1D
3F00
BE58
3D95
3FA3
BD34
BFC1
3F3E
BEB3
3F2A
3CF2
BD29
BF99
BF31
BED0
BE03
BE29
BEFD
BF87
BE19
3EFC
3F6B
3F37
3F07
3FBF
BF25
BF74
3F7C
BD97
BFDB
3F41
3E25
3F57
BFD2
3FC6
BFDF
BF73
BF95
BDA1
3D7A
3FF4
BF6C
3FB2
BE42
3F88
3FAD
BF44
BF99
3E57
BFB3
4001
BED8
BF04
BFDF
BDAA
BFF2
3D38
3F85
3FCA
3FEE
3EBF
BF21
BEA1
3F4D
3DDB
BFD8
BFBB
3E86
BF03
BF06
BDCD
3ECB
BFCF
3F68
3C56
BFB8
3FC5
BD95
BE86
3F14
3F87
BE0B
BEBB
3D95
3FC6
3E4D
BCCD
3E13
BFBB
BC89
BEE4
3EF8
3EC9
3F46
BF8F
BFAC
3F6E
3FFD
3F25
3CC2
3F26
3F25
BF9B
BF76
3FC6
BF30
3FB6
BE97
BE25
C019
BF6B
3FDA
401D
3FAE
BF0A
BFC8
BE0F
BEFC
3ED2
4007
BF2E
BF6D
3DD4
BE28
3F41
BF7D
BF22
BE1E
BE91
3F56
BF10
3DF1
BF90
BF69
3F39
3F17
BE9B
3F6D
3EBB
BF05
BEA4
3F27
BFA0
BF94
3F8A
3EE6
BF21
3CED
BF8A
3F99
3F3C
BF9C
3F9D
BEF7
3E51
C016
BF67
BF7F
C011
3FB0
BE76
BF8D
BE62
3F5E
3E01
3F45
BF4F
3FA7
3F02
3EED
3E68
3FFD
C004
3F9F
BFAB
3F81
3E82
3E11
3F39
BFF2
400C
3E79
3FE1
3F33
3F8E
BF71
3FFA
BF76
3F6E
3FB1
3FA0
BC41
3FA1
3F2B
3E24
3FF9
3EF4
3FE6
C02A
BF65
BDC6
3D5B
3F0C
3D93
BF2D
BE2E
3FA4
3D98
3EAC
BF64
3FCE
BF27
BC69
BE5B
3EC8
3F10
3D44
3DFD
BF9B
3E92
3F03
3FCF
3EA7
BEC3
BE85
3FA9
3FDF
BE8E
3C49
3E72
3DB6
BF6D
3F88
3F2C
3F05
3F25
BE04
BDCC
3F3D
3EE1
BEC3
BD4D
BFDD
BF78
C00B
BF9B
BEB2
3F8B
3CCF
3D90
BEC9
BF90
3CED
3E83
BE3F
3FB0
4001
BFAD
4013
3E3D
BEF7
BEA7
3E9B
BE41
3F89
BF1E
BFAF
3F3C
3FB8
3F90
BE46
BF49
3FB1
BE90
3FBD
BE51
3F8D
3F2E
BEEB
BED2
BF2A
BFC1
BF61
3F9B
BE9A
3F99
3DE5
BFD8
3EF0
3CE9
3EF8
3EBD
3FCD
BEAC
BC1D
BEC8
3FA2
BF70
BF87
BF24
BDD0
C00E
3F2A
3E29
3F57
BF96
BFBB
3C3A
3DC5
3FA6
3F7B
BC05
BEB4
3EAC
3ECE
3F37
BCC0
BF41
BE8C
3F85
3F95
BFAF
BF5F
3FE0
3ECC
BD2D
BFA7
3F0E
3F28
3F14
BF8E
BF64
BE4C
3FB1
C003
BDE1
3FAA
3E8F
3FB1
3F0C
BF98
BEB5
C012
3E8A
3F69
BF10
C015
3F94
3F6A
3E92
3F99
3E49
BFDD
3F6A
BE39
3FB9
BF81
3D88
BF08
3F0C
3F8D
BF8C
3F6F
3E3B
C001
BF84
BF2C
3F98
3FB1
BF86
BE1F
BEAE
BFE6
BF90
BF77
C022
3EB6
3FE9
3EC8
401F
BEB9
BF5D
3EE3
401B
BDA8
3E4E
3E94
3EBD
3F5F
3FCA
BF8C
3EC1
BF72
BF08
3F36
3EFD
BFB6
BE97
3F4A
3F03
3E36
BFE0
C000
3D58
BEB5
BE89
BF41
BE85
3E4D
3F23
BEF5
3DAA
3F57
BECD
3EB2
3DF8
3EFA
3EF8
BEB3
3D08
3B59
3FDA
3F7D
BE29
3FF5
3F59
3FE0
BF87
3E93
3F8F
3F2E
BFA5
BFF3
BFC8
BF5A
BE82
BFC0
BE20
BEE3
BF3E
3F95
4054
BF29
3F4F
BF06
3F46
BF0A
BD99
BF06
3F19
BFA5
3E94
401C
3FAE
BF29
3FFA
BF4F
BF16
BF37
BEF0
BF59
BF58
3ED2
BEDC
BF64
3FAD
BDD2
BFC7
BF65
3FA7
3DBF
BEBF
BFB8
3F31
BEEB
BFB6
BE47
BF9B
BF61
C00B
BFF2
BFBC
3FB3
BEE0
C00D
BF87
C067
C028
3B7E
BF51
3F88
BEA5
BF89
C021
BEEB
3EC0
BFD1
3F8E
3ECB
3E92
BE89
BFD4
BF49
3F0F
BFAE
3E5B
3EEA
3F8B
3F0F
BDCB
3FA8
3E4C
BEF8
3F9F
3F98
3E54
3F15
3F81
BE48
C02F
3EAC
3FF1
3E92
C015
BFC1
BF8B
BE47
BF87
4004
3CD0
BF97
BECC
BEC6
BE86
BEEE
C00F
BF4F
3F11
3FE3
BFB3
BF75
BFAE
BE66
3F7A
3F2A
3F94
3F26
3F24
3F2B
BE0B
3FA6
3FBE
3F0C
BE8B
C017
BF07
BF84
3FAD
BF83
BF16
3F28
BF7D
BDB9
BFCE
3F56
3EB9
BEAF
3F92
3FB8
BF83
3E21
BEBE
BFA3
BFAD
BDA9
BF2F
BE44
3E35
BF50
BF6D
3F71
3E98
BFBE
3FB0
3FB7
3FF3
BF47
BF8A
BF7C
BF99
BEAD
3FED
3F4A
BF74
3F13
BF4B
BED2
BFA4
BDA7
BF5F
BE9B
BE94
3E02
3EAC
3EF2
3E92
3EF6
BF9B
3FC8
3F75
3F20
3E82
3EFE
BEA6
BE8C
3E48
3FA8
BFAC
3F4B
3FA8
BFD8
BFB3
BF45
3F52
3EF2
BF97
3F65
BEDE
BEC6
3F2C
401B
3F2F
BE15
BF50
3F97
3D57
BDCE
3E9F
BF9B
3E27
BE17
3E8C
3FC6
3F3F
BF09
3EC1
3F23
BF20
3ED7
3EAE
3F65
3E33
C00B
3EC8
BF18
BCA5
BFB5
C020
3F17
BFBE
3F1B
4031
BF4E
3E46
BF11
BED2
3F39
3FC4
BF3A
BF27
BFD8
BE86
BF98
BFF5
BF8A
3EB6
3CF3
BFDE
BEC8
BF6F
BF97
3F05
BF83
3F6B
BE6A
BFB1
BEC0
BE80
BF99
3D37
BF39
3F50
3E2F
BD38
BE84
3F4F
402D
3EA2
BFCF
3F0D
400A
3F81
3EDD
3F8B
BECD
3F7D
3FCD
3F35
BF9A
3FA0
3E06
3EC4
BEB7
3EBD
3F78
3FF7
BF10
4007
3F18
BE39
3EFF
BEEA
3E9F
BFFF
3F89
3F6D
3F42
3D82
3F4A
BF67
BDE1
BF12
BF51
4020
3DCD
3EBA
3F31
C043
3EBA
BFB1
BFA5
BFB3
3E03
BFA5
BF85
BFC4
BF1F
3DA9
BF80
3F81
3EB1
BF92
3FC4
C017
3F8D
BF60
3F30
BF9B
3FA4
BF93
3F53
BE29
3E82
3FC3
3F41
BF63
BF93
BEA5
3DBE
BEBD
3F50
BFB2
3C8C
BFFC
BF71
C00E
3E82
3F1E
BD94
3FDF
BEC5
3F3D
BF6B
BF1A
3FC6
BF8E
3E99
3F92
BF0C
BE47
3FB6
3F7C
3E1C
BEB8
BFA6
3FA2
3F44
BF0B
BE04
3CCF
3E4F
3EFC
3EEA
3F4B
3E01
BF93
BDFE
BF42
3EE8
BF6A
3F3F
BF5C
BF5E
3E0E
3EA5
BF07
3F21
BF16
3D50
BEDE
BE9E
BF3F
BF59
4007
BF91
BEBA
BF56
3FAB
BF8D
BF75
BF6D
3CD8
3F3E
BF05
3DA6
3ED2
BF53
BFBA
BF8A
3EE7
BF0A
3F6F
BF90
BF61
3EA6
3F70
BFD2
BFAB
BEB8
BF45
3F7E
BF89
3E88
BFA7
3FB3
3D9A
BF53
BE8D
4008
3FB3
3DB6
3FCE
BF2B
BE8F
C018
3F16
BF22
BE86
BFA1
3E88
BF8C
3F68
BF70
3ED3
C000
3E58
3F7C
BFA7
BFE6
BFCE
3F40
BF15
3F33
BA8F
3F63
BFA2
BF2E
3FB5
BE9A
BF98
3EE7
BEEA
BD96
BF97
3F76
3E58
BEBF
4010
3F8A
BDC4
BF9B
BE1A
3F8C
BEBC
BF82
BFE0
BEA9
BEC1
3F3E
BF7F
BE14
3F24
3DC0
3F47
BE83
3EAB
BE7D
BEB3
3F25
3EC4
3F56
BFAC
BFA2
3EA8
3E3D
BDE3
3E21
BF99
BFA0
3E40
3FAF
BF82
3FD8
3FA4
BFBB
3F53
3E4C
BEE2
BF41
BDA7
BF18
3F3B
BF2C
3FD1
BF45
BEF6
3B72
3FE3
3F39
3F28
BE15
BF85
BEA0
BE08
3FD5
BF9B
3F0A
3F15
3F4E
3DE5
3FCD
3F45
BFEF
3FC8
BF0F
3F07
3EC4
3EA0
BF33
3F6B
3F1B
BFD9
BFFD
BE94
3EB5
3FF1
3F11
BF6A
BE49
BF7A
BFC3
3F70
C055
BFC4
BF56
BEF0
BF5E
BE49
3F0B
BF88
BFCA
3FED
3EBC
3F5A
BF51
3FC6
3F43
3E2B
BDAE
3F4C
BEE0
3E82
3E2A
BF2B
BE5C
3F2E
3E0E
3EBA
3F63
BF75
BFA0
BEB8
3D7F
3FE7
3F5F
BC82
3F42
3EE6
3FE0
BEF3
BF8D
BF4E
3F4C
BFB2
4020
BFF5
3EA4
BEB0
3EFD
BFAC
BD5A
C008
3EE5
3DDC
BEB7
BF2B
3F58
BFA0
BF27
BFDF
BDFD
BFCA
3F79
BFA4
3F01
3E25
3FA1
3FDE
3F24
BEBD
BFE1
BF02
BF9C
3F9A
BF10
3FA1
BEAF
3EFF
3F2D
BED2
3E16
3F96
3F0D
BF08
BF97
BE00
BF34
BCCD
3F1C
BF7A
3F64
BE72
BFAD
3F98
BFB5
BE69
BEDD
3EB9
BF4B
3EC5
BF4F
3DFD
BF9D
BFB2
BF39
BF6B
BF08
BF9E
BF83
BFB6
3F42
BEA6
3EEE
3FCF
BF91
BE16
3E66
3F75
BFE4
BFD9
3F9D
3F52
3FA2
3FCD
3F75
3DBA
BFEA
3E9F
3E84
3FC5
BFA8
3F60
BF54
3E67
BEB7
3F6E
3E8C
3E48
C00C
BDAE
C01F
4033
3F08
BF8A
3F42
BEB8
BFA4
BFD0
3E3E
3F92
3EE0
BF89
BE8C
BD4E
3FA1
BF62
3DA3
BF18
BE85
BFBD
BEA9
BF68
4028
BF65
BEE9
C01D
3F23
BF1D
3D6D
BF5E
3EE8
3F93
BFAF
BE5F
3FDD
3F13
BEB6
3E4C
BECD
BE9F
BEDF
3E5E
BF82
BEA6
BDDF
3F4C
BFC5
BFAD
BF9B
3CE7
3F23
BFB8
BED5
3FFF
BD62
BDAF
BE64
BF1D
BFAA
3F50
3EB2
3F50
3FFC
3E0F
3E87
BF2D
3F95
3F55
BDD7
BEF2
BF80
3FD4
3F3E
3FB0
3F0E
3F62
3C98
BF8F
BD0E
4008
3F9A
4028
3F9F
BE8C
3ED5
3FA7
BEE9
BE90
3F33
BF81
3FFF
BDA0
3F33
3DD3
3F12
3F9C
BF3B
3F36
BD3F
3F3E
BF91
3F70
BF15
BF80
3E0D
3F50
BF5F
3F4D
3F7E
BFB1
BDEC
3EBF
3FCD
BF21
3F1E
3F71
BEBA
3FB5
3ED3
BF30
3F3F
3EB4
3E98
3EB7
BFBF
3E59
3F1F
3EC9
C00E
BE5A
BF47
3F10
3F6B
3FD8
BFA2
3ED1
C03B
BF4F
BF64
3FE9
3F3E
3E97
BFC7
BD28
BF8D
BE13
3F08
C027
BF5A
BF07
3FD5
3FE2
3F14
3F80
BFC6
BFBF
3FBF
3F82
3FA6
3FD4
BF73
3FFB
3EC7
BE96
3F82
BF37
3F2D
BEDE
3F19
3F75
3ECD
403D
BE80
BF74
BFAF
BF34
BF2E
3F8D
BE92
4008
3F38
3F35
402B
BF13
3FFF
3EB4
3F21
BE84
3D09
BF77
3EEF
BF10
BD8F
3F93
3E8F
BF4B
BF48
BF6C
BF0E
3EBF
3ED8
BFEE
BE90
3F28
BFA2
3C28
BF12
3ED8
BFA0
3F6D
3FCE
3F66
3F62
3F76
3D89
4000
3EE3
BEE5
BE6F
3F7B
3EC6
BF83
BEF5
BF7B
3ECD
3F4E
BF75
BEB5
BF63
3F95
3F0F
BF26
BF38
BF2D
BF41
3E57
BD05
BE90
BF2B
BF7A
BFA7
C00F
3DEE
3EBA
3F76
3F94
BFC0
BF83
BF45
BFEF
3EC4
3EF9
3E0E
3EE4
BF4B
BEB0
BEEF
3F9D
3FCA
3F62
3F91
BE7D
3F90
C004
BEFF
BED9
BEA1
BE87
3F03
3F5A
C014
3E6A
BDC8
3E93
3EF8
3FB6
3FF1
BE63
3FD4
BFB3
3F17
3C6C
BFA9
BFEE
3FF2
3F5C
BE3E
3F2A
BE72
3EB6
BFB1
3E3C
BF34
3F17
BFD0
3DA7
BF30
BF89
3F61
BFAC
BDE8
3FAC
3DD2
BF4A
3EE5
BF64
BF08
3E35
3F94
BF64
3E68
3F85
BE09
3F94
BF98
C007
C007
BF08
BEA1
3FA9
BFEB
BDE8
BF33
BE0D
3F49
BE31
3FC7
3F44
3F84
4001
3DDF
3F68
BD83
3E94
BF99
BF30
BC8F
3E78
3C79
3E9B
BF19
3E54
3F6E
BF41
3EF2
BEA1
BEED
3E47
BF42
BEA6
3F54
3EBA
BEF4
3DA8
3F39
BF2C
3EE0
3FBF
3F3F
BFE8
3ECC
3F84
BF25
BEC3
3E17
401F
BD4B
3F82
3D3E
3F3B
BFD0
BFC1
BC7C
3CAF
BEA7
BD31
BED2
4020
3F86
BFC5
BF08
3F98
400F
BF46
3F4C
BFDE
3E8D
3EDD
3F53
BF91
3F3F
3F86
BEDD
BBB7
BF45
3E42
BECF
BF05
BF2C
BF64
BF62
BFAE
3FB9
3FC5
BF9F
BF84
3F1B
BF27
BF96
BE87
BF9C
3EC9
3F92
BF81
BF91
BD1A
3E80
BF02
3F4D
BD84
BF5E
BF6F
BF38
BED4
3E51
3EA1
3FBF
3EC3
3F2A
3ED8
3F70
BF0E
3FEE
BF8A
3FA5
3FCF
BF7C
3DB4
BF31
3F4B
3F81
BD2C
3E36
3F1E
3F12
BE82
BEE3
BFFB
3FA1
3E85
BF16
3FA3
BE7B
3ED5
3F28
3D7F
BF46
BFEA
BDDF
BF03
BF1D
C003
BFDF
3F3A
BF68
BFCB
3E71
BEAC
BF17
3E75
BF69
3FAA
3E25
3EC3
BFC2
BC98
BF5E
3FBB
BF36
BF8D
3E54
3E8D
BD7A
3B9F
3F58
BFD9
BDFB
3FAB
BE3C
3F79
3C56
3F14
3FCF
3FED
BDCA
BDF4
BFD7
BFAC
3F4E
400E
3D36
3F1C
BECC
3DB8
BCC8
3F72
BF8A
BF4C
3F93
BD80
3ED0
BE9D
BEB1
BEE6
BF8A
BF57
BF62
BF49
3F51
BED8
3FB6
BE62
BF22
3FE2
BE96
BE5B
BFA1
BF96
BDB3
BEF0
BFA7
3F31
3E59
3F90
BDC6
3E3B
3E51
BF12
BEAA
C007
BF28
BFBB
BEB6
BE27
3F09
3F09
3F80
C007
3E82
BE40
BE73
BF11
BE8D
BE49
BEE0
3F97
BDD3
BED7
3D90
3E92
BFB0
3E84
4003
3EA9
3F61
3E8F
BFAA
3F9A
3FB4
3E9C
3F1F
3EEC
BE3D
BF58
BE17
3EBF
BFD8
3F37
BF73
BFF3
3FBD
BF09
402A
BEE6
BDD5
BF0D
BF6F
BF24
BE4C
3D19
BF54
3FA3
3FCF
BF7A
BF39
3F42
BFCE
BF68
3D4C
3F80
3E6F
BC19
3F10
BE36
BFD5
BF1B
3E5F
3C81
3F84
BF6E
BFB7
BDFA
BF5E
3EDB
BEB9
3F90
3D42
400C
BE95
4032
BF5C
C004
BFFE
3F6A
BF97
3D9C
3EBB
BE6D
3E83
C046
BF0E
BED7
BFCB
BF81
3EE3
BE05
3F60
4031
3F07
BEAD
BF4B
3F95
BF90
BFF2
BF9E
3F68
BF8E
3E96
BF80
3E0C
3EC2
BEDB
BF99
3FB6
3E85
BF2A
BFFC
BFB2
401E
BFEE
BFAD
BF93
3EA7
3EE1
BF8D
3E43
BEF4
3E46
3F68
3EA9
BF8D
BC2F
3F74
BF98
3F2A
4003
3FB3
3E8E
BF32
3FE4
3FCC
3FCE
BEC7
BF09
BF54
BD67
BEFB
BECE
BFAB
BFA4
BF44
BE9F
3F1C
BEFD
3F54
BFD8
BE26
3F88
BF5A
BC3C
3F0B
3F12
3EC0
BF36
BDA0
BFDE
3FD3
BFD0
C00C
BE83
BFDD
3DB0
3F52
BE50
BE9F
3FC3
BEF2
3D86
3F41
BE21
BF7E
BE7E
3E29
BF66
BE77
BDE3
3E0A
BFDD
3D69
3F88
C021
BEA7
3ECC
3FAC
BED4
BE1D
BE5A
BE97
3F87
3E50
BF0A
3F9E
3F6D
BF4E
BF67
BEB2
3E1E
BE39
C016
BE8E
3FA0
BEA2
BF30
BF08
3E6E
3F84
BF4F
3FD4
3F4F
3FBA
3F3A
BE17
BE8B
3FB6
3E8E
BF03
3F28
BF2F
3EF1
3ECA
BFF5
3EB2
BFD3
BE9C
3FF3
3F64
3F8E
3F93
BF34
3E72
3F03
3F3F
BF1B
3EDE
3FA9
BF34
BD36
BFC9
3EA1
BF14
3F25
BF8F
BFAE
C01D
BF94
3F70
BF2D
BF81
BF7F
3F48
BF8F
3FD3
3FAA
3EC4
3FCF
BE37
3E7A
3F76
BE9F
BD96
4028
3D8F
BD13
BEA1
BF60
BF8C
BF27
3E9B
3E31
3EE0
BDAB
3FC0
3FBF
BEA9
BDB2
4013
BF9C
BFA8
BF2F
C00F
BE8A
BF2D
BF15
4009
4006
3F82
BF4F
3F5C
BFAE
BE36
BF1B
BE76
BFAF
BF51
BFB0
3EED
3E01
3E94
400C
400D
BF3E
BEFA
BF86
3F5E
BF77
3CD0
BF74
3FC5
BF8B
BF05
BE67
BE19
3FB1
3E9D
BE8F
3FB1
BFE7
3F4C
3E32
BFA6
3E0E
C013
BFF4
3F8C
3E23
BFC2
BF66
4007
BD02
3E70
3F56
3D81
BF05
3F87
BE82
BE2C
BF29
BFB3
3EF2
3F83
3F2F
BF66
BFE7
BF59
3F86
BF53
BF35
BF66
BEBA
BE87
3FAA
BEC7
3FB8
BBC6
3FBD
BE77
BE9A
BF55
BF6F
BF89
BFF3
3FAC
BE85
3F81
3EE7
3F66
3FAB
BF4B
3F7A
BDD0
3F93
3F8E
3F43
BDA5
BF6E
BF29
3F3B
3FE9
3F82
3DDD
BF9E
3C9E
3E97
BF07
BF41
BCBE
4031
3F8B
BE66
BF8C
3EF2
3DA4
C01D
3F91
3F2B
BFBC
BE58
3F2E
3F5F
3E9B
BF9D
3F3C
BF32
3E01
BFBE
3DB3
3EF0
3F9A
3F4A
4012
BF26
BEF3
BF08
3F1E
3EC1
3EC7
3FC0
3F99
3F58
BFE2
3E90
3ED9
3F39
BF0F
BF46
3F71
3EAF
3F59
BE25
BFFC
3E41
3EF2
3F6D
BE2A
BF97
BFAA
3F14
3B4F
3F33
3E35
3F9F
4022
BE7F
BE2F
3FA4
3EB8
3EC0
3E04
3EBC
3F04
3D9D
BF1D
3D86
3F8F
C01E
3F14
BF44
BFC7
3F6F
BF73
3F8F
3F0B
3FFA
3EB2
BF22
BF68
BFC4
BF6D
3F35
3EB3
3F62
3E52
3EB6
BF32
3F3B
BF3D
401D
3EDB
C010
3F02
BE5B
3E3C
3F8E
BCFE
BF64
3EDA
3FF4
3F8B
BECF
BEA5
BEAF
3E8E
3FA6
3DA4
3FC9
BE63
BD86
BEB0
3F5A
3EDE
3F6E
3F3C
3FAC
3E47
C009
3ED0
3F81
3F16
BFE6
3E3E
BEB1
BF06
BF19
C007
3F9A
BF3E
C028
3D82
3E9C
BD9F
BF93
BFAA
3F08
BF5C
BD71
BFBF
BF80
3FF7
BED3
3F05
BF3B
BEE6
3F9B
BE7F
3E0F
BEDC
3FED
BE92
BF4B
BF64
BFEB
BF03
3E98
BFDC
BE33
BFD0
3F62
3DB2
3F82
3F3F
BF64
BFA3
3F50
3EAF
3F81
4000
C009
3F5E
3F94
3F1E
BF92
3FFD
BCFA
BF6E
C00E
3E0F
BF2E
3F03
3FCB
BE35
3F86
BED8
BFBB
BF4C
BF3C
BF89
3FAE
3F20
3EFF
C003
3D3A
BE80
3F7A
3BFC
3EF6
3FD7
BFF1
3F25
3E2D
BE80
3DD6
3F8A
3FC4
BF85
3EFD
3DEF
BF43
3EBC
BEAB
3F29
BFB4
BE06
BFF6
3F20
3F54
3E9E
BF8F
BF9A
3F2F
3D54
3E96
BF1B
BF86
C002
BF30
BFAC
BED3
C022
BF6E
BEF4
BF24
BFB0
3F8B
3F20
BC70
3ED3
4008
BE8B
BEF0
BE39
3E8B
BF8B
3FA6
3FAD
3DF5
BF1F
C019
BFCB
3DC1
BFA7
BEBD
3EA3
3EFC
3F18
BFB2
3F3E
3F74
C02D
3F79
BE1B
3FD6
BF3F
BFBC
C04D
3F8E
BFAE
BF89
BFDC
BD84
3FD1
BF6F
3F32
BF55
3F3D
BB9B
3FC9
BEDD
BE27
BF2F
3F91
BFA1
3FA6
BF2C
3FB4
3DD4
BF80
BF53
BF9A
BD93
3F86
BE16
3FC0
BF87
BFB1
BFA0
BF94
BF08
C024
3DAA
BF6C
3F8A
BEE3
3F16
BEC7
3FBF
3F81
BFB0
3F48
3D5B
BEE4
BEC6
BFF8
3E4A
BFC3
C01D
3FC3
3F90
3E41
BFA0
BE48
BF5B
3FD8
400C
3F66
BF20
BF31
BDB3
BF75
3FE3
BFDA
3F8D
BF11
BDEB
404D
BF0E
BE03
3F0B
BF62
4006
4019
BF0B
3F79
BE6E
3F0F
3E99
BF0A
3EEC
BE48
3EAF
BFE5
BDAB
C028
BF85
BF56
BF84
3F5D
BE7B
BF71
3FBD
BFB1
BFE3
BF7D
BEAB
3F5B
3E75
BF8D
BE89
BEE4
3F72
3FBB
BF32
BD8C
3FA5
3F9C
BF8D
BF8C
3BCE
3F4D
3E55
3FAD
3F50
BFB2
3F6E
BF04
BF95
3CE3
BB91
3F2B
BFDC
3DC7
3F0B
3E67
BF21
BF74
C012
3F2C
BF6C
BF8B
BFC7
BDB0
BF61
BE8C
BD49
3E9F
3F53
BF72
3E8C
3F98
BED7
BF6C
BE63
4001
3EA9
3F2B
BF8E
BDBF
BF15
3E61
BFF1
3FE8
BE03
BFF0
BEE8
BEF0
3F27
3EA1
3F31
BE50
BE9C
BF26
3ED3
3F5D
3E4F
3F12
3F99
BFD1
BFDC
BE41
C02A
3EB8
3FAF
3F80
3E80
3F81
3E2F
BDBB
BF15
3DE4
BE4E
BEAF
3F9A
4017
3CAA
BF16
BF99
3F66
BED9
BFA1
3F8A
4019
BF36
3D4E
BFBE
3F63
3F26
C00A
BF02
3E26
3F26
BF14
3F50
BF37
BFF8
BFFC
4045
3F59
BF0C
3F65
3F4C
3F70
3EC2
BCC0
BE8F
3EC3
3F0B
3EA7
BF8A
BD5F
BFAE
BE8E
3E64
401E
3DB7
3E11
BD5A
BFC4
3EC1
3F3E
BE5C
BF65
BF5F
BF3F
BF91
3F69
BE8A
3E64
BED8
BD53
BEFC
3F09
BF08
BF67
BF5B
3F3B
BF8F
3F43
3F9E
BF8B
3F44
BF2A
BF96
3F8E
BFC0
3EB4
BEEE
BEF2
BF7E
3FFF
BFFA
BE91
BFB1
BF20
BFE4
3FAE
BFCA
3FB0
3F6B
BF8A
BF46
3FA8
4025
3F01
3FE1
BE73
BF93
BF82
BE15
3F29
BE29
BECD
3FE5
BF18
3F59
BEE0
3F9D
3F2F
3F36
BF61
3FCA
BE8A
3F40
BF86
3EAA
3FBE
3ED6
BF93
3EC0
BFB0
3F49
3EB3
3D88
3FDE
3ECB
3F3B
3EC5
3FAE
3FB5
C004
BF46
BFB8
3F41
4008
BE59
BF26
BF2E
BEC2
BF5A
3E47
BF85
3CFB
BF07
BF5E
BEA4
BF1F
3F15
3F77
BF5B
BF0C
3F7B
C001
3F54
BE32
3F86
3FBF
BF50
3F7C
3F18
BF53
BE12
3F26
BFF3
BFFE
BF96
BF67
BE8B
3F0B
BF2F
3F2D
3F97
3FFB
3E10
3F6A
3F76
3F38
3E64
BEE1
3F1A
3FEC
3EB3
BF69
BED4
3F46
BD5F
BF98
3F87
BE82
BBB3
3E05
4008
3E29
3D56
BF0E
3F44
3FA8
3CB6
3F39
3C53
3F80
BFB9
BE45
3FEA
3FA5
BF86
3F06
C015
BEB8
3F53
BF58
BF8C
BF1B
BF82
401B
BF4B
3E49
3FDE
3E93
BFC4
3FA4
BF1F
3F04
405F
BF17
403D
3DAD
BE14
3ECD
3CFF
3F89
3E9B
BDF8
BE9C
3F8D
BE5B
3F33
BE45
BF28
3FBB
BF17
3EAF
BF5E
BFC2
BEE5
BEB2
BFDB
BE85
BFEF
BFB6
C006
3FB4
BFAC
3FA4
3FCA
BD89
BFC9
3D45
3F1D
3E49
BE54
BF67
BF81
BEFA
3F08
3DF0
BFA3
C008
BFE7
BFBC
3F09
BEBE
BF1E
3F4F
BF93
3E07
3F67
C018
3F76
BFD5
BE88
BC83
3FD9
BFBD
BF7C
3DD7
3FED
4008
3F88
3F4D
3F45
BFA3
BF8F
BE76
3CB1
BF17
3F1E
BF10
3EF0
BFED
BF77
4003
BEC8
3E7B
BF53
BF45
BFA3
BF26
3EC6
BC76
3F0E
BFC2
3F53
3E91
3EB2
BF4F
BEE8
BE7D
BEC9
BA54
3DC7
3F84
BE23
3F8E
3E20
3F63
3F1C
3F3D
BD55
BEE4
3FC0
3F9D
BD9F
BD76
3F9C
BF03
3F7B
BECC
BFB3
BE7B
3F6A
3FA8
3F8F
BFA4
BF69
BFC8
BFCA
3EAE
3F15
3CFD
3CE2
BE60
3EBF
BEFC
3F61
3DE2
BD87
3FB8
3EA5
3EE0
3E32
3F8D
BF84
BFC2
3F99
BF9E
3F45
BFD0
3F8F
BF44
3CD6
3F41
BE0C
3F03
404E
4030
3D2C
3F37
3F86
3E97
BF0A
3F7C
3C9C
BFFA
BF03
3FA5
3E5E
3FB8
3F41
BF13
3EE2
3FFF
BF89
BEF4
3EFE
BF85
BF31
BFCC
3ED6
3FEF
3FC4
BF1A
3F26
3EC4
3F26
BE92
BED5
BF9E
BEDB
3F36
BED3
BF25
3E0A
4047
3FCA
BEFF
3F8A
C069
3E8D
3FA9
3E15
BF2F
BF1F
3FD6
3CDC
BE6D
BCBA
BF52
3EC3
3F4D
3E28
BEE6
3ED9
3FE4
BECA
BF36
BF83
3DCF
3F5E
3F05
3ED0
BFCC
3FCB
3F65
BFE1
3EF5
3EDE
BEA5
BFBD
BF8B
3DE8
3F30
3F1B
BF59
3FBE
3E95
3F7D
BFBE
3D57
BF42
C007
BFC7
3ECB
3FB6
BE44
BE83
BFAB
3FCD
BE5D
3ED0
3E79
BF11
C00B
3E0F
BF42
3E53
BFD2
BD82
BE4F
3F35
3F7A
3FBB
BFAC
3E16
BED0
BD3D
BF3F
3E42
C005
3EB5
3F4A
BF33
3F4E
3FE5
3E59
BEE7
BF31
BF2B
3EE9
BFAE
3F47
3F42
3EAE
BCDE
BDD3
BF29
BF4C
3F51
3FDE
BFAD
3E58
BF88
BEF6
3F05
3EAC
BF30
3F55
3F04
3F21
BEE2
3EE9
BFD6
4004
3F24
BE9A
3EDF
BF41
BC23
3FB9
BE8D
3F07
BF16
BF01
3FC7
BD5D
BF78
4047
3F1B
BF72
3F61
BE83
3FAE
BF80
3EBD
BF59
3F67
BE23
BF00
3CB1
BE88
3C9C
BF32
BF89
BF4F
BF79
BF4C
3DCD
3F0C
3E51
BE91
3E0C
3F42
BFA5
3EEC
BF81
3F6D
BF19
BF19
BF4F
BE8D
3FF8
3F38
BE36
3EFC
BD5B
BE8E
BD00
BF06
3EFB
3F07
BF0E
3F33
4008
3F4C
BFC0
BFA3
BEC4
BF36
3E36
BFB8
3E59
BE35
3E47
3F48
BF54
BFD1
BF48
3FA5
3F92
BFE2
3F00
3F9C
BFD6
3E14
3F0B
3BA8
BE6A
BF31
3F94
3FDF
3DD6
3FB3
3FE6
3FC3
3F2B
BDAF
BEDA
3ECF
BFE6
3F2D
3F8B
3E2F
BF8C
BFD7
3E21
BE24
BD98
BF20
400B
BEB3
3FE0
3FB4
3F1B
3F45
BD07
C01D
3F70
BC98
3F6F
BEF2
3FC2
3CF2
3F74
3E53
3E8B
3EEA
BF67
BEF6
3E3D
BEF0
3E2E
BF75
BF03
BEC6
3E6D
3E28
3FED
C01E
3F9B
3EC0
BDE1
BF41
3F1C
3DB2
BE55
3FA8
BF0A
3ED1
BF71
BFCD
3E0C
3EAA
BF6B
BE04
4002
BF10
C026
3F85
3F12
BF78
BFE3
3F96
3E0B
BC8E
BFC6
3E30
BF8B
3ECD
3ECD
BEA6
BE2E
3ED8
BE9A
BF9C
BEFC
3EEF
BF93
BC81
3A5C
3EF2
BC02
BFCA
BFB0
3F03
3EDB
BDF1
BF83
3F98
3EC4
3F80
BF34
3F2F
BF9C
BF79
3F00
BE4E
3ECB
C004
3F59
BF8C
BF81
BE67
BF60
BFD6
3E48
BDDC
BDD5
BB9D
BF7B
BF34
3F3F
3F81
3D87
BD98
BF16
3D22
BE28
C000
3E6A
BD69
BF08
3F5D
3F07
BBFA
BF6F
BF5D
BF8D
3E1B
BF40
3DCE
3E9D
3F81
3FE8
BCFD
3EBA
3FAC
BFFD
3FA0
3E62
3FAB
BE88
BFF0
3E98
BF45
BF43
BF01
3F39
BF2F
BE08
3F46
BD42
BE44
3F0E
BE11
3F0E
BEF0
3FA2
3FA4
C021
BF58
3F24
BEB6
BCA0
BF0E
3F2E
3C9A
BF83
BED6
BD48
BEA4
BE89
BF69
BE2E
3F89
BF1B
3F9F
BF01
BF43
BF93
3FA5
BF45
BDEC
BEEF
BD0B
BF67
BDD1
BEAD
3D5E
3EBC
BF8C
BDAC
BFD8
3E66
BF82
3F3A
3F8E
3FDD
BF4E
3F63
BF90
3E48
BF36
3F08
3E87
BF84
BFDA
BF88
3FA0
BF28
BFE1
3E90
3EAA
3F87
3FB7
BFD7
BFAF
3FED
3F08
BF00
BF83
BFB1
3F0A
3F70
3E3F
BF16
3F16
3F39
3EAA
BDF7
3FEA
BD48
BEC2
BF3E
BE9C
BFED
BF35
BFFB
3FBB
3FAB
4001
400C
BF94
3F12
3EF1
BF66
3FCA
BE8C
BFDA
3F8A
BFC0
BF03
3F54
BEEA
BEAD
BF14
BFAC
3F3B
3F46
3F9F
3F07
BF8A
3BEB
BD20
BFD1
3EEE
3F8A
BFBB
BE21
3FA8
3FF4
BF8A
BFAE
BF3D
3F48
BF4B
3E88
3EB0
BF5E
3C89
BEFE
BE97
BFF1
3F71
BFE9
3FF3
3F54
3F55
BF6F
3F2E
3FA3
BF6E
3F41
BF8F
4008
3D6B
3F3F
BF1E
3F34
3F22
BF9E
3EDD
BE86
3F6B
BD58
BBBB
BDB0
BF88
BDB7
BF1A
3F15
BF63
4011
3DAF
3EF6
BD45
BFBC
BF6E
3F8F
3D7F
BE78
BC88
BEFB
BEF3
3F64
BDD6
BF3C
BF29
BF0F
3F1D
3E2C
3F0F
BF65
3EF6
BFDF
BFA3
3F0A
3D53
3FE0
BDBB
BD58
3F30
3E6B
3E1E
3E76
BF17
BFA7
3F74
3FCA
BF9C
4005
BCCE
BF4B
BDCE
BFD7
BF32
3DD4
BDCA
3F72
3F1B
3F15
3FF5
3DA7
3F40
3FCB
BF7C
BFC9
BF85
BF86
BF80
3D5F
BE89
BFCE
3DC2
BF3A
BEB5
3E82
3FE7
BF2C
4022
3DE4
C020
BF2B
3F1E
3F3F
BF23
BDE2
3EE9
3D21
BFE3
BE8E
3F32
BF2A
3DFC
3F5A
3FC9
3DB2
3F08
3F3A
3E93
3F39
BD10
3F32
3F2D
BF4E
3EA4
BE9D
4019
BF9F
BF1F
3EC6
3FC0
3E6C
BF29
BEE9
BF36
3F96
3EAB
3F18
3F8E
BF14
3FFC
BD94
3F40
BF35
3E0E
3FB8
3EF3
3F16
3F0C
BE91
C003
3FC5
3F3D
BD78
3F5D
BFEB
3EE6
BFC8
BFA2
3ED3
BF7A
BDAC
3FF7
BF1F
3E0B
BEEB
BE88
BF31
BE9C
3E08
3F84
3F5E
BF3E
BFD3
BEB9
BFE6
BFA6
BF3A
BF38
BF09
3F93
BF6A
3F2A
C020
C005
3E89
BF78
BEF8
3E23
3E52
BF98
BF24
3EE9
BFDF
BD94
3F97
BF1F
BF33
C013
3F34
3F22
BF5F
3FAD
BEE3
C044
BFC8
C01C
3E66
BFFA
3D92
3F30
BF9B
3D93
BF62
BEEA
BEBA
3F89
3EA6
3F83
3F1C
BF41
BEA0
3F23
3DCB
3F2A
BE22
3F1C
3F26
3FAA
BEBB
BE9C
3E32
3F8E
BF4B
3E56
3E42
4039
BE8A
3FE2
BF8C
3F84
BF58
BF9B
BFA0
BF2D
3DDB
BFA1
3FB6
C000
C021
BC94
BFA4
BDA9
3EAE
3ED0
3E54
3F15
3E9C
3F84
3F84
BDCF
3EB0
BE46
3EFF
3F3D
BE26
3D7F
3ED5
BFA9
BEB2
BF32
BFAD
BEB2
3E29
3EEF
3D67
BF6D
BF01
3FB6
3F2D
BD5E
BEAD
BF30
3FDE
3F27
400E
BEFA
3FFF
BD5A
3F74
3F8A
3DF6
BED5
BF5D
BF25
BF08
3FB2
3E3C
3DB7
3E71
3E3D
BF33
BF11
3CF8
3E08
BF1B
BF24
3DEF
BF58
4044
3E78
3E00
BF16
3FC1
3FBE
BFC8
3F4B
BF4B
C002
BF8F
BE0F
3F5F
BFEC
BF03
BE83
BF79
BD8E
3F65
BF90
BEE5
BEE6
3EB5
BF82
BF9A
3F76
3F89
BE7A
BFDD
3FC9
4004
BF5E
BFC2
BF01
3F78
3FED
BEA0
3D83
BF1E
3EB9
BF0D
BFB7
BFB2
3F0B
3E3A
BE89
BF91
BF39
BEA9
BFA4
3F24
BDBD
3E56
3E25
C01B
BF80
BF14
BFCB
BF66
3EFB
BF96
BF57
BE85
BFBA
3ED2
BFE4
BFF2
3F99
BED1
3F64
BFB4
BCE2
401C
BE43
BF15
BF22
C037
BF9A
BF08
3E1B
3F55
3F9D
3FB3
3F91
BF9B
3F5F
3EE7
BF45
3F27
C00B
BF04
3F96
BF0A
3F91
3FA0
3F8B
BF6E
3F57
3F5B
3FD4
BFDE
3EFA
3ED6
BCCB
BFA1
BEBD
BEB0
BE66
BEB3
3EEB
3C87
3E52
3F20
BE8A
3EF5
3F69
3FED
3E31
3EE0
3DB0
BFF3
3EA9
3DDF
BEAB
3F1B
BF08
C02D
3F2A
3C7F
3E06
BB89
3F38
BE22
BE0F
BF45
3FCE
3F5C
BF72
BFAF
3CA6
3F52
3EA8
3EEB
3E7E
BF4B
BE07
3FD7
3F96
3F38
BF51
3F91
3EEC
3F4E
BF35
BF39
BF54
3F91
3FA3
BF9A
3FE3
BEE7
BE8C
BFCE
3F24
3F24
3F07
BF87
3F94
3EA3
BF78
3F3D
3F56
3F76
BF42
3FDB
3DC4
3E60
3EAF
3ED0
BDA1
BEA5
C000
BFA2
3F10
3E32
BFA7
BD86
BF98
BEE2
3F9D
BF9C
BFCE
3F85
BEF9
BE5C
BF34
3E6F
3FA2
3FA7
BFF8
3EDD
BEE8
3FD8
C023
3E89
BD25
3F9C
BF4D
3FC0
4055
BE94
4013
3F6B
BDF8
BF95
3FAB
3FCA
BF5E
3FA6
BDF5
C024
BF30
BFFB
BF95
BE4E
403A
BE20
4003
C006
3ECB
BE83
3F29
BFF4
3F0E
3D5D
3F97
3FC5
BF96
3DDA
BDA0
BEB7
BF73
BFB4
3F9E
3E6A
3F24
3F1C
BFCE
BE80
BE69
3F51
BBB3
3F9F
3CA1
3F6E
3F96
BEEE
3FC0
BFDD
BC39
3DD2
BE02
BDEA
3F63
3F19
3ECD
BEF3
BF14
BEE5
BFAA
3F39
3F11
BED0
BF99
3F88
4025
3C29
3F7A
3F91
3FCA
3EF2
3E33
BF8F
3ED4
3F93
3E1E
BC5A
3F2E
3F2B
4013
3F0E
BF1D
BEA0
3ED9
3E55
BFA4
BF67
BFEF
BE1E
3DC6
3EA4
BF11
3F2D
3F56
3F4B
BF53
BF8B
BEA6
BF5B
BF95
3D8B
3ED4
BF87
BF63
3FF1
BE32
3DA3
3E0A
3F91
BF6E
3FAF
BF92
3F2D
BEAE
BE8C
3F1F
3EAD
4026
3F70
3F7D
3D7A
3F8D
BFF6
BCFA
BFBF
3FAA
3D80
3EF1
BEBB
3D7B
BC35
BFE9
BD99
BF16
BFD8
BF7A
3E7A
BD7E
3FBC
3E23
3F55
3F72
BBB3
BFB5
C002
3F40
BFB0
BF8C
3F5A
3F50
3FE9
BFD9
3E47
BF5F
3FB3
C00A
3F12
3DFA
BED3
BECD
3F11
BE40
3F46
BDB8
BF70
BF94
BFD4
BC2B
BF15
3F62
3E16
3FD4
BF23
3F04
BF96
3F7C
BFB9
C044
BF83
3FBF
3ED8
3F86
BF22
3D45
BF9E
BF90
3E43
C017
3F33
3FAB
BEC1
3FCD
3F2B
BF40
BF1A
C007
BED9
BF8B
BE7B
3FD9
3EC7
BF84
BF06
3D46
3D8F
3EFE
3D4B
BF1C
BD83
BF23
BFA4
BF43
BF62
3E94
BFDD
3E2D
3FA7
3D85
BFB3
3F93
BE55
BFDA
3F3C
BF3E
BF27
BECE
BE25
3E6C
BF27
BE5D
BEC7
BF41
BF0B
3FE0
C020
3E01
BFFC
BF7A
BF4F
BFF3
3F0D
3D81
BF9B
BFE5
3F04
3F5A
BF9E
BF09
BD3B
3F21
3F40
BF8A
3FB0
3FB0
3D9E
3E98
3D02
3F06
3F37
BEC2
3EDB
BF12
BF66
BFBA
3F5C
3D0E
3EC2
3EE7
3F58
3FC1
BFAC
BEF0
BF14
3ECE
BF48
BE87
BEA6
BFEF
BF89
4003
3FA5
BF8B
BC1A
3EDD
BEAD
BFB2
BF86
BF89
BFC1
BF85
3FB3
BDC4
3E7E
BF47
BF85
3F8C
3F55
BF2A
3FB0
BEB4
3F34
3EAA
BF89
BE85
BC8C
3FE4
3F98
3EA1
BE50
BF2F
BFB2
3F89
BEC5
3F23
3F19
BF99
3DE6
3F91
3F7C
3EF8
BEDB
3FCA
3FA5
BF12
3F31
BEA2
BF25
3F2B
3FD7
3E15
3E9A
3F90
BF26
BF59
3F38
3DF6
BEFD
BD3E
3F0E
BF9D
BECC
BF17
BF03
BE04
BEC5
C011
3E28
BFED
3F3C
3EB6
3E64
3FE2
BFE5
BF49
BEAF
BF86
3EAF
BECF
BF8E
BEEC
BF7F
3EC7
3D5B
BF1D
BF80
BFA0
4026
BE44
3E22
3F17
BF15
BF27
3FE9
BF47
3FC2
BF02
3F9A
3E35
3EFD
C001
BF29
C00D
3E84
BE9F
3E7E
BF2D
BD2F
BF6A
3F8C
BE9C
BCA3
4017
BF2F
BF18
3FB3
BF2F
BFC6
3F14
BEDB
3EB5
BF12
3E90
BEC7
3F20
BFB3
BE43
3F0D
3EE9
3EAA
BF6C
3EB5
3F7D
3DC8
BF65
BF81
4004
3EC0
3FAC
3FF2
BF7D
BE0B
BF94
BE86
BF3D
BFA3
3FDB
3F61
BFE7
BE70
3ED9
BF19
BF13
BFA2
3F1E
BF71
BF32
4023
3DDD
BF90
3F37
3FB8
3F08
BF33
BE83
BFB0
3F2D
3FE1
C009
3F19
3EA5
3F05
BF84
C011
3ED8
3AC2
BFBA
3E8E
3F18
3FA3
BFE1
3EBC
BF3F
BE36
BEAE
3FAF
BF11
3C26
3F83
3F79
3EE4
3F3C
BE06
BF86
3FAC
3C7A
BD88
3F53
BF11
C029
3F2E
BD62
BF16
BEE8
BF84
3DC9
BDC8
3F61
3FBC
BFDA
3F29
BF09
BFEB
3F0F
3F45
3F8B
3EB1
3E38
BE06
3F53
3D80
BFBF
3FFA
3EBF
3F38
3F27
3FD5
BDD4
3F92
BF0E
BE1B
BE38
3F0E
C003
3F99
3FBE
3E8C
3E21
BEAC
BFAB
BF84
3F39
C01D
3F84
BF78
3F81
3FF5
3FA5
3E48
3FEB
BEAB
3EE0
BF8F
BDC7
3FC5
3FAA
3F13
3DEA
BEA1
BFA0
3E9A
3D12
3E89
BFDC
BFB9
3F47
3FBF
3FE3
BF43
BCAB
BF87
3FA1
3F41
3FE3
BFFC
3FC3
BF55
3FA3
3EB5
3F3A
3FC2
BFF2
3D69
3F76
3F26
3E5E
3F68
BF81
3EED
3EBE
BF68
BE4C
BF6F
3CA7
BEA6
BFD6
3D71
4028
3F2F
BE2D
3FA1
3F65
BFF0
C006
3FC0
3EBC
BF9C
3DF7
BD75
C008
3FE1
3F52
BFA9
3FAE
C00C
3F70
3FB3
3F52
BFD6
BE46
BD9D
BF94
BF96
BF54
3F47
3E61
BEC0
BE2A
BF17
BCB5
BD4E
BF15
3F70
3F41
4001
3FCA
BFB1
3F05
C01D
BFB1
BF4D
3F14
3F76
BE6A
BF7B
3EA6
BF94
BF33
3B9B
3F26
3C1A
BF75
3F85
3F4A
3ED6
BF11
3EB1
3FDA
3F5D
3F4A
BF78
3EA7
3F13
BF1B
BF1B
3EBC
3F76
3FEB
3F3A
BE33
BFDA
3FE1
3EB2
BEE3
3F39
3EF3
BD9F
3F43
BE50
BFC6
3F62
BF26
3F45
3F99
BE2C
3F17
3F8B
BF2D
BFA1
BFD3
BFBC
3FD8
3E4F
3F8E
3FDC
BF15
BDEE
3F27
BEF8
3F7F
3F46
BFAC
C01A
BE93
BF05
3D86
3E4E
3F60
BFEA
BF9B
BF2A
3F04
3F93
3F93
BFED
BF3D
3FDC
BF20
3E83
BFC6
BED4
3F20
3EB4
BE06
3E23
BF5B
BF2B
BF1C
3E2D
3D93
3F1F
BDE2
3EB5
BD09
BE94
3DBD
3F6C
BFF7
BEF7
BF13
3F58
3FEE
3EE2
BF83
3FAB
3F22
BD1F
3FA3
3FA0
BF97
3F97
BF10
3F06
3E4C
BE4E
3FE6
BF97
BE4E
3FF1
3F0D
BF1F
3FAF
BEC7
3F75
3ECD
3E60
3E7F
BEC2
BFD6
3F14
3F79
BF26
3F64
BF24
BE9E
BF1A
3FFC
BF68
3F84
BE54
BF56
3F5A
BF9E
3EC1
BF90
BF77
3F9A
C001
C026
3CFC
BF48
3F0C
3E68
3FEE
BEB1
3FCD
4011
3F74
BF99
BD23
BFAE
3FFB
3F63
3DA4
3FA2
BF88
C017
3F12
3E6D
BF23
BE0F
BF38
3FE7
3F53
BF86
BF9D
3EBA
BFEF
3F93
BFFA
3DC9
BF09
3F4B
BF33
3F73
3F25
BFB9
BF30
3F63
3F65
BFFF
BF25
BCF4
BF21
3FFD
3BE7
3D1C
BF7A
BFAF
BF38
BEB6
BFD4
3F89
BF44
3E06
BF8D
BE7E
BE47
3EF9
3F53
3DF3
3FF3
3F82
BDEB
3F87
BE8D
3E6A
3F62
BF04
3D6B
BE92
BF8E
BF9E
BFD4
3F6F
4018
BF32
3F0F
3E53
BE1B
3F93
3FCB
BED1
BED9
BF1D
BDD7
3D81
3E9C
3F1C
3F2D
3F37
BEFF
C020
BFC7
BF35
C026
3F73
BFF1
BF0B
3EAA
3EBA
BE82
BF36
3E84
3EC6
3FBB
3ECB
BD9A
C00B
3FFE
BF7D
BF64
3FE0
3F0F
3F8D
BF53
BEF2
C01F
3FB4
3FB2
3E76
3F4C
BF6B
3F16
BF7C
BF18
BE25
B729
BDA3
BBC4
BF31
BFBD
BFE6
BF92
3FAB
BFC7
3FD6
BEF7
3F8B
402D
4039
BF1E
403B
BE9C
BF2F
BEF2
BDCD
BE87
3F44
BF40
3F89
400C
3FA1
3EC1
BFD3
BCD0
3EF8
BE25
BD0B
BFAF
3F01
BF6D
3F5B
3F3F
BF8C
BF9E
4015
BE04
3FBD
BF5B
3F8A
3F4C
3F3C
3E06
3EAB
3F3F
BEF3
3F50
4009
3F77
3F39
3F24
BEDA
3F0A
3F0E
3FD8
3F8A
3F36
402D
3E83
3F20
3F8C
BF3B
BF1A
BED9
BF34
BF1A
3F4C
BFC0
3FB6
3E44
3F30
3FA8
3F1D
3EBD
3EEA
BF2D
3FA0
4017
BDB1
3E9B
BF0F
BF12
3FC7
BEEF
3FC1
3ECC
BEB3
BD8A
3F33
BE2E
3F3D
BCB1
BFA0
BF2B
3EE9
3E00
3DCF
BF82
BF2A
C00D
3FDF
3E62
BF9F
BF7F
BFE6
3FC4
3F3D
3F2A
3F6F
BF62
3F95
3F93
3EB3
3E81
3D0C
BD17
3A1A
BF03
BF63
3F8E
3FA0
3FC1
BDAC
3ED4
3F9B
3FD9
BF14
3F85
3DD5
BF16
BF51
BFB7
BF76
3F02
BF04
BFF5
BF2C
BF4F
BF93
BF0F
3E75
BE8A
BF54
BF77
3ECD
BDF7
BFDF
BF9D
C001
BD7E
3E81
BF1D
BFD3
BF85
BF87
3F87
3ECB
3F91
3F8D
BECA
3F7F
3FE4
BDD9
3F2E
3F0A
BFAE
3EE8
BEFA
BF94
3E99
3F3C
3ECD
BF5E
BF95
3E97
3E8F
BF4A
BF87
3F9B
3F85
3F14
3E9D
3D9B
BF9C
BF1E
BF21
3D33
BFFF
3F24
BD84
4003
BED4
BE11
BDCE
3F01
BEB8
BF8B
BF1D
3D19
BDE6
3FB7
BF70
BFB0
3E3B
3FBF
BF48
BDE5
BB83
BF37
BF61
BFAC
BF89
BD8B
3FFC
3E56
BED4
C004
BF42
C019
3F46
BB0F
BFC7
3F59
BF98
3FF6
BF2D
BFA5
3FE9
3E14
3F28
4002
BF97
3F16
3F84
BCEB
3F3B
BE80
3F45
3E4E
BF81
BD40
BF1A
3F64
3EC2
BD79
BF8C
3EDD
BF1B
3F26
BDD9
BF62
3EC0
3F6C
400E
3CD0
3F66
BF79
3EA8
BD02
BEB7
BC10
BF1B
3E0C
3DDC
BF29
BF20
3E01
3F93
BD11
3F8B
BF51
3FCA
BFD0
BFD6
3F20
BFAA
BF21
BF36
BF53
BF27
3EDA
3F0F
3F53
3F50
BF6D
3E5C
BE50
3CE0
3F8B
3F8D
3E8F
BF25
BF78
3DB9
3F9F
3E20
BF6A
3F65
BF47
3ECD
BDD3
3FD0
3F4E
BED6
3FD9
3F03
3E14
3EC5
3F98
3F0A
BEF7
BF4B
4009
3D6D
3F83
4011
3E02
3EF0
3FB4
BD69
3E15
BF9F
3F0A
4002
BE37
3F2A
3D35
3FAE
C069
3E80
3FE1
3F03
BF37
3F75
4036
3F41
3E1F
BE87
3DB5
3E49
3B9E
3E93
3F3E
BFBE
3FA8
3F27
BFE2
BED6
3F31
3F0B
BF61
BE5E
BE37
BF7B
BFE9
3E74
3F28
3F9C
BD78
3E06
BF1D
3F78
BEFA
3E2D
3FD3
3F61
BE71
3F60
3FFD
BFBC
3F6D
3E50
3F26
3DBE
BFA3
3F1F
C021
BD5C
3E7E
BF2D
BF15
BF31
BF00
BF9A
BFC9
BE9B
BE5A
3E3F
3F3E
BEE4
3FA5
BEDE
BF33
BC8B
BF97
BF07
BF30
3F62
BFA6
3F5E
3A20
404E
BE0A
3F46
BFFB
C014
BF17
BF29
3F91
3FAE
BF98
BFB4
BDC0
BFBF
BFA2
BFB2
3F81
3F7F
BF26
3BDE
3F8F
3F3A
BF4F
3F03
BF66
BEF0
3F3A
BFCA
BFA2
BED8
3E85
BE98
BEC5
3EC5
3FAE
3F27
3EDB
C00E
3F8D
BEE3
BE88
BF5C
3E71
BEFD
BFC0
3F27
3FA1
BF3A
3F08
BF48
3E14
3F40
BF92
C005
3D5B
3DDC
3EA0
BFA8
BF16
BF58
BF95
3DE0
BCEB
3F29
BE4D
3ED2
BDE5
BF15
BE03
BE62
BEE5
3DDB
BF5F
BF73
BD02
BF07
3F5C
3FB8
3E98
BF63
3E92
BFE6
BE93
3E4E
BD46
3EDA
BFF7
3FCF
3FA0
3FD0
BEFC
C00D
BF2F
3D8F
BF2F
BF78
3ED4
3F92
3F8E
BF80
BE82
3F95
3DE6
3F4A
BF6D
3F90
3F49
BFAA
BEA9
3E9E
3ED8
3F36
3F1B
3F30
BE1C
3CAC
3F0D
3F30
BE10
3E88
3E5C
3F03
BF44
BE05
BF93
3EDB
3F9F
4018
BE59
3FB5
3F8B
BEBF
BE0A
3EF4
BFC9
BF1B
3F50
3F9C
3F86
4009
3D6D
3FD3
BFAF
3FD9
BF4C
3FCE
BE82
C00F
BD52
BF12
BF10
BED2
3FB0
4027
BECD
BEB8
3CE0
BF8F
BE02
3FD0
3E67
3CCC
BEF6
3E55
BE9A
BFB3
3F64
C025
4010
3F8B
3E15
3FD8
BE7B
BE05
BFD0
BECC
BF8F
BDDD
3EBF
3F7D
BE6E
3FF8
3F71
BF0C
BFDF
3F03
BF27
3F41
3F97
3FBD
C012
BFF8
3FAC
3F19
3F0F
BF0E
3EC3
BFE6
BF8D
BE77
BF97
BDF4
BED0
BF05
BF5B
BF17
BF14
3C88
3E99
3F13
3F48
BF0A
3E45
3F43
BFB4
3E2F
3FBA
BDDC
3FBD
3DC9
3F0B
3E98
3F21
BEEA
3D64
BF36
3E88
3F89
BF84
3FBA
BF95
3F95
3F26
BF4A
BDB0
BF8E
BF67
BDD8
BFCD
3EDD
BC61
BED0
BF8C
3E03
3E94
BE97
3DE6
BFB5
BF82
3F3B
3F49
3F7A
3FED
4008
BDFF
3FAA
C011
C003
BE45
BF15
3F03
BF25
3EA0
3FCA
3EC8
3F42
BEA6
3DEC
BF04
3FB1
3F19
BF5F
3F71
BFA1
4005
3F80
3F3D
3EBD
BF02
3EF4
BFAC
3E14
BF17
BF90
3F22
BE8D
3EBB
BF04
BC86
BF74
BEEE
BE7F
BF95
BF06
BD18
3F44
3EB5
3E70
3E99
3F78
3D11
3F46
3EBA
BDCE
3F04
3F03
BF40
3EDE
3FE8
3F31
BF5B
C00F
BF89
BE96
BFE7
BF4E
3F94
BF82
BE87
BE51
BF82
3F2A
3FAC
3D26
3F19
BDD3
BF62
3CB8
3F10
BF8D
3FFA
3DB7
3C5E
BFF6
3E0D
3F30
3EA1
3F94
3EBE
3E63
3E3C
BE07
BFB5
BE02
BDD0
BFFA
3FF0
BE77
3FCB
BEE8
BF17
3ECC
3E8E
3E32
3E0C
BD12
3FF0
BE40
BC0C
3DC1
3E21
BF1D
BF98
3FBF
3E72
BF20
3F97
BE9B
3FB1
3E82
BF1C
BFAF
3FBF
BE2D
BEFA
BEBA
BF0B
BDB6
3F70
3ED4
BEE5
400A
3FB1
BF6E
3F7A
3F23
C015
3E85
3D5D
3F45
3FE3
3F61
3F4E
3D91
3E62
BF21
3E4E
C011
3E16
BE54
BF09
3F74
3F7F
BFE3
3CAE
BE1E
3F1E
3F5A
3F6F
3FA1
3E8F
BEDD
BD09
BFC2
BE7D
BF1F
3F7A
BF26
3FD6
3F8B
3FB1
3F85
3F8F
3F80
3F02
4025
BE5B
BF81
3FF2
3F71
3F45
4009
3FE4
BF6F
BF5B
3F9E
3F98
BDEF
3D23
BF16
3E30
BE12
BF29
3F23
3F28
3F5B
3E85
3FCF
C01B
BF98
3F44
BF10
3F92
BEB2
3E2A
BFB8
3DE6
BFA8
3F1F
BEBC
3F1A
3F65
BF14
3F6C
3FB9
BF3D
3E5E
BE0A
3EE7
BF82
BE93
3F12
BF19
BE17
3F3E
BFA1
3EF8
3F94
BF5B
3FBA
3F9B
BF31
3F20
BFCF
BF1C
BE9C
3F82
BF96
BEB2
B99A
BE84
3FC7
3FC0
BF18
BF00
BFF1
BEBF
3F47
BE1F
BF50
BC57
4006
BE99
3F95
3F18
BF7E
3F73
3E87
3F22
3F88
C02D
3DA9
3F06
BF74
BF1E
BB85
BDF0
3EA5
BF6D
BFAA
BFF8
BC59
3C0F
BF12
BFBC
BF34
3E8D
BE64
BDE8
BEED
3F4F
3F2D
3FA8
BDE1
3FB4
3ED7
BF47
BFCC
3FB3
3FA8
3FDE
3DBD
3F87
3F02
BF33
3EEB
3E4C
3F30
3FE4
3E22
BE27
3D04
3FA7
3F87
BF5B
BF91
3F2E
BF07
3F34
3F25
BEA5
3F33
BF8F
3D6E
BD96
3F5D
3F36
3F97
3F8A
4019
3F66
BF27
4001
3FAB
BF3D
3F18
BE12
BF53
C04D
3E23
C003
BE26
3EA2
3FBA
BF29
3DB4
BEDC
BF1D
BF75
3F2B
3D76
BF5D
3F82
3E8B
3F6B
3F6E
BD13
BF86
BE33
4003
3E08
BFCB
3FAE
BE1C
3E16
BED6
BF11
3EEC
BEAA
3E76
3F66
BDE6
BEA9
3F94
3ED1
3F92
3F9C
BF5C
3EC5
BEB5
3C3F
3E10
BDD9
3EAC
3F07
3D6F
3F2C
BFAD
3FD8
BEE1
3F6C
3FF0
BFA0
BF03
3F17
BF45
3F73
3FCB
3F3D
BFC0
3F9C
BF24
402C
BE7C
BFB3
BEAB
3FED
3F7A
3EAB
4010
BE94
BFBA
BF42
BF82
BEBB
3E9B
3F4F
BF84
3DAA
4028
BFF7
BFD3
3F9C
3FA6
3F75
BEA5
3FDB
3FFB
3FAE
3ECD
3F52
BFEE
3E76
3E41
BFEA
BD76
BEB7
3F19
BE1C
BE9F
3EF1
BEDF
3F19
3EF4
3F84
3EE8
BF45
BF5F
3EF0
BFEC
BF26
3F0D
BFCA
BEB2
3FD7
3FAA
BCB8
3F27
3E8F
3F9A
3FB3
3F35
3FB8
BF2D
BF04
BF7F
BF84
3FFB
3DF5
3EF8
3F05
3EE9
3FAE
BF6E
C04A
BB83
3EF1
3F57
3F31
3F82
BFA6
3FD8
BF6C
3F11
3FB6
BF9B
BEF3
3E54
3FCA
3C8C
3FAD
3D4B
BF5B
C014
BF9B
BF9A
3F86
3E4D
3F7F
C001
3E8F
BE4F
3ED3
BF87
3E24
3FA1
3F4E
3DDF
BF12
3F36
BF26
3FD6
3E5C
BF00
BD7A
BF2E
3ED9
BECD
3F19
3F1A
3F46
3FCB
BFCD
BF88
BF6A
3F89
3F5C
3D9F
3F21
3FC5
BF54
BE48
BF2F
3F89
BFBA
BF0D
3F1D
BFD0
3FB8
BE13
3F7C
BF96
3CE0
3F7A
BDB8
3C7B
BE5A
3EF9
3F6E
3E2B
3E4D
3F89
3F07
3F7E
BF27
3F06
3FB1
3D81
BF7E
BDB8
BEB1
3F41
BFD1
3F1B
3F8D
C00A
BEDB
BFA8
BEBF
3F86
3E3F
3F7A
BE8C
BEF2
3FAC
401F
BF84
3F92
3EB9
BE13
3F9F
3F90
3F14
BEB8
4019
3DF5
BDD3
BFA1
3FB9
3E9C
3DC2
BECD
3F45
BE44
3EAD
BE29
403D
3D03
BF53
BF06
BE4F
C005
3B50
3F58
3EED
BF9E
BE9C
BEC0
3E3E
BF2E
3F3D
BEAE
3ED4
400D
3C60
BF72
3E4E
3E04
3E95
BE5F
3F56
BF34
BF7E
BFA8
BF65
3F18
3EF8
3D02
BE36
3F37
3ED3
3F59
3FEA
3D4C
BF05
BFA4
BE3B
3F93
BEBA
BFA1
3CC1
3F27
3F5A
BCFD
BF36
BE97
BF0E
3F1F
C005
BF34
3FA7
BDAB
3EF3
BECF
3EA8
BDE8
3F23
3F7F
BF86
3DE5
BF4C
3E51
3F89
BF7E
3F08
3FB9
4013
401F
BFE3
3DC5
3FD4
3F12
BF2B
3B67
3F1C
3EDB
3F7B
3F4D
3F87
3EBB
BF11
BF27
3F21
3EB3
3F22
3F34
3F91
4033
3ECA
BD8D
3EF7
BF7C
3D7B
BC4A
3E6A
3F31
3F44
3EC1
BD84
3F1E
3F27
BF87
BF92
3FE2
BF0E
3F67
BF9D
4009
BEE0
BE48
3DD6
3E3D
3FBF
BFC4
BE24
BF33
BF1B
3F1D
BFB4
3D8B
BFBB
3FBD
3E05
BF82
BE74
3F69
BE96
BE8F
BF0B
BF90
3EB3
BFB0
BF50
BF0D
3D74
BF0C
BF81
BEAE
BFA9
BF03
3F9C
BF48
BE04
BF92
3F04
3E6C
BF05
3F82
3F6F
3E5E
3DFE
3E77
BC97
BEB5
403D
BE74
3EBB
BF59
BE8F
3FCE
BFD3
BF35
BFA6
BC40
BF33
3F91
3F91
3E1C
BF9D
BF9C
3EBA
BFB0
BEA9
BED9
BE67
BF09
BFAF
BF17
BEB4
3D4B
3F1C
3F14
BCED
3FB6
4018
3E3D
BE1A
BE1A
BECF
BE4D
3F34
3EBC
BF81
BF31
3F97
C018
BF78
3ECC
3DCA
3F5A
3CF5
BE2F
BD33
BEAA
BFD3
3EE5
BF30
3E88
BEAF
3F8A
BF65
3DA2
BE80
BCCA
3F4E
3FD5
3F92
3E70
BE9C
3F2D
3F94
BEAD
BD25
BEE7
BF8B
3D7B
BE8A
BE29
BEA7
3EF5
BDCE
3E4A
3F99
BFAC
3F84
BF8A
BDCF
3FBA
3F0C
3F75
3F32
BEE8
3EC0
BF73
BF54
3FB5
BFA6
BEF8
BEC8
BFC0
BECC
3FB6
BF3F
3F0C
BF5B
3EA5
BE91
BFA3
3F8E
400F
3EB8
BF95
3E9E
3EE8
BFE6
3E30
3E2D
BE2D
BF60
3F85
BF95
3F1E
BFB6
3F10
BF8A
3F88
3F69
BF81
BD1C
BFF1
3F8B
3FB1
3EF9
C015
BF90
BF38
BE54
3F88
BF2C
BEB3
BE3B
BE8A
BEAB
3FA3
3FE2
BF7A
3E90
BFF4
3F43
C024
3EEE
3F93
C005
BF3B
BECE
BE87
3DD3
3EB6
BEDB
BC18
BF3D
BD94
3E98
3F03
BEBD
3F74
BFBF
BF6B
3EFB
BEC1
3EAD
BF34
BE80
BFBA
BE5C
3E4F
BE8E
BE64
3E13
BF7F
BF88
BF12
401B
3F19
BE66
BF15
BEAC
3F34
4000
BEDC
BF1E
3E0F
3C80
BED9
3FF8
3F57
BF05
BF11
BF52
3DD3
3F9A
3F00
3EC0
3F8F
BF23
BF18
3F83
BF84
3F11
3F8F
3E19
3D7B
BF84
BF6F
3ED0
3FA8
BEB4
BEDE
C017
BF80
3E32
3F4D
BF95
BE21
BE03
3E91
BFA8
3FA9
3F1D
3F04
3E83
C03E
3F88
BDAC
3F05
BFDF
BF7D
BF3A
BE01
BE8E
3CEF
BEAA
3EB2
3F65
3EE3
BFA1
3F0B
3F97
3F5B
BE81
3ED6
BEE1
3E89
3F42
3F90
BE9B
3EB1
3E14
BCE7
BEF6
BED1
3DBE
BF8E
BF44
3F8F
BF9A
3F5B
BF8E
BF21
BF51
BE9E
BEBD
BD7C
3F2C
3ED2
3F1A
3F96
3EDA
BF49
3FC3
3F61
BF1C
3F33
3FA0
BDA4
3F31
3F1B
BF82
BFCB
BFC1
3F4B
3ED8
3F6C
3F08
BDF8
3E86
C00F
3F68
BE8C
3FA4
3F8B
BE6B
3E13
BF4D
401B
3F34
BF3D
3EC3
3E45
BED8
3E60
BCDF
C013
3E27
BD85
BFA0
BFE7
C000
C014
3FC2
3FC6
3FA6
3F68
3F89
BE12
BFED
BF8E
BE8C
3F44
BE27
3F5C
400B
BF9A
BF4D
3E9F
BE4D
BFF0
3F13
BF7F
BEF3
3F36
BF17
BF5A
3FCD
BFFB
3E20
BF0C
3E13
BFCF
BFD0
BEA0
BF27
BF9C
3EF8
3DB1
3F16
BF22
BF38
3F9F
BFFC
C003
BE76
BEE3
3F57
3DEA
3F1A
3F8E
BEA1
3F2E
BB1C
3F91
3FDF
BF8D
BF62
BFE0
BD1B
BFEC
BFEB
BE31
BE25
BE5D
BFB8
3D83
BF5D
3E68
BE15
3EE9
BF22
BF09
3EDD
3EF4
BF69
3FF1
3EC7
BE92
3F6A
3F17
BFAE
4002
BFE9
3EDE
3EAD
BF24
3F9B
3F81
3E8D
BFB7
3DB5
BF5B
BEAB
3F34
BF0C
BE29
BFF5
BF74
3EDC
BF53
3F44
BF83
BED1
3E95
3F10
3EA8
3F84
3FF2
BE96
BF75
3F44
3E15
BFCC
BD47
BF62
BE88
3E82
BF81
BF9F
BE6B
BF89
BF0A
BF1D
3F45
3E5A
3EFD
3E8A
3EA8
3E77
BF74
BF68
BF35
3D11
BE7A
3FC9
BE17
3E33
3FA9
BFE1
4011
3EA8
3F17
BF4E
3F12
3F32
BEDF
BEF5
3E82
BFC9
BFE4
3F26
BE2D
3E67
3FAE
3F1E
4030
BE76
BFBF
3CEC
3F46
BF7A
BF28
3F06
BE3B
BF70
3F09
3F1C
3D37
3FCF
BFCC
BF48
BF5C
3EF4
3DED
BFA6
3DE3
3E8D
BFE2
BECE
3F8C
4014
BCCE
3F59
BF50
3ECA
3EE8
BFBE
BFC0
3DCA
3EA2
3E3E
BFAD
3F56
4021
BDEC
3EC8
3E58
BF9A
BFC0
3F9C
BF06
BE2F
BFD6
3DBC
BF23
3E51
BDD5
401B
BEC6
BF7B
3E96
3E95
3E64
3F6C
3F9D
BE68
C012
3E15
3B1F
BD16
3D5C
BF07
3EA4
BF0E
3CA0
3EBB
BF8D
BFF3
BF5E
BF03
3EBE
BFD5
BE08
3D5C
3ED1
BF53
BF99
BFBB
BCE2
BEAF
3E8A
BE8F
4020
3FDB
BF12
3EEC
3E89
3F79
BE80
4010
BFC7
BFA1
BE60
BF44
BF56
BEA0
3E8C
3DD4
BE9A
3F3A
BFA5
3F64
BF03
3F74
403D
BFEA
3E84
BD80
BF50
BF05
3E1B
3E68
BE11
3F88
BF99
3F58
BF2F
BE3B
3F15
BEA4
BEED
C017
3FB8
3E03
BF7B
BE98
BDB6
BF82
3F5B
3F8B
BF2C
3EDD
3F87
BF42
3E0C
BEA7
3F90
3FA7
3D82
BF5D
BE9A
3F11
3F57
BF0C
3F95
3F08
3F60
3ED4
3EDE
3FE8
3D15
BE8A
BDB0
3F0E
3FD2
3EC7
BF30
BFCB
3F11
3FF6
3E68
BF12
BE0B
BEBD
BD84
BF9E
3E41
BFB2
3F75
3EF6
BFD6
3F52
3EAE
BEA6
3E88
3F69
BF13
3F80
4011
3F34
BEBA
3DA6
BEB5
BF84
BDC6
3E05
3FC5
BCAB
BF3A
BEC1
3F21
3FA4
3FF5
BF80
BEB9
BF90
BE67
3F6B
3EFD
3E98
3F36
3F3C
BF88
BF87
3F93
3F46
BFA7
3F35
BEEC
BFBC
BF0E
C014
BF3E
3E20
BEF5
BE90
3F2C
3ED8
BF0A
3F79
BFEF
3E29
3FAE
BF62
BF05
3E00
BDCC
3F5A
BF80
BF02
BDAF
3EDC
BF6F
BF04
3EE4
3FAB
BEB4
3F8E
3ED9
3EDD
C013
BEDB
3E38
BF5B
BFB8
BF85
BF7E
BFB1
BF2C
3FA9
4003
BEE1
BF58
3F01
BF4A
BF99
BF95
BFBD
3FB2
3F1F
BF31
3F8B
3F80
BF3C
3E21
BF03
3F26
3F47
3EE8
BC89
BEE1
3F30
3FD5
BF0E
BF4C
BF3E
3F70
BF57
3DBD
BFE9
4012
BD9D
BE2E
3DF7
3F42
3FB3
3E01
BF2A
BF23
BF6C
3F24
3FAD
3EB6
BF72
BFD3
3DF0
BF27
BD11
BE86
3E84
BFA2
BF1F
BF68
3EAD
BFD5
3FD3
3F44
3FB0
BF34
BFE3
4007
BF29
4001
3DB5
3FAB
BEAC
3F1E
BF9D
3F4B
BEBB
3E3F
3E4F
3ECF
BF22
3F81
3DCD
BFD7
3EAD
BF9D
BF15
BF06
BEC0
3F39
BF1B
BDE7
BE89
BFDD
3CD6
BF23
BE5C
BE99
BEBB
3F7C
3F8B
3E5C
BD8B
3F8D
3E96
BF48
C00F
BEEB
3FFB
BF94
BE55
3F71
BE93
BED7
3B78
3F9E
BF09
3FC1
BF29
3F4C
BF98
3E63
BF8D
BE12
BF9F
BED9
BEAB
3D45
BD97
BECE
BE03
BF80
BFFB
3F27
BED6
3F1C
3EC0
3F79
BE1E
3F0B
3F18
3F4A
BE5F
BF7B
3E95
3F15
3FAB
3F85
BEA7
BF45
3F86
3E1B
BF86
3F90
BEC8
BF58
BF19
BF21
3FAB
3F64
3F50
3FBE
3E13
3F00
BF73
3E53
3E2B
3CE5
BE3D
BDF5
3D7B
BF19
BF82
BF9A
BEFC
3FAB
BEB6
3F50
3F3C
BE12
BF0A
3EF8
3F47
3FB4
3EB9
3EE3
BF90
C02A
3D9B
BE77
3F40
BF33
BF94
3EBB
BEC9
BF77
3F86
BE30
BF19
BE83
BFD3
3DF2
3EEC
3E62
3EEB
3EE1
3F1E
3F21
BFB6
BE2B
3E94
3F30
BEC8
3FA5
3F80
3F13
BF0D
BED6
BF89
BEF0
3F78
BE58
3E70
BF80
3F0B
BEE3
3F65
BFDE
3FC6
BFCF
BF64
BFAB
3F5B
3E8A
3F12
BF33
3E25
3FA7
BE90
BF09
3E06
BF22
3ED8
BD9D
BF90
3F2A
BFAC
3F80
3E6A
3FAF
4024
BF65
BCFD
BF88
3ED0
3F51
3F32
BE2C
3E9D
3E3E
BF09
3E4D
BE64
BCE0
BFA9
4002
3ED7
3F1D
3EE8
BF00
3E94
BFC2
3FAA
3F03
BE9A
3F8C
3CA9
C008
3FFB
3D5E
3DC2
3EE5
3EAB
BF42
BD2B
BEB2
BF89
BF82
BD58
3F7C
3E4B
3EBC
BDF0
BFB4
BDCD
BEAA
3E44
3FB4
3E40
BF55
3F04
BFE3
BF93
BFAE
BF8A
3E66
BFAC
3EF1
3EC1
BFE4
BFCD
3C5B
BF54
C015
3EBA
BDDF
BC88
3F44
BFB7
3E49
BF33
3F8D
BEEE
BEFD
BE28
BD2F
BF32
3F85
BFE1
BF1A
BEC4
BF33
BD8D
3FBF
BE0D
3F66
BF82
BEAE
BF70
BF98
3F61
3C44
3C44
BF2E
3EEF
BF1B
3E3D
3F89
BEA1
3FBA
BECE
3F7E
3FD0
BF90
BF70
BFA9
BEBA
3EDE
BFAB
BEEA
3EB9
BE9A
BED0
3F90
BE45
3DED
3ED2
3FB6
3E84
BD78
3F6F
BFC4
3FB2
BE47
3F61
3F7E
3FA1
BEA7
BF98
3F92
3F85
BE61
3F0C
3F89
BF57
3F0D
3EAE
BF0A
3F8B
3F25
BF95
3F0C
3D99
3EEF
BF2B
3FCD
BEBB
3F3F
3F28
BEE0
BF8C
3F8A
BF0C
BFE5
BE97
3DB5
BF76
3F59
BF6A
BF5A
3DBF
BF88
BF93
3F44
402F
BF8E
3FDA
3F93
BF67
BFEE
3DBF
BF35
BEAE
BED1
3FC8
3FCE
3D34
BF8D
BEFB
BF04
3ED0
3F52
BF98
4041
3F88
BFD0
BF8E
3F42
3F99
3FE2
3F32
4020
BFA8
C010
BE9B
C050
BEE2
BFA6
BFAA
BD9B
BDC3
3F4A
BFA0
3EEE
3E2C
BF0C
3F41
3F97
BFA4
3FAC
3F2B
BF38
3FB2
3F54
BD17
BF70
BF90
BF8C
3F99
3F2A
BDA4
BD20
BD0C
BFCC
BFCC
BE41
BE32
BF95
BFE2
BF4E
3FDF
BE96
BFA7
BF52
BE41
BFB6
BED5
BFA3
BEBC
BEB8
BE99
BF4F
BEF0
4007
3F04
BF4F
3F21
BF63
BF6D
3FA3
3F72
3F40
BEF6
3E0E
BF78
3E8A
3E63
BFC5
3C34
BF24
3D5C
BF3B
3EB7
3F89
3FAB
3F8E
3F34
BFA5
BD49
BF6E
C04E
BEAC
3E83
BFAE
BE0A
3FC4
BE45
3EC2
3E97
3F49
3F78
BF77
BF02
3F33
BD69
BE7F
3F00
3FD9
3F6E
3FA8
3DFA
BC40
BF68
3EFF
BF55
3EEC
3DCB
BD54
3E6C
BE05
3EF8
BF8B
3E3A
BF9D
3DAB
BF2A
BEBF
BE08
BDA0
BE42
BEE4
3FA6
BCAB
BF91
BFC6
3EE3
BE04
3FBC
3F34
BE81
BFCB
3FB3
3F64
BFAC
3EDF
3F8D
400C
BF2F
3FA5
3EA2
BE84
C03F
C038
BFCA
3FA5
3FAA
C01C
BE4D
BEBC
BF18
BF73
BFB4
BF6B
BF62
BF0A
BF49
3E9B
BC6F
3F2A
BDA7
3F07
3F1A
BEE5
3ED6
BF82
3F3D
BE45
BF51
3EFD
3E53
3F82
3F8E
BF04
BF90
3E69
3F03
BF94
3EBC
BFE2
BF09
BF19
3E71
3E7E
BF4F
3DA3
3FA2
3F88
BF8F
BEB6
BEEE
BF02
BF83
3F0C
3F61
3F61
3F15
3F29
BF90
3EDE
BDA3
3FBB
C026
BF36
3F60
3FC1
3F81
BF24
BFE7
3F2F
BB37
BF94
BE6A
3F97
BF58
BEC0
BE8C
BFA8
3F37
3F9A
BEC6
3EB2
BF3C
BF91
BF4E
BDEE
3FAC
3EB9
C03E
BEBE
3FCF
400B
4056
BFE2
3F99
3FEA
BEFA
BF77
BF8B
BE5A
BF8E
3E92
BF97
BFB2
3F02
3FC5
3F56
BD9C
3EF3
3FAC
3F1F
3F3C
3F86
3F90
3F1C
3F41
3F31
BBDE
BE97
BF5F
3FB4
BFDD
3DCC
BFCE
BEC6
BF75
BD57
BF1E
BF5E
BC85
BC54
BE97
BEFA
3FC7
BF4D
400D
BF56
3E31
BF5B
3E43
BFA3
C02A
3F5B
BFC2
BDEA
BF22
BFBD
BFB5
BFBC
3F9D
3E01
BF76
BF52
3DCD
3D50
BDA7
BEFB
BFA6
BF07
BF74
3F03
BF27
3E65
BF91
3EE2
3F7D
3F1E
3EC3
BE99
3F2F
BEBE
BEFC
BF16
BE5F
BE1F
BDAE
BF04
3F4D
BFAF
3D0D
3E7F
BD6E
3E3E
3EBA
BF33
BF83
3F8F
3D7B
BF21
3F84
3F8E
3EC5
3E92
BF75
BF31
3F88
3E51
BE03
3D0A
C00D
3DA6
BE52
BF59
BEEA
3EFB
BDA5
3E56
BE1D
BF91
BF3F
3F72
BFD6
3F45
BEB1
3F5F
3E0C
3F17
401E
BECE
3E8C
3F31
3F29
BEE0
3DBD
BF37
3F05
BE33
BF70
3FC0
C001
BEF4
3E8A
3CD1
3F3F
3F8D
3F81
C02B
BEF1
3F23
BEDE
BFB1
BE6A
4005
BF9F
BF0F
BF18
3F61
BF22
BE09
BFDA
BED2
BFB3
3FFF
BE7B
3F63
BD86
BF58
3F63
BEA0
BF6F
BE48
BFBD
3E09
3E4F
BE9D
3F66
BF8E
BD0C
3E7A
4006
3FF5
BEF9
BF3E
BFFF
BED8
BF8B
BEFE
3F33
3F06
BD2E
BCE0
BF0F
3F84
BF8E
BF37
BE9B
3F7A
BEA5
BFCF
3E4C
BE43
4005
BE2C
401B
BF51
3F32
3FD5
3F95
3F15
3E82
BF7A
BF0D
3EC3
BF91
3E3E
BF97
BF63
C00E
3F8F
3F20
BF5C
BFD7
3ECC
BEE6
3F95
3EC8
3FDB
BF83
BF38
BED8
BFB1
3C1E
3F28
BF74
BF4D
3F0A
BDAC
3E4D
3F98
3F72
BF97
3F24
BE67
3F53
3F6F
3F45
BD45
3E0A
BFEA
3FAC
BF13
3E74
BFEB
3F0F
BE97
3F0E
3F91
BFF4
BF08
4036
BD2B
BEFF
BFA4
BE6D
3F11
BE67
3F84
BF7E
3FB4
3F91
3FA2
3ECB
BD69
BF16
BF9B
BFD3
BF95
3E38
3F8B
3F98
3F9D
3F92
3F90
3F3D
3EBB
BB83
3FD7
BF98
3F29
3F97
BFEC
3E9C
4004
BE9B
3DE6
3F0A
C011
BFAB
BE0C
3EF4
BDD6
BB83
3F70
3F0C
BF25
BF59
3F6D
3DA6
BF03
3DFA
3F18
BEA5
BF4A
BEAF
3FCE
3D9C
3F82
3F1A
3F8C
3FC3
3FF5
BFCF
BF06
BFDF
BF96
3F16
3EE7
3F5F
BF93
3F62
BF89
4000
3F44
3FAB
3FAA
BEE9
3F11
3F2A
BF91
3DEB
BDB4
3FF6
3F7E
3FEA
BE8C
3FEC
BF4B
BD69
3D5D
BF8B
3FA2
BE2C
3E8D
BF67
BE5C
3EAB
BD6E
BE10
BF1A
3F86
BF9D
BE7C
BFC5
BD35
3F70
BE3F
BF08
3F81
BF56
3DCE
3EFA
3DC0
BF64
3E8D
C03E
BE8B
BF08
BD8B
BE8E
BC20
3FEA
BF3C
3E79
3F78
3FE3
BFBA
3F8D
3DBB
BFC4
BE98
BF89
3F9E
BF00
3FA1
3DE6
404A
3FEE
BEDE
BFD5
3FA3
3F8D
BF10
3F72
BFCD
BE8A
3EF8
BEA7
BE9A
3DB1
3E98
3F61
BF3A
3F4F
3D86
3DCA
3E9F
3F16
3E33
3F40
BFE8
3F04
BFEC
BEC1
3F36
3FA1
3F0D
BE3C
BE3E
BEBF
BD4A
3F9B
3F1D
BFB8
BEBB
3ED1
BF98
BE92
3F1A
3C89
BF2B
3FD0
BDB6
3FAC
BF68
3D51
BF06
3F09
BF42
3F1B
3DC1
BFA4
3EF7
BF27
3F94
3F08
BF9A
BF6C
3EF6
3FA3
3EAF
3DB2
3E8A
BF38
3EAF
3E79
BF2B
BFD6
3F9E
BF18
BF90
3EBA
3ED4
3F72
BF58
3FD4
401C
3E4A
BFE0
BEA7
BEF7
BF81
3FB7
C00C
BF3A
BFD7
3F93
BEA9
BC8D
BD9D
C00E
BFA0
3DDF
BF6F
BF61
BC55
3E87
3F46
3E86
3F70
3FB9
3EC8
3E46
BE93
BF07
3DC6
3FD9
3E5F
BE52
3FB2
BF0A
BE63
3E89
BF14
3FF8
3E84
BFB1
BFC8
3DC6
3F58
3F88
BFA7
BF8C
BFA7
BF71
BF11
BEFC
BB1E
BF9A
BE89
3EAC
3F2F
BE32
BE31
BD9D
BD6A
BEDC
BE1A
BF2E
3D28
3F56
3FFA
3C89
4008
BE9B
BE9D
3C78
C047
BF9C
BEF5
BECD
3FBF
BF4C
BF82
BFAF
3FAD
BF4B
BE7A
3F26
3F3B
BF66
3E49
BEEB
3DFF
BFA1
BFCC
4006
3E2E
404F
BFD6
BEE0
BF0E
BDAD
BEAA
BFA6
BF9F
3DE0
3FC4
3E74
BE99
3E28
BE73
3F2A
BFCB
BF71
BEBD
3F3F
3DA9
3E91
BF25
3F59
BF75
3D93
3EB7
BE3B
3F50
BE70
3F50
3F8F
BEB1
BF14
3EC6
BF49
401A
3FFE
3F68
3F87
3F4B
BF8A
C028
BEFF
BEE3
BFE4
3F8F
3F1F
3E23
BF92
BF37
3F20
3FFE
BF86
3E84
3DE1
3D89
BF21
3E10
BFF5
C013
3EAC
C010
3D81
3F52
BF67
BEA5
3F88
3EA5
BEB7
BE9A
3E94
3F46
BF43
BED9
3F90
3FC2
BF53
3EA0
3DF1
3DED
BF8C
BB74
BEBC
3ED5
BDEC
3F0F
BF96
3F61
BFBF
BEC7
BF27
BEBD
BDCD
3E1A
3D57
BF9C
BFCA
BF20
BF90
3F5B
3EDE
BE68
BF8D
3F60
3E5F
3EFB
BF6B
BFEA
3FC2
BDFA
BE40
3DCA
3F8E
BFFC
BF3F
3F3C
3EFC
3F9B
BF5F
BF77
3F04
3EC6
BF8C
3CA7
BF95
BD7C
BE18
3F7C
C029
4007
BF24
BF2E
BFD8
BEA0
BF89
BF98
BF9B
BE7A
BC74
3F6F
3F2B
3F00
3EDD
BEFA
3F2F
3FB0
BDBB
3FDB
3F8F
BF9C
3F8D
3FCE
3FB1
3EE1
BE8E
BD86
3F04
3EA9
BE2E
BE9C
3F32
3FEA
3F5E
3D67
3EC2
BD54
BFDA
3FB5
3F31
4009
3F87
BF65
3F53
BF68
3FD7
BF1C
3FA2
3E71
BFAF
4012
3F00
3F33
3FBA
BFF5
3F4E
3DBD
4005
BD63
3F88
3F56
3F48
3F5E
3F82
3D21
BE99
BF98
BF98
3F96
3F18
BFA3
3F18
BF3E
3FD1
3EBD
BFB7
BF03
3F7D
3E88
4001
3DEB
BF16
BDC7
BF71
3F9B
BF0C
BF91
3E4D
4023
BEEE
BF10
3F90
3DC6
BD80
3F89
BF35
3E8B
3EE0
BF76
BE9F
BD9B
3D85
3EB2
3FB1
3F77
3EBC
3EB5
BFA1
3F84
BF32
3FEE
BF51
BF00
BF71
BEB4
3F83
3E59
3FBE
3F60
BF57
BE90
BFB9
3FFC
BF36
BC05
3F52
BE6F
BE8A
3F4B
C015
BF39
3F1A
4016
3CD7
3F80
3F40
BFCB
3F98
BF59
BFEB
3FAF
3F8B
3FB3
3D6B
BE9E
3FF8
BF6A
BEE2
BF8E
3F0B
3FA9
3E0F
BFAB
3DE3
BFC8
3F35
3F1F
BF40
BE7D
3F7C
BF8D
3F87
BF27
C001
BF88
BF65
BF5B
BF20
BEBB
3F79
3EE4
3E08
3EA2
BFA7
3FC5
3E93
BEA0
BF3A
BF6E
3DFB
BF81
3F05
BEF6
BF20
3F9E
BDB4
3E8A
3FCC
BF6C
3E8A
BCB5
3EC6
3ECA
3D0F
3D92
3F11
3FC6
BEA6
3F6D
3F44
BFF4
BF77
BF5B
BF12
BFC1
BF41
3D4A
BEE5
3FA6
BF96
3F99
3FB1
3FFA
3F37
C000
3EF2
3F26
BF80
3FC8
3FF8
3F4B
3ED4
BF7C
3F2B
BE0A
BE0B
BE83
404C
3FF4
BF90
BF2D
BE28
3E42
BE62
3FB2
BF40
3F0E
BF65
3F58
3F7B
3DBF
3FBF
3D71
BF42
C016
BE43
3F24
3FA2
3E2D
BFA2
BF3D
3F8F
BF92
BF2A
3F9A
BF32
BE97
BD8E
BE9D
3E21
3F31
BEEB
BE89
4037
BF55
BF95
3FA4
3F8A
3F7A
3EC5
BEB6
3FAE
3F26
3F7E
3DE2
BF05
3FEB
3F65
BF88
BFBA
BF21
3F72
BE7C
3FBE
BDFF
BFAE
BD34
BF0C
BE61
3F86
BE35
3FB3
3F05
BF14
3DC5
BFD8
BF21
BEC1
3E91
BFE7
BF9D
3F07
BF4D
3FD1
3EEA
3EFD
BFA0
3F2C
BDC0
BF23
BECB
BE97
3EC4
3E57
BEA3
BFD9
BEAB
BE08
3EDA
3E31
402E
BEBC
3EC9
BDB4
3FB1
3E52
3B0F
3F4A
3F17
3EBF
3FA0
3E99
3FFF
BF96
BEB4
3FBF
3F53
3EAC
BF66
BE91
BF83
BFC3
BCF4
BF21
3EE5
BEDA
BE61
BF15
BEF6
BFAC
3F12
3FD0
BE8B
BF45
BDE3
3E99
3F64
3E1E
BEAD
3E9D
3E15
BDDC
BEA2
BDF8
BF96
3DB6
BF80
BEFC
3F82
3E3D
BE87
3FD5
3DB6
3CD9
3F79
BFB3
3F13
3FA8
3F58
3F75
BE87
3F03
BDEE
3F7E
3C23
BF29
3F02
3F83
3E16
BEA5
BF2B
BED9
3F17
3FA5
BF77
BF47
BF7B
BEA4
3EDC
BEF4
3E6E
3EBE
BFC1
3FCC
BF1D
3F7E
C03D
BE8D
BFDC
3DF7
BED2
3F4E
BE8A
3F1B
BF28
BF4C
BE78
BF48
BC06
BF99
C00E
3F33
BF28
3E8B
3EA9
3F85
BB9F
3EEA
3D36
BF31
3F01
3F3D
3F3A
BEF7
3E33
BFF3
BF3B
3E50
3EF8
BF09
BCF9
BEC8
3EA9
3F5E
3F10
BE2A
BE7B
BFB0
BF4A
BF5F
BF85
3F97
BF98
3E0B
BEC8
3F46
BD2E
3F31
3F53
BF31
BC91
BEA9
BEA5
3F95
3EDA
3FDA
BE88
3F9E
BED9
BFF1
4014
BFF5
BFAD
3ED2
3E68
3F1B
3F3A
3D82
3EBD
3EB8
3EF0
BF56
3EB7
BF93
3F54
BF3A
3F6D
BF21
BF83
3EE1
3F6A
3F1F
3F3B
3FB6
3F1F
3E9D
3F3B
3F0D
BF1D
BD6A
BF70
BFF6
BF65
3E97
BF83
3E9E
3F14
3DAD
BD5F
BF6A
BFC4
4021
3D39
3F54
3E3F
BF5D
3FE1
3E06
3CA9
3D09
BF51
BBD2
BDCB
BFB5
3FA9
3E65
BF03
3FD7
3E44
3F25
3DA9
3F76
3F5E
3C49
3EE8
3F3A
BFC0
BDCF
400C
3FCD
3F26
BFC2
BD8A
BF21
3FD9
3F0D
BF2A
3F5F
BE6A
3F23
BE62
3E4F
BFC6
C01D
BF2C
BF67
BF71
3EB3
BE53
BF9F
BF18
BED7
3E87
3F72
BF17
BF07
3F0A
3FA7
3F80
BE26
3FB2
BE96
3FDC
BF86
3EB1
BF4F
3F6C
BFB7
BE86
BFEA
3F42
BF97
BED7
BE62
BF1D
BF8A
C01B
BE66
BF42
3EE9
BFA7
3F60
BFE1
BF8F
3EF0
BFCF
3DD5
BF39
3F3A
3F8A
BD3F
3F6C
BFB9
C06C
BFCF
3FDF
3F29
3F0A
3F9C
3F11
3F46
3F73
BFCC
3FB6
3CD7
3EFC
4006
BF58
BFA3
BD14
3F1E
3FB0
C00F
BFB6
BEFB
BF43
3E6E
BF49
BEA4
BE7C
3F85
3FA5
3FFA
BE85
BFA9
3FF3
BF28
3E72
3F5D
BFCE
3F22
BFA8
BCCF
3E3F
BEEF
BF99
BFDA
BFD3
BEE9
3D40
3FBC
BFAC
BE38
3FB0
BF06
3FC0
BC9D
BFFA
BE0F
3ED1
3F66
C018
BB68
C014
BFA9
BE3E
BF9C
BF05
3FA6
BED9
BF53
BED1
3EC7
BF86
BD84
BE83
3F0F
BFBE
4004
BDFB
BE2B
3D6B
4002
BF9D
C00D
3F4F
BF73
3EB2
3D12
3F95
3E4C
BF50
BF2C
3E17
BEB5
3F6B
BF66
3B98
3FEE
3F81
BFB4
BF69
3F13
3E3C
3F07
BFDD
3F0D
3F7B
3F91
BDB8
3DEB
BF86
BFB4
3EF0
3F3E
BFA3
BFF1
3EEE
BF22
3D58
3F12
3FC7
3FA7
3E81
BF42
BF04
3F47
BF18
BF0F
BE76
3F0D
3EB3
BE9F
3E28
BFE3
BFD1
BF84
3F10
3F04
3FC4
BF81
3E96
BFAA
3ECC
BF08
BF87
3FE5
BE41
400F
3FCE
3E91
BF35
BF1B
3E17
BEC2
BF66
BDB9
BE80
BFD2
BFBA
BE50
3F54
BF2A
3D6F
BF52
BED7
3F5E
3FBE
3BF0
3EAA
BEC7
BE47
BFB2
3E97
BF69
3ED7
BF5A
3EFB
BF5F
BF4F
BFEE
BFDC
3DD4
3F61
BF88
BE7C
BE15
3EBC
3F5F
BEA0
BCEF
3FAD
3E03
3F20
BEB0
3D3F
3E29
3E95
BFEB
BF3C
3F83
C002
3FCD
BF20
BCBF
3E46
C007
3F11
BEC3
BEBF
BFC6
3F36
3EA6
3E6B
BE8F
BF90
3FD5
3F64
3FC7
BED2
402F
BF01
BF40
3F20
3FC9
3F96
3FAD
3DD5
402E
3F0D
BFC0
BEB9
3F0A
BD6F
3FDD
BE6B
3DFC
BF81
3EEB
3F7F
3F31
3ED8
C005
3DF4
BED2
3F51
3DB9
BF81
BF8F
3EBD
BE7E
3FC0
3E33
3EEF
3F8A
BF2A
BF36
BF63
3EB2
C002
BF9C
3F2F
BF94
BE2D
3F78
BF19
3F29
BF8A
BF81
BDAC
BEE6
BF66
BDD0
3F35
3F7A
BE81
BF82
3F51
BDB8
C003
4001
BF1F
3EB4
BF89
3EDF
3F3E
3F40
BBD0
3EB3
BF7C
3D85
BFC2
BF77
BE01
BF43
3F9E
BF92
3EB4
BE7C
BEDD
BF89
3F7A
3C53
BDBB
3FE7
BE36
3FD7
3E4E
BDDE
3EFB
BED5
BFD5
BF1C
3FD0
BCCC
BFAA
BF23
3F56
3EE6
3ED8
3F57
C065
BF8F
BFC0
3E79
3E65
BFA3
BF14
3E88
3F38
3E80
3F38
3F10
3F17
BEC4
3F38
3D9A
BEA1
3D91
BE53
3F0D
3E1C
3FBF
BF3E
3F7A
BFD2
3E5F
3F33
3ED2
3E27
BF37
BF22
3E9A
3F4E
BDE2
BF09
3FA1
3E0B
3F39
BEEC
3FA4
BF45
BED8
BFBB
3EB0
3CC6
4011
BFC4
3EAC
BFF8
BFEB
3E49
BF69
BEF0
C014
BB01
3FD0
BF84
3F53
BE12
3FBD
3F8E
3F8C
3DFC
BF94
3FE2
BF90
BEB7
BE99
BEBE
3F3F
BF59
3F8F
BE06
3F85
3C86
3DCD
3D86
3FA0
3F94
BF92
BF44
BE3B
3F62
BEC4
3EAD
BE98
BF46
BED4
3DD2
C017
BEE8
BE0A
3F7B
BF83
BFDB
BFBD
BE84
BF81
3F3E
3E93
3FCA
BE0B
3B08
BE82
3DE8
BFB2
BEEC
BDA0
BE9F
BF9C
3D6A
4006
BD1A
BF3B
BFF6
BE52
3EAD
BCCA
BFB8
3F8C
C003
BF6E
BE5B
3E49
3FF5
3FB7
3F92
BF2E
BE9A
3F3D
3FE9
3E16
4019
BF3A
BE94
C025
BFB7
BFA2
3E51
BF3B
3EFB
3E4F
3F40
3F02
BF9A
3F95
BEFC
BFC9
3EB4
3F8F
BF56
BF3E
3EFD
BF24
3E89
C017
3FE9
BF64
3F8B
3F2F
BF83
3F7E
BEA4
3F4E
BF9A
3ED8
3ED5
BE0E
BE64
BEED
BF06
3DB7
3E4F
3EFD
3EF7
3FCA
3F8F
BF3D
3E22
BF83
BD2F
3F89
BF92
BF80
BD94
BF45
402F
C03E
BE12
BE62
3E5D
3E4B
BDDF
3F4B
BFA3
3F2A
BF1A
C003
BF0B
3F50
BFE9
3FAE
BEC9
BF29
BF95
BF80
3FAC
BEB1
BFCC
3F62
BF38
BE7B
3EB7
BF49
3E85
3E93
BE8D
BF80
3F6F
BF09
BFA3
BEB2
4024
3F1F
3F17
C02D
3FB9
BF95
BF2C
3F49
BEC8
BF52
3F85
BFA1
3EE0
BE0E
BF29
3F1E
BEDA
3E52
3E0C
3F4C
BDEA
BFB0
3FDD
4004
BF0C
3F8F
3F09
C009
3F0D
BFC9
BEC4
3F50
3F68
BF9D
3D98
BF08
C01B
BF75
BF9C
3EB2
3F45
BF0C
3C9D
BF2A
BFCF
3D69
3F83
BFE1
BFD2
3FBD
402B
3F60
BFCA
BF1A
BF4B
3FB2
BF31
3D89
C003
BF26
BE83
BFAC
3FA3
3E3E
3F9D
BEB7
3E5B
3D65
3F15
BF4F
BEB7
3FD8
BF2E
BF51
BF1F
3EAE
3DEA
BEE0
3D81
BE89
3FEC
BF99
BF81
402B
BF3E
3F08
3F19
3E52
3DD5
BF11
BF22
3E9B
3F2B
BEC4
BF78
3FEC
BEA1
3F66
3F66
BE78
BE71
BF14
3D97
BF1B
3EDC
3EED
3EC3
3F8C
3DF2
3F7D
BE6C
3F03
BFA5
3FAE
BFE4
3F94
3F40
C011
BFF8
3F95
3F58
3E40
BFA7
3E88
BE7E
3C57
BF77
3FAA
BFA5
3EEF
BFB4
3F08
C010
3FA0
BE37
3EC4
3F4C
BF9D
BFD7
BE74
3E85
BF98
3E52
3D81
BE59
BF18
C001
BFB1
3F49
BFE0
3DD4
BF28
BF8B
3F41
3FAB
BF60
3B96
3FEA
BE8A
BF17
BFB1
3FB2
BFD4
3EA2
C00C
BFF6
BE8E
3FB7
3EFC
BF23
3EBD
BF05
3FF5
BF35
3DAB
401A
3FB4
BE82
3F12
BF9C
BF3C
BFD8
BF34
3EC9
3F20
BF6D
BF6C
3EB2
BF2A
3D6B
BE89
3FBF
3F41
BF2D
BF22
C005
BF3D
BEB0
3E7D
3F9B
BD7F
BE38
BE05
BE93
BF66
BEC3
BF43
3ED4
BF6F
3F30
BE27
BF94
BEE5
BFC8
BFB4
3EA6
BF84
BE51
401F
3F04
BFB5
3F8F
3E59
3E5E
4036
3D5F
3F27
401F
3F69
BFBF
3F89
3FEF
3F75
3C07
3FCD
BFF8
3F37
3F6F
BE74
3F5A
BF82
BDE8
BF14
BE35
BE3D
BE8E
BCA9
BF8A
BE36
BD0F
BF72
3F5B
3F88
3FB4
3EAB
3D9D
BE90
3F5F
3E4C
3F97
3F3F
3EB4
BEF2
3FD1
3F40
BED7
3D1C
3F90
3DA9
BF0E
3F5B
BF7D
3F29
BFDB
BF53
BFC4
3E68
3F47
BEF8
3FE8
3F2E
3E82
3E0D
BF74
BF45
3F16
3FB2
3F43
3F06
3F9E
3EFD
BFC0
3F04
3E5D
3FDD
BE8A
3F8C
BEB0
BEB4
400A
3F02
BE1F
3F44
3F70
BF0E
BDCB
BFB0
3F39
BE08
3EB1
BB46
BE7E
BFC7
3FB2
3EFC
BF3A
BE20
3F7F
3E67
3EE3
BF22
BEFA
BE5A
BE71
3FA1
404E
BDFD
3F0F
3EF3
3E90
3F20
3EC7
3F75
3FC8
BF34
3F56
3F03
3F99
3F3C
BF8A
BC79
3EE4
3F5A
BF8F
BF40
3FF2
BFEA
BD1C
3E77
BEBB
BF86
3F43
BF88
BDA2
BE85
3F99
BF6C
3F95
3F09
4006
3EA8
C01F
BF73
4001
3E4A
3CAD
3F8E
BDB2
BE2C
3FD7
BF50
BEA0
3E67
BFD7
3F98
C003
3E0C
BF64
4006
3FAD
3F89
3EA3
BFA3
BF94
3F64
BFE7
3E8D
BF82
3F8D
BEB7
BD3C
3F8B
3FA1
BF61
3EE8
4006
C027
BC16
3E13
3F38
BD4B
BF63
3D6C
3F9C
3F84
BF89
BF8E
3FA0
BED7
3EF2
BEAF
BFCA
3DF2
C001
3FB2
3FAC
3F31
BE53
BFE0
BDB5
BF09
BFAB
3FDB
BF07
3FD7
BF12
3E95
BEF4
3F9D
BF74
BDD2
BDE9
C048
3FCF
3F98
BF89
BF90
3E11
3E5D
3F39
3FA7
BFA5
BF97
BF15
BF68
3DF5
BE8F
3F1D
3FAE
3FA0
3DB9
3F85
3F05
BE4F
BEFE
BF7E
BFE7
3F10
3F9C
BF34
BEE7
BFF7
3ED5
BE8C
BFBB
3EC3
3F9A
BF0E
BF0C
3F84
BF1C
3E41
BEFD
BF9A
BF5C
3EA7
3F0C
BF25
BF5F
BA91
BF5A
3F99
3D71
BE3F
BFE3
BFDA
BF85
3E37
BFDF
BD96
BED2
3F90
BFBE
3E07
BF10
3F66
BDDE
3EB5
BF1E
3FC5
BEE2
3E88
3EE1
3F5C
3E4B
3F1D
3F51
BEB8
3F1D
3F89
BF02
3DD2
BE03
BEF2
BF8B
BEDB
BFAC
BF3C
BDA8
3F9E
BEAD
BF1F
BF93
BDD0
BF98
BF63
3C4A
403E
3FFD
BF12
3EC0
BF9D
3F65
3F64
3F4C
3EA3
C006
3FE7
3E9C
3FC1
3F7B
BC94
BE11
3F42
3F73
400E
3F83
BEB9
BF5B
3F9B
BF27
BF44
3F4D
3EB9
3FBD
3F34
3E85
3EDA
3EAD
3F9C
BE24
C016
3FF4
3F70
3FC8
BFDC
BE08
BFEB
4000
BED6
3E1F
3E3E
3D8D
BF53
3F43
3F80
3F9B
BF86
BF14
BE54
BDD8
3F24
BF5B
BFEB
BF47
3EB6
BF20
3F9C
3FBE
3D2D
4043
3F66
3F47
BE8E
3DF1
BE7C
BEC8
3FE7
BECE
3E50
3E87
3F99
3FDD
BF82
3EC2
3F88
3D2E
403D
3FD4
BF98
3E0D
BF7F
3E3F
3E9F
3DE3
BD82
3F14
3FE9
BE79
3F62
3D2C
3EFA
3E65
BF22
3EB8
BF1D
3FE3
BF9A
BD49
3E83
BE5F
3E4B
BEA8
3F0D
BF56
3EE0
BE8D
4000
3EAF
3EF7
3F86
3D85
3EF7
BFBF
3EB2
BE9D
BF85
BF03
3FB1
3D35
3F49
3D43
3EBC
3DB1
3F55
BE32
3F08
3C54
BF3F
3F03
3FA3
BE55
BEA6
BF8A
3F4C
BFDF
BE5F
3F8D
BD9C
C00C
3F28
BF5E
3C0E
BF96
BEC7
BEB8
3F2E
3F13
BE5A
BF12
3ECD
BF24
BF20
BDD9
3FE7
BF36
3F2D
3F28
3D5E
3E9E
3F79
3F93
3F40
3A23
3F65
3F2B
3F89
3F1C
3F93
3F72
3F46
BF02
BE96
BFD2
BF18
BF8D
BE9F
BF89
BF9D
3E38
3ED8
3FB1
BF52
BFCC
3F87
BF0F
BF13
3EC0
BF24
3F99
BF18
3F01
BE7E
3F68
BEAE
3BA5
BFA7
BE96
3DC1
3F11
C022
3F2E
3FDD
3F51
BEFB
3EC5
3D0B
BF9E
BED2
BFD7
3FA2
BF45
BE9A
BFC9
3EAE
3E26
3FD0
BF86
3E3C
3FB2
BB9C
3EE7
BEA5
3F8A
3EE9
3E7D
3F31
3EC1
3F94
BF83
3E3F
3DD1
BFBD
BE7B
3F55
3F99
BF65
BFCF
BF0F
3F68
BE8C
3F8E
3EF8
BFCE
3FC8
3F4D
3F0C
3EF7
4030
3DD1
BEB2
BFB9
BF4A
BC53
3F7E
BEBE
3F2F
BE47
BF35
BF19
3FB7
BF9B
BF21
BF59
3FA4
3ED6
3C0E
3F2A
BF0E
3E70
BF87
4029
3FAB
3F91
3F99
BEFA
BFB7
BFC3
BF1A
3F8D
3EBA
3F75
3E51
3FC6
3F9A
3EFC
C015
3F02
BEB7
BEEF
BF29
3E3F
BE3C
BEE5
BF9F
BF2D
BFBC
3E33
BE93
BFD0
3F9D
3ED7
BE59
BD14
3F25
3F17
BDCF
BFC9
BF6A
BFAE
3F14
BF94
4036
BF7E
3F4B
BF88
3E7B
BF93
3F08
BE1C
3FC3
3E19
BF4C
BED9
BF3E
3FE8
3EDD
3ECE
BE97
3E8A
3F5F
BE38
BF25
BC5F
BFC8
BF84
BEF7
BFCA
3F04
3F0F
3EB2
3F8C
BF83
3FD8
3DD4
BF7A
BF70
3F97
BEAF
BF42
3FA9
3EC7
BDEA
BE50
3EB0
BE08
BFB4
BF58
BF3F
4007
3E2A
BEFB
4009
BD8F
BF3C
BD4C
BF92
BFA0
3F53
BE4E
3F34
3F10
BF76
3FE3
3F26
BF46
BF9C
3F1F
BFEA
3F21
3F7C
BF9E
3E87
3E09
BF62
3FBE
3EBA
BF21
BE82
BC82
BF06
3F2D
BFD1
BECF
3EA7
BF87
BF29
BF73
BFA5
BE5F
BEB3
3F86
C01C
C00A
BFDC
3FAB
BE6F
BD8B
BFD5
BF4B
3FB5
BE40
3F58
3E2C
BCB6
3F2D
400D
3F46
BE94
3F27
C01A
3F23
BF7E
3F8D
3E9D
3F26
3F35
3D57
3F19
3FA2
3EDA
BF79
3EED
BF23
C01C
3FD0
BFB8
BE78
3EC1
C003
BD39
BF23
3F3F
4001
3FAC
BF07
3E8F
BF72
BF4D
BC5E
3FCC
3F53
3FCA
3FD6
3EBB
4029
BF9D
3F08
3EB0
BFEF
BECA
3FD2
BE8F
3E35
BED7
BEFA
3E3F
3F81
BED6
3D8C
BD89
3F1F
C044
3E44
3EB9
3E21
BF82
3E64
BF94
BF61
BF3B
3FAE
BED6
BF4E
3E10
3F0D
3DC0
3E10
BFA4
3FC2
3F09
C01B
BF15
BF0C
BFA5
400B
BE6B
BFD2
BFA1
3E88
BF75
3E53
BEA8
BEA0
403D
3F45
3FB7
BF6F
BEBB
BCE2
3FC8
3FBC
3F83
BD4A
BFE9
BF18
3FA8
BF69
BFBC
3E9C
BCA5
3D8E
3F39
3F01
BEB3
BF80
3F70
BF82
3E8D
BBE6
3F57
3F14
3EEF
3F3D
BF8E
BFEE
3D9C
BEEA
3F8C
3F94
3F55
BF90
BF38
BF6D
3E24
3F40
BE85
BFC6
BEB4
BE38
3F70
C002
BF04
3EA2
BFCA
3ED8
3E52
BF5A
3F31
3F65
BEF5
BEB4
3E0B
3FA9
3FFD
BF9C
BFE4
BF47
C012
BF47
BF6E
3FE3
BF34
3E40
3F03
4033
3DD4
3F8B
C02E
3F0D
3F03
3F5D
BE50
BF5B
BF01
BFB1
3EF4
3F89
3F28
BF53
C001
BE94
BE4A
BF0E
BFD4
3FBF
3F36
3E74
3F8A
3E88
400D
4028
BF21
BE38
BE84
3ED0
BF28
3F57
BF14
BEFF
3F13
BF25
BF34
3E87
BFB3
BFE7
BF1B
3EDA
3FD5
BFBA
BF82
3F66
BF58
3D68
BE40
C055
BD7B
3F11
3F51
BF74
BFF9
3F88
BEF6
BEFF
C011
3F1F
3ED9
3DF6
BF29
BF32
BF6B
BF12
3F4C
BEC2
3DDC
BEA4
BF8A
C031
BED9
3FB2
BEB3
3D1E
3FCC
3FB5
3F28
C01E
BF4F
3F0D
3DB0
3D59
BFE2
BFA3
BDF1
BF1B
BF5D
400A
BE8A
3F41
BF6A
BF67
BFD0
BF7F
3FE8
BF65
BF66
3F62
3EB9
BFDD
3DB9
3E12
BD61
BFA4
BE60
BFA3
3ECC
3B1D
C019
3FAD
BD19
BCD0
3F39
3FC9
3FA7
BFAA
BE39
BE26
3F87
3F95
C03F
3F0B
3FB6
3F49
3F51
BF9C
3F6E
3EB3
3E55
BE83
BF90
BEB1
BF72
BF3C
BEFE
BF5A
3F0C
3F14
BEE1
3E4E
BF0B
3FA0
BF02
BF55
BE7D
3E74
3F05
4018
3F7D
3E53
3F0F
3FBC
BEC9
3F8D
3E5E
BF23
BF43
3F65
BF43
BFA1
BF86
3FC5
BECE
3FAF
3E63
BE8D
BF86
BF83
3F10
C035
BCBF
3F50
3E78
BF51
3EF0
3F2F
3F12
BC82
BF26
3FA4
3F17
BF94
3FE6
3CC7
3EBC
3EA8
3FCF
3DE2
BFE9
3F92
3EAA
BE69
3ED3
BDED
BF8A
3E1E
3EFE
BF6A
3E61
3F0B
3F32
BD66
BF4F
BF1D
BE76
BDFB
3F10
BE5E
BF0A
BF92
BD7C
BFF8
BEB4
3F8B
3F43
BF1F
BEA3
3D48
BCEC
3ED1
BF8B
3E94
3A71
BFBA
BE81
BEEC
BDE9
BEA0
3F69
3F47
BF8F
3F3F
3F0B
3EF3
BF4D
3E5D
3EFA
3D38
3EBA
3BAA
BE91
3F2D
BF0A
3F56
BF24
3F0C
3DB7
3FA8
3F43
3F27
BFA5
BB90
BFE8
3F7E
BFFB
BF85
3EBE
3EEE
BE88
BC29
3F06
3DE9
BD4A
BF89
BE88
C015
3F9D
3E23
C009
BE92
3F27
3F45
3F9E
BD11
3F31
BFBB
BF6D
BDCB
C03D
3FF0
BEA4
3E3F
3ECE
3FDD
3F70
3F65
3E0D
BEDC
3F31
3EC5
BFA3
BF9B
3F82
BFB1
3F83
3E02
BFF4
3F38
3F6A
3F4A
BF43
BF8A
3F05
3DC7
BF2E
BCB2
3E0F
BFC3
3F00
BF3D
3FA0
3F77
BF17
3E18
BFA5
C00B
BD51
3CE9
3F13
3FDD
3F94
3F64
BF40
BE24
BF9A
BE86
3F69
BF11
3EC8
BF91
3EB6
BF0C
3ED2
BF8D
3F86
BE77
3F22
BF53
BF81
3E93
BF9A
BFB7
BF41
3F88
3FB9
3F8D
3ECB
BEDC
BE6A
BFBA
3E4F
BF86
3E2B
BDCA
3FB4
BFD9
3F9C
3F90
BFAE
BEE8
3F5B
BEFB
BFCC
BDB6
3F37
3F84
3F8E
3D4B
3F1E
3EE5
3CD6
3F01
3E10
3ED8
BF2B
BE86
3D9E
C004
3F89
3F43
3E3A
BF6C
3F25
BEC5
BF2E
BF64
BFC3
BF86
3E6B
3FDA
3FA0
3F8F
BF81
3F38
3FB6
BE91
BD1B
3ED8
3DE9
BE3B
3F80
3E14
3E3B
BE27
BE50
3DAB
BDA3
BD24
3F42
3FA1
BF95
BE97
3FF0
3F0B
BF9E
3F57
3F27
BEAD
3F12
C037
3F91
3F53
BF00
BF00
BFB1
3F85
3F1F
3F48
3F05
3FF6
BF7D
3F80
3F83
BF0C
BD8C
3F9C
BF16
BF01
BE18
3EA5
BD5B
BCBB
BF54
3F2A
3F98
3ECC
BE34
BF9E
3F25
3F8E
3E4C
3E06
BF0A
BF8F
BBA0
BE88
3D93
3F67
3F5E
3D94
3E92
3F68
BE86
BF3C
3F8F
BFD7
BE88
3EEE
BE56
3F45
BEA4
3EA6
3EFB
3FFD
BF07
3FBB
3F00
3FF8
3F62
3F2A
3F50
3F92
3E8D
BF91
3FCD
BFB0
BD2E
3F86
BFAA
3F1C
3F8F
3FAA
BFD2
BFB3
BF9F
BF40
3F1C
3E41
3E28
BF22
3E9B
C00B
3E34
BF36
3FF9
BF8D
BF48
3EAB
4040
BE23
BEF8
BF51
3EEA
C006
BECE
3EB4
BF09
3E52
BED4
3F51
3ED2
3F1F
3F98
3F0D
3FC0
3EE1
3EE5
3F5A
3F15
C006
BDF5
3F99
BF46
3FC7
BEA0
BF80
BE20
3ECB
BFE7
3FC6
3DE5
3BC3
3F44
BF2E
3E06
3EA3
3EF5
BF6E
3F54
C000
BD06
BFE7
3F8D
3FA3
BFB8
3EA2
3ECD
402B
BF40
BFFE
3FAB
BF62
BEEC
BEF5
BD90
BFC8
BE89
BFB5
3E8E
BF05
3E86
BD8C
BE12
3CDF
BFDC
BB01
BEE2
3E36
C047
3F45
BC91
BF6C
BF16
3F0F
4002
BFB5
3F60
BF01
3F1A
3EBA
BED4
3F95
3C8D
BF41
3C09
3F07
3F0E
3E86
BF87
3D92
BFB4
BD83
BCCE
BEFB
3FBE
3FA8
3F39
3E42
3F09
BF55
BF97
3F54
3E8D
3E41
BC35
BF54
3F1E
3DCA
BE48
BFB8
BFEA
BF4C
3F41
3C1D
3F63
3FA1
3F68
BDB9
BD27
BF8F
3C98
BF27
C008
BEDA
3FA8
3FAA
3EEB
4041
BF4D
BFA2
3F8D
3FC2
3ED3
BFD6
3FFE
3EF6
3F7D
BF5A
C010
BE13
BF34
3F42
4003
BF9C
3F83
3F15
3F8B
3FBA
BF8F
3F2D
BEDE
3F58
BF9E
3E9E
BF29
3F1D
BFD4
BF80
3F86
3ED4
3F09
3F43
3DDC
BEBE
BE33
BF71
BF22
C000
BDA2
BEC5
BF7A
BF13
BFA1
3F7A
BED2
3E07
3F83
BFB0
3F3B
BC63
3FD7
3E27
BFBF
3F03
BF25
BE0E
3F92
3EEA
BE34
BE51
BEFC
3FCE
BFAD
3FE8
BF2D
3F80
4030
BE8E
3F40
3EC9
3F30
3F93
BE51
BE9E
3EA0
BF84
3EE3
3F89
BF30
BF23
3EC8
BE11
3E8F
3DF9
BFA4
BFA8
BE2B
3DE6
3FF3
BF4B
3E8E
3E3E
BF70
3E83
BC6E
BFB8
BF2F
BE3C
BF6E
C00F
3FA7
3F98
BF92
3F89
BE10
BED9
3FE1
3EE1
BD58
BEC7
BE9A
3F8B
3F21
3FE7
BE5B
BF5B
3F91
3F78
3F32
3E2E
3E30
3F81
3F3C
BEE0
BF67
3EA5
3F9C
4049
BFA8
BF2C
3FDA
3EF7
BEF7
3EE8
3F5E
3FD0
BF30
BFEE
BF5A
3E97
3D1F
BF30
3F58
3EEB
3EB1
3EE1
3F9B
BFA1
BE6D
3EE7
BF1D
BF3B
BF4D
3D7F
BF28
3EB3
3F89
BF3F
BF42
BEDE
BD95
C001
3F30
C010
BE34
BF40
BDF3
BFA7
BFD6
3F48
3E0D
BF80
3F3C
3FBE
3FD4
3EE5
3F67
3EA7
4034
BF7D
3FDA
BF1E
BF17
3F59
BEC1
BF88
3F78
BE64
3EDB
C010
3F51
3ED4
C015
3F02
BFE9
BF19
BF3D
BE28
3F9D
3FB3
BE8C
BFF9
BF9A
3F63
BF0E
BED9
3E86
BFED
3F03
BE42
3F82
BBC8
3FA8
3F06
3F0A
3F69
BE0C
BFD7
3D91
3F0A
3FE4
403A
3FBA
3F85
BE10
3EDB
3D7A
BE6F
3F9E
BF3F
3FFB
3E40
BF91
BECD
BDA4
3E8F
3FBB
BF9A
BFDE
3E56
3EA6
3D80
3EC7
3F00
BE2D
3EF3
3F29
3FCC
C04D
3F22
3FAD
3F12
BF53
BFB6
3FF7
BFE1
BF0F
BE37
BF84
BFCD
3C8C
3E97
3F4E
BEFB
BF90
3EE3
3F41
BF0D
3F0B
3AC6
BF24
3F3B
BF14
BEA2
BF2B
3FC6
3E3F
3F32
BF53
BF8E
BF6C
BF33
BEDD
BF12
BFB0
3F25
BCB1
BECC
BF70
BF43
3F24
BF9F
BC62
3FE6
BE90
BE3E
BDEF
3E22
3FCE
BEF8
BDEE
3DB2
BF03
3E22
3F94
3F20
BFE2
3F5F
BE28
BFDE
BE7F
3FBE
3F33
3CAC
BE7E
3E23
3E23
BF08
BFA5
3E43
3ED2
BEDA
3F09
BF51
BE25
BFF5
C073
3F04
3F95
3F08
3E8D
3E55
BF5C
3FB1
3EC2
BF2E
4012
3CE9
3F8A
3F6F
BE6F
BF92
403F
BE40
BE50
3F26
BEF8
BF41
402D
3EA6
BF2B
BE97
BCCD
BFAF
BF01
BE96
3F8A
BE3B
BEE0
BF1D
3F19
BEDD
BE77
3E95
3F33
3FC5
BF80
4013
3F4A
BF78
3FBF
BF47
BD8B
BF2C
BF12
BF0E
3E68
BE6B
3F49
BEC1
C001
BFC7
3F5E
BF95
BE1B
BEDF
3E5D
3FB5
BF34
3F87
3DE8
BD90
3F05
3F09
3F86
3F91
3E5E
BECF
3F60
BF77
3F91
3EF7
BF12
BF23
BCEE
3F77
3E63
BF2E
3F86
BEDE
3DA0
BEF9
BF2D
3F95
3C80
BFD5
3E96
BF9D
BFE8
3F15
BD96
3F16
3E83
3F5D
BF14
3F0F
BBD8
3F04
BEFA
3FAA
BF75
BFA6
3F5C
3F8A
4015
BF42
3F25
3D94
3E94
3E5B
BE9E
3ECF
3FE1
BF30
3FA9
BC6F
3B77
BF41
3F08
3FBF
BEE7
3F76
BFD7
BF8D
BF9B
BF35
3DCC
BEAE
3EE9
3EDE
3F6A
3F85
3EFE
BEEF
3F16
C009
BFA2
BFBA
BF1D
BFA2
3E49
BF81
BD93
3DCF
3E2D
3EA9
BF19
3FC4
3F10
3FB5
3F05
BE12
BF15
3FC7
3E11
BE9A
3FD9
BFAF
3EAF
BF07
3E98
3F45
3F1C
3FB9
BFBC
BFC1
BF81
3FBD
BF39
3FA3
4020
4004
3FAA
BEE3
BECE
3F38
3FFA
BD3D
BE3C
3F0A
BFC7
3EE0
BE9E
BEA8
3FD1
406E
BFF1
BE34
BF6E
3F0F
BF66
BD66
3DBB
3F5B
BFE5
BFC7
3EEE
402F
3EF0
BE14
3FD0
BFBA
BEC1
BF84
3C23
BF48
3F0B
BF85
3E77
BF85
3D8F
BF06
3F40
BF92
BF7D
3E84
BFA4
3E53
3F8C
3F8A
BE6A
BF9B
BF75
BE99
3E7C
3FBA
3F49
3DB5
BF29
3F93
3E95
3EEE
BF6E
3F2C
3F76
BE6B
3EC7
BE90
BD82
BE44
BFC5
BF64
3D0C
BF31
3F93
3F92
3F94
BFA7
BEE4
3FB0
BF54
3F13
3F31
3E37
BF9F
BE47
3E65
BCCA
BF0F
3E42
BFB8
3F8B
3D92
3F6D
3E38
BC28
BF2C
BF3A
3D47
BFC4
BE1E
3F9E
3F61
3F16
3F6A
3D8C
BEA6
3F50
BFD1
3EFB
BE3C
BF13
BF86
3E91
BFFA
BF1A
BF7B
BC02
3FA4
BE99
4007
BEAF
3F3E
BE2D
BDA2
3C35
3F9D
3FFE
3F74
BF96
BF25
BED0
C019
3EB7
3E32
BF64
BEF5
3E84
BF9A
3FFB
BF31
3EA4
3FBC
3EEC
3FC7
3F1C
BFD4
BF72
3DCD
BE39
BF4B
BFEB
402E
BE1B
BFB2
3D84
BF78
3FEB
3F24
3F35
BE06
BF66
BF46
3F98
BFC0
BFED
3E0A
3FA6
3DE1
3EF7
3F23
BC57
3DA1
BFE0
3FDF
3F7F
3EC6
BF05
3C75
BEB3
3F7F
3F4A
3FCB
3E99
BED5
BF56
3F2B
3ECC
3FB8
C01F
3EB1
3DCF
BF0A
BEB6
3F19
3F8A
BF7A
BE57
BF4C
BE8F
3EB4
BD82
3D0D
3F17
BF86
3D28
3E81
BF02
3D15
3F78
BFCC
BFA6
3F49
BFEF
BEF1
3FB5
BE4C
BF97
BDA0
BED6
3EF6
3FAA
3EE5
BE2A
3FE9
BEA4
3F01
3E9C
3E80
3F59
3F43
3EE0
BF25
BCCB
BF6C
BF35
BD61
3FE4
3F82
BC0E
3F67
3F5E
3F66
3F16
3FFE
BF65
BF9D
4002
BF71
BE82
3F2D
3FB7
3CFB
BF8C
3E9B
3F30
3F87
BFC7
3FF3
3F5B
3EAA
BE4D
3F5D
BD81
BE06
BDFB
BF7B
3FF0
3FCF
BF90
BF54
3F1D
BFFD
3DB7
3FE1
BF12
3F8A
3D93
BEC1
3F7A
3E42
BF9E
4016
BF24
3F22
3F51
BF9E
BF93
3E25
3E8C
3F29
3FE2
BE41
3EE4
3F83
BF40
3E42
3CDA
4047
BF2E
3E8B
3FD7
BEE3
3FAC
BFA3
BF87
3EDF
3E0C
3D9C
3E62
3E53
BE52
BF98
BF22
3F1C
BCA1
3FF8
3F0D
BEB3
BF61
BEA7
3F43
3F75
3E94
3EDA
3FC1
3F9C
3D13
3FB5
BF9B
BF66
3E0A
C007
BFAF
3F14
BF11
BC63
3E79
3E9D
3EC4
3F73
3CB1
3F24
3E8D
3D50
BFCE
BC9E
3F39
3EA8
BF24
BF04
C010
BEB8
3FA4
BFC0
BF53
BF57
BFC9
3E00
3F14
3E7D
BF26
3F6C
BF7D
3DE6
BF18
3E83
BF2A
3EC2
BEFD
3EFB
BEC1
3E4C
3F45
3FA0
3ECC
400D
BF29
3FB8
3F21
BF73
BFA3
3E1A
3F89
3FA0
BFDB
BFCF
BF89
3EB8
3FB9
3DFC
BE34
3D25
C019
3D8B
C03F
3F96
BF75
3F90
BF63
3C93
BF0E
BF75
BDA2
BFEF
3DD2
3FDE
3F5E
BF3A
BF62
BFF0
4002
3F72
3C92
3FCB
BFF7
BFDC
3F1A
BF36
BE5D
BD85
BEFC
3FA0
BDF2
3FD3
BE96
BF0C
3ED2
3F16
3D27
3F51
4028
3E93
BF9C
BF17
3F81
BF5F
BF81
3E10
3FD6
BF2B
C00E
3F4A
3EB1
BF7C
3D3D
BEB4
3EE7
3FD0
3D4D
BE3D
3F27
C038
BF42
3F93
BFD2
BF29
BE4F
BFA6
3F30
3EE4
BF70
3F00
3EBB
3F61
BE86
BF1F
BE48
BF92
BFAD
3F75
BDA7
BF98
BEC4
3F5A
BF4B
BF4B
BE0A
3ED2
BF22
BDEF
3F09
3F85
BF86
4009
BEDC
3EAC
3DCE
4015
BEF0
3EB4
3E1A
3F7F
BF82
3E0B
BEEB
BEBA
3F5C
3F09
3D4E
BE1F
3EC1
BFDF
BC93
3F96
BD0B
BF2F
3E59
BF4E
3FA8
3FBF
BF8A
3ECE
3F74
3F14
3E95
3FAF
3F87
3EE1
BF82
BF47
BF99
3E53
BE6C
3F6B
3F0F
3EDB
BD13
3F9C
BF67
3F15
BF5C
3F0B
3FCF
3EA7
BF2E
BF74
3F3B
3EAD
BED5
3FF6
BF8D
BFD0
BE7F
3F7A
BBB6
BFE1
3E02
BF55
3FF9
3BA0
3E40
BF40
3FE4
BEBE
3E5B
BE21
BD3C
3FF5
3F44
BDB4
BF0C
BE49
BF66
BEE1
3FE2
BF02
3F9B
3F38
BF40
3E40
4019
BF78
3FEA
3FD4
BF9F
C009
3F31
3F52
BFD5
BF6F
BF1D
BF1D
BDFE
3DE6
3E32
BF31
3EB8
3D7B
3E6C
3F18
BF91
BBCB
3EE6
BF5C
3DB9
3EE0
BF10
BEF3
BEB7
BDFA
BF22
BF2D
3F89
BF32
BF10
3F43
BF29
BFD4
3F81
3FD6
3EA2
BF2A
BF9A
3CCB
3F97
3F3C
3DCB
3E2A
BEBC
3FB0
3FCF
3F0F
BF1A
3F6E
BF40
BECC
3E1E
BF8F
3E2F
3F6B
BF29
BEC6
C015
3F01
3F08
BD5A
3FB3
3FA9
3FCD
3F3F
BCAC
3EEA
3F3E
3FA0
3F26
4009
BE90
BF2A
3F0A
BF20
3FB2
4009
3E9C
BFF6
BEF8
3C7F
BEF1
3B31
3ECD
3E3D
BFF6
BF30
3F20
3E85
BE4D
3F1C
BE9C
3F85
3E75
3E27
3E9D
BF1C
BFBF
BEA9
BE04
3FA7
3E6F
3FD9
BF55
BEC1
3E9B
BFF1
3F6F
3DD4
3D2C
3F2E
3FC0
BE9F
3FB5
3DCF
BF3E
3F73
BF86
BF59
BF93
3E48
3F57
BEF6
BF1B
3F1B
BF73
3FA7
BFBF
3E86
BF9C
3F9D
3F88
BF6A
BED8
BE58
3E43
C01A
BE16
3E77
3F31
C030
3FCC
3F29
3F68
BE90
3FA6
BF64
BF75
BD79
3E8C
3F9D
3F70
3F49
3E9A
3FA0
3EB4
3F39
3FEC
3FB5
C015
BEE5
3E4E
3E75
BE1B
3F82
BFAD
BF39
3D2F
BF89
3F23
3F4A
BF9B
BEB9
BE52
3FC0
BEBE
BEF7
3E64
3FC2
BF12
BE8F
BFA1
BEDE
BF24
3E33
BF74
BF80
BF89
BF57
3F4D
3FC7
BFFB
BE8D
3E18
4024
BF90
3F64
BF8A
BF9B
BF68
3ED6
405A
3EF5
3ED0
BFCA
3F56
BF9A
4000
BE20
3FBE
BEAC
3DFE
3F8E
BFB0
B984
BFA9
3EC8
BF51
3E86
BF38
3E95
BF9D
BE00
BE99
3F34
BEB7
BF43
BF32
BFE6
3EA9
3C89
BFF8
3F1B
BDE2
BF90
C04F
3FAE
BF85
BEDC
BF0C
BF26
3EFE
3FEC
3E20
3F10
3EBA
3ECB
BEF4
BE9C
BE7F
BDA5
3E8A
BE39
3F63
3FA0
3E9A
BF8A
3F90
BECA
3FA0
BE65
3E18
3CCF
3F9E
3FA9
BF32
3F20
3FAB
BFD5
BF94
BFBC
BDDC
3F34
3FAC
3FA3
BE0F
3FE9
3F61
BF51
3E12
3FAD
3FA0
3F00
BE2E
BF6A
BDDC
BF85
BF85
3FA9
BFB4
3F9C
BC9E
BEAD
3EA3
BFAA
BE84
3CEE
401E
3F01
3F3C
3F74
BCA8
3F6C
3F5F
3E26
BFD8
BF91
BF10
3F88
3F6D
3FA4
3D0C
3F88
3F85
3FBD
3FBC
BFAA
3E21
3DF0
3F4B
BEF1
BF85
3E9C
BF27
4014
3F99
BF24
3FA2
BF89
BFE9
3E24
BB6F
3E32
BE89
BF6A
BF14
3DFC
3F3C
3A98
3EBE
BF10
400F
BFF6
BF80
3F59
BE9A
3E40
BC71
BF65
BF1E
BE6D
BF31
BFC3
3D21
3F07
3EB7
4000
3F2F
3E8E
3CC3
BEA6
BEE1
BEBB
BFF1
BED0
BFAE
BF1D
BDB9
3F10
3EFE
3E0F
BF14
3CCC
BF8C
3EA2
3E30
BF92
BF6C
3EB7
BE78
3FEC
BF3A
BECC
BF21
BF44
3FB8
BFA1
BEF0
3ECD
3E92
BF59
BF66
3F62
BF3E
3F8F
BECE
C001
BE3B
BFAD
3E4C
BF4C
3ECC
BF91
BD1B
3FC7
3FA7
BF61
BFA3
3F91
3FA9
BCB2
3F19
3F6F
BFA6
BF69
3F97
3F39
3F32
3CA7
BF5C
3EEF
BF92
3F61
BECD
3F97
BF26
BF63
3F15
BEE5
3F52
BF0C
3F90
BE31
3F69
3F66
BE57
BF9E
BCEE
3DA2
BE08
BF36
BE4A
3DA9
3EDD
BF9E
3F84
BF49
3FB9
3F81
4009
3EFF
3F70
C010
BFE3
BF3A
3F30
BF49
BF62
BF0D
BEC9
3F32
BF37
3E13
3F94
3EE2
BF35
BEFE
BFA8
BE7C
BF37
BF56
BEAD
BF11
BF45
BF68
BF05
3F3A
C016
BD83
BF1F
BECB
BF25
3FCE
3EA4
BE9E
BC85
BF4C
3F34
BF55
3F96
3F8D
BF7D
BF48
BFCF
C007
BFAA
3B59
3FA6
3F6B
BF44
C003
BFB4
BFDD
BDBF
3F0D
402C
4011
3E6E
BE74
3DD7
C03D
C008
BE29
BDAA
BFAF
BE8F
3DE3
3E9E
3D90
3F35
3F24
3DFC
BE38
3F32
402A
BF84
3E5C
3DF2
3DFA
3F69
BF87
BFDE
C01A
BC1C
BF8E
3F61
BF04
BC19
BFAF
C02A
3F3D
3F25
3E7E
BF42
BF3A
BF0D
BE2D
BD74
3F26
3FD2
BF82
3F55
3CA7
3F42
3F93
BF98
BFC8
3F15
3EF2
BF3F
4017
3E57
BE10
3E83
BFBC
3D09
4031
BF5E
3FF2
3EEF
3EA2
BF10
3E97
3F0A
3EB2
BF07
BFDF
BF63
BF23
4004
3EB9
BFB9
3F0F
3E11
BEEE
BF7A
BFB5
3F6B
BFA6
BFE7
3DD1
3E1C
BF31
3F7C
3F32
BF7A
3FDC
BE5F
3F7A
3C8E
BF1F
BE2D
4045
3E00
BC95
BFCA
BF53
BF24
BF55
BEB2
BE8D
BE81
BF26
BEF2
3F7F
3F0B
3CDE
3F8A
BF7E
BF97
BF6C
3FA6
3F2F
BF98
C000
BFB4
3F44
BF12
3DC0
3FC7
3FF5
4002
3F12
3F87
BF58
BCE7
BEE8
3FBC
3FF5
3F1F
BFA1
BDD7
BF0E
3F19
BEF4
BE12
3EFE
BEC3
BF94
3B54
3FD2
3F2E
3F40
3FE6
3F97
3FAB
BF72
BFC6
3E05
BCD3
BFD0
3F9C
3F5C
BEF0
3F8D
3F4C
BF5A
BF01
BEA6
3F99
3F95
3EB9
BF89
3F91
4007
3FAD
BC2E
3DBE
BFF0
BD04
3EBC
3F88
3E50
BFAA
3E3F
BFC9
3F5B
BF32
BF58
3F89
BFC7
BD80
BF28
BEC5
BF4A
3F7D
4002
BF59
3F41
BEC4
BF86
3FCB
BFC7
BFC4
3F4B
3CD1
3F4B
3DB6
3F3E
3FC2
3F16
BF8E
4043
3F8D
BFF6
3FA6
3EDC
3F01
BDE7
3D80
BF34
3D5C
BF52
BF07
3FF8
3F34
BF50
3F8E
3EC9
3FAA
BEEC
C007
BFAB
BFBF
4028
BFA3
3E9D
BF0E
3F20
3F92
3FE9
BDB7
BF26
BEC8
3FAA
BF42
3FBE
3FC9
3F1E
BF94
BF40
BEF4
3EDE
3E2C
3E98
BEDF
BFD4
3ED6
BF08
BFEB
BE8C
3F17
BEF7
3F89
3FCB
BEEE
BFE7
3EC0
3F8A
BF8E
3FB5
3FA4
3ED9
BF39
3F19
BF84
BE90
3F4B
3FD5
BF35
3FCB
3F98
3FF1
3F6C
3EBB
BFCC
3F23
C022
BEF4
BF17
BF2B
3E9B
3F70
BF5C
BF05
BE5C
3FE1
3D68
3FBD
3E8B
3F46
BFDB
BF1D
BDFF
BE1C
BEDA
BF21
3E9D
3DF9
BD88
BF71
3F27
BDB6
BF50
3F3F
3F8C
3CB0
3EDB
C021
3E0A
BF32
3F1A
3E68
BE42
4027
BEAD
3E99
BFF7
3F56
3EE0
BEF5
3F64
3F13
3FB1
BF22
3F4D
3F11
3F17
BE12
BF14
3EBA
BF0D
3FA4
3F0D
3F5D
3EC4
3FE0
3F9B
BF8C
3FC2
3EB6
4002
3FE1
BE8A
BE47
BF69
BF8E
3FC4
3F57
3F7E
BF25
BF02
3F89
BFE7
3E08
3FB7
4000
BF49
BFC0
3F80
BF85
4019
3F93
BF2E
3EB0
BFA5
3F7A
BFA7
3FAD
4001
3F01
3FA6
BF38
BF9C
3EAE
3FB4
3FA7
BEEE
BEEA
3E8A
BF6C
4043
3FCC
BF15
BF4E
BF5C
3F99
3EA8
3D45
3ECB
BE7F
BFBA
BEA7
3FAA
BF24
BEC5
BFD2
3EC0
BEE4
BF82
BF44
BF06
3F90
C01A
BF7C
BDF5
3F2E
BD30
3F1E
3FA7
BE6A
3F61
3E08
3F7A
3E3D
BFF2
BE4B
BF8F
BFD9
3F82
3ED5
3F26
BE6E
BFF7
BF87
4019
BFC0
BF62
BFE7
BF16
BF6C
3F20
3FDA
3EC4
BF05
BE9F
BF13
3E03
3DC1
BF2F
3FB2
BE5B
3F0E
BF66
3F88
3EE8
BE54
BEAE
3F0C
BFC0
BE6E
3FD7
BF46
3ECA
3F80
3D7B
BF6B
BFA1
3D95
BE0E
3F9F
BF02
BFE7
BF9D
BFBC
BDA0
BF37
3EDB
C013
BF87
BE18
3FB2
BFC7
3F4F
BF73
3EAD
3F86
BF2D
BE0F
3F02
3F91
3E44
3F87
3F7C
3FA1
BFA7
BFB0
BF11
3F34
3EC1
BF53
3FA2
BFC8
BF95
3FED
BFB9
BEF0
3D46
3EB0
3E52
BE9E
3EC8
BF08
3F34
BFA8
BFBC
BFDF
3FC7
BF15
3E7B
3FA6
3ED7
C01B
BF1E
3F51
BE19
3F45
3EC3
3E99
BF0C
3FAE
BFAD
BDCA
BF39
BF07
400B
BEE9
3FE1
3E62
3F14
3F2B
BFBA
BFB9
3C33
3EE8
BE60
C00B
3F24
BDBF
BF64
BF95
BFD6
BEC3
BEDB
3F87
BDCA
3F08
BE9F
BF97
3FFA
3F30
3F47
3EB2
BE3D
BDAD
3DFD
BF61
3ECD
3E86
3F47
BF5B
BFB6
3EC7
BF8B
3E98
3F5C
BEFC
3F13
BE80
3F82
BF46
BFD5
3FA7
3EA7
3EEE
BEF4
BD7E
BFAD
3E60
BFD0
BF88
BF26
3F07
BF8A
BF22
BF24
BF84
3F30
3F19
BEE2
3EC7
BF98
3FE3
3F42
BFB4
3E54
C016
BF13
3FD1
BEBB
3FAA
3FC1
3F8E
BF4F
BF4A
3FF2
3F02
3F79
3F58
3F9F
3D91
3F39
BDC1
3F3D
3D47
3E5F
BE7C
3DDB
3FD4
3DDB
BF74
BF8B
3E3E
3E19
3E03
BEAF
BF29
3F85
BF75
BEF7
BE41
3F15
3F42
BF4A
3DAC
C003
BF71
3E5A
BDD6
BFAB
BE54
BFC7
BE29
3FEF
BDA7
3DF7
3F4F
BE63
BE1D
3F5B
3F60
400E
BF29
3EB7
3FFE
3F39
BE05
3F31
3FC0
BD8E
BEFF
3FE7
3E0D
BF04
BF98
BEF5
BF88
3E3E
BF49
BFA4
3CEC
3F4D
3EDF
BE47
3E4A
BF07
BE2F
3F8E
3F72
3EFA
3F68
BF15
BF1D
3EB7
BE2F
3F7B
BFDF
3EFA
BC6D
BEE3
3F10
3FC4
BF91
3F80
BE93
BD92
3F5A
3F53
3F66
3E96
BF40
BF48
BDFE
BEAE
3F94
3F9A
BE5B
3DC5
BF02
BF70
4034
BF8C
BE99
BE07
3F7D
BF05
3F1E
3E93
3F19
3DFD
3F75
BEB2
BF4C
401F
3E64
3ED0
3F8C
3F17
3F7B
BDC0
BEC4
3FA0
BEC1
BF6F
BF60
BEFB
3F8D
3F52
3EEB
3E3B
BFE6
BF00
3E3E
3E74
3F81
3FC4
BF6B
3F50
3EA5
BF7E
BF3A
C00F
BEE3
3F6F
BE64
BED2
3F2E
BEE1
BDCD
BE4E
C00F
BDA4
3E99
3EA2
3E6F
3E92
3FA8
3F75
BF4D
BF37
3EB4
3F84
BFB9
BE8F
BF8E
3F97
3F3E
3FBE
3FA3
BFA9
BFC8
3F36
BEE5
BFA5
3F94
BE87
BEFC
3F03
BFAB
3F62
BC06
3FAF
4017
BFC4
BF7E
3F26
3F1C
BCFA
BFEB
3FC3
BFF3
BC12
3F26
BF85
BEE6
BE91
BEB5
3F1D
BF32
BFB1
3D66
3ED2
3E91
BEB9
BF74
3F8A
C00C
3EFD
3F98
3EB5
BFE1
BF2B
BFD1
3E71
3FCC
BEB1
3CFC
BE5E
3F69
3F27
3FBF
4006
BE7E
3F73
3F0C
BFA0
3F1E
C014
BF13
3ECB
BECB
BF05
BEE6
3F71
BEB6
BF93
BF05
3FD3
BFA0
BDB5
BFE8
3F5B
C015
BFB6
BD94
3FAC
3EEE
3FA7
4053
C032
3EB6
BE34
3F05
BF69
BE00
BF87
3E55
3F62
BF89
BF8E
3F8C
BF95
3D94
BF98
3EA9
BF90
3F10
3F55
3DC7
BF8B
3F80
3FA2
3F38
3FB5
BE1D
BFE1
BEFB
3F6A
3EAF
BDD5
BF42
3FD5
BF54
BE62
BEB2
BDBB
BE00
BF56
BDC4
BF66
3ECA
BF9D
BF27
3CC9
BBC3
BF7B
3F36
3FBA
3F0A
BFB1
BE9A
BECC
BFE9
3E44
3EE2
BF47
3F1D
3F62
BF70
BEF9
3ECB
C01B
4009
3FB4
BC12
3E8A
3F78
BFB5
3F85
3E2F
3F1C
BFCC
BEAA
BF71
BF39
BF85
BF0F
3ED7
C006
3F3C
BE9F
BF0D
3E60
3F74
3FCD
3E5D
3FD8
400E
BEBD
BF39
3F2C
BFA3
BEAB
BFB4
BDDC
BF1B
BE7C
BF63
BF18
BF92
3FE3
BF39
BFB5
3F52
BF77
BE42
BF13
3FE2
3F75
3E3C
3F43
BEB0
3E05
BF39
3D70
BFEC
BE86
3F96
3F24
BF9B
BF5E
3F5B
BFDE
3DEC
BF9E
3FA0
3F3B
3FA8
3EB9
3EC5
3FEC
BF8A
3E6F
3F64
BF27
3E05
3EAA
3E60
3F36
3FBE
BEAE
BEDC
3F77
3EFA
BE4C
BFAD
BF92
BF8F
BEC9
3F08
3E07
BF58
3FDF
3DC1
BFBD
3DAA
3F0B
3F66
C019
BECA
3F43
3D7D
3EA8
3EE9
BEEC
400F
3E9F
3E8F
BF5D
3FC6
3FF0
BEFC
3F3C
BDC5
BF17
BCEA
BFCE
BEDC
3E1B
BE2D
3F64
4015
BED2
BE8B
3FC4
3FF2
BE99
3F38
3FAF
3EFD
3F1F
3EAC
402F
BC0B
3F4A
BE6A
3F8E
3FC1
3E11
3F70
3FD1
3F15
BFB2
BE7F
C020
BE38
3F81
3F7D
3E9C
BF2E
3E35
BF36
BEDA
BE65
BF81
3CA1
3E97
3ED6
BF91
BE3D
BEC4
BDBF
3F93
3F22
BD6F
BE87
3E51
BEB4
BC8F
BF9B
BEF2
BF66
BFB5
BF81
BF4C
BEA6
3E0A
BF35
3F91
3DD8
3F53
BE67
C029
3E05
BFE4
BEDB
3F22
C008
3F84
BFBA
BF25
BE8F
3C98
BF48
3E2C
3E22
BF1A
3F9A
4013
BD8C
BF14
3F92
BEEE
BF26
3F3D
BC7E
BFDD
BFD9
3FF5
3E6A
3E4E
BE0E
BF28
BDF6
3D48
BF9E
BE67
BF2A
4020
BCF9
3FB8
BE32
BFB5
BF83
3EFA
BFE5
3F82
3F32
3FD5
C021
3FAE
3E19
BD9B
BF97
3FA0
3FEC
BED9
BEF9
3E93
3FFD
BF60
BFF1
3F0D
BC47
C00D
BF4C
3EBB
BF0F
BE4A
BED8
3F4A
BF23
BFB9
3EA1
BF05
BF90
BD5F
3F91
BFBD
BFB8
3F3B
3FE2
3FA1
BE5E
BF0A
3FB1
4001
BEC4
BF44
BF70
3BFD
3FC0
3E2C
BFAD
3FA6
3F5A
BFAA
BF9F
BED8
BF04
BEC5
3BF0
400C
BED0
3F89
3F5D
BFB1
3FF7
BDAA
3E8E
BE93
BFCA
C025
3F65
BC2A
BE98
BFFA
3E8A
BF60
3F7C
BE4E
3F0D
4009
3EA8
3FB3
BF80
BDD9
BF04
3F37
3DFC
BF42
BF93
BECC
BF02
BEE6
BED8
3DE4
BF2E
3F01
3F10
BF51
3E90
3EA1
3FB3
3EE2
BEDD
BF0F
3D9B
BFA4
BF4F
3DA6
BDF0
3F28
BFA2
BEB2
BEFC
BF23
3FC3
BF21
BFB3
BFF6
BF23
3EB7
3E72
3F8C
3FE6
C019
3E2B
3E5C
BD8C
BEB6
3F2C
BFA8
BE94
BEBE
3FE2
3F42
3F5D
BFA5
3EAA
3F25
BFCF
3F0D
BEAB
BF12
3FEA
3DEA
BF5A
3FAD
3FE3
3F0B
BE6D
3F3C
3F41
3E95
BE40
BEB5
3E09
BF91
3FAF
BF86
BE91
3FAC
BF26
BFD1
BF89
3D21
3FF3
BF63
BF67
BEB5
3F7F
BF5C
3FB8
3D75
3F88
3E77
BFAC
3F4F
3FA3
3E33
BFE3
BFD4
3EE9
C01C
BFC6
3DC9
BE94
BFCD
3E85
BF9E
BC92
3EA9
3FBB
3F68
C009
3FD7
BF5A
3C29
BF5F
3EE8
3C06
3E67
3F43
BEA7
3EBB
BF5D
BECA
C00C
BE99
3F13
BF2D
BEBB
3F7C
BFA5
BF95
3EEB
3EF4
BF6B
3E98
BF55
3FB8
BFBE
BF98
3C1F
4002
BFF6
BF5A
BE32
3FCD
BECA
BEE5
BEAA
3FA6
BF2B
3F5A
3FEC
BDEC
BEB1
3F00
3F8C
3CC0
3F1E
BF9F
BE45
3EA9
BF4D
3FDC
3EB1
BEBF
3F49
BE05
BE61
3EF6
3FD6
BEE3
BD47
3E0E
BF90
BF19
3E03
3F91
3C96
3F64
BFFA
BF58
BE33
3F11
3F49
BF4F
BF59
BEEF
3ED0
BFD0
3F15
3F97
3ED8
3F81
3F83
BDF0
3EBF
3F4A
3F68
3EAF
3E50
3F7F
3FBD
3C19
BFCF
3CF4
BF4B
3F60
BF0E
3F07
BFB1
BE23
BEA7
3FA9
BF31
3EE3
3E84
3E59
3DCB
BD08
BF9D
BEBD
BD9F
BF2A
3EBB
BFB7
3F41
3E04
BE8F
3FC7
BDA3
BE2D
BD83
3F02
BE4E
3FC9
3F86
BC9D
3F09
3F26
BF07
BF2B
3ED7
BF8F
3E90
BFA2
3F0D
BEF2
BFB3
3EA6
3F51
BE41
3F6B
3FD1
4001
BF05
BED3
BEC9
BEFC
3FB5
3E98
BE54
BEA3
3F80
3F80
3F60
BECB
BE91
3F91
3F81
BE4E
3C2F
BFFF
BFB7
BE1A
BF80
3E45
3F0C
3F49
3F82
3EF1
BE9B
3EA2
BFA0
3E51
BFC6
BC38
BE29
3F9F
BE43
BF45
3D8B
BDCF
BEA7
3F9D
3E4B
3ECC
BF55
BF42
BD24
BF59
3E62
BE71
BF87
BEB9
BF98
3DBB
3F4A
C025
3FF3
3BBF
3FC4
BEF2
BE19
BF5F
3F92
3F1D
BE1C
BE09
3FC2
3F64
BF15
C006
4007
BF12
3D0D
BEE6
3FEA
3E8B
BF41
3E19
3F01
BF4D
BF42
BFD2
3FA6
3B42
BEB5
BF85
BF63
3F20
3EBC
3F4D
BEF4
BE49
BE96
BF34
BFA6
3E41
BF11
3DB3
BFDC
BD84
3EEE
3F3B
3E2A
BFC8
BF3B
BE1A
BDAA
3F78
BF30
3F3D
3F9B
BE93
BFCD
BF85
3F11
BFCC
BF67
BF50
3EC3
BF14
BF70
BC14
3FF6
BFC2
3FDA
3F86
BE0D
BD27
3FC3
3EAC
3F86
C01E
3F71
BEE9
BD21
BFD5
3FED
BDBD
BE86
BF37
3FAC
3FD8
BE97
3F7C
3FC6
BEE2
BF11
3FF3
3FDD
3FA6
BF41
3FD4
3F0E
BF2F
3F08
BD72
3F45
BCA9
BE81
3F11
3F9B
3F0C
BF1E
BEB4
BEF2
BF85
3F9F
BFE0
BF2A
BE40
3E99
3E8B
BDAB
BF8A
BF44
3F77
BF76
BF99
3EB8
3FB4
3F39
BDF6
BD9B
3DD8
3F9B
3EFC
BCDB
3F36
C015
BDE6
BD99
3F83
3DE5
3E7B
C030
3EDD
3EA0
BED4
4008
BDD6
C007
BE39
BFA1
3F15
3F74
3F21
3EBA
BFAF
BF26
BF30
BE81
3E22
BF3A
3F8E
BF80
BEE2
3FA0
BE69
BECF
3F30
BF5E
BF6F
3D1A
3F2A
BF08
3FB0
BE40
3F56
3EE4
BD8D
BE08
3F80
3FA2
BFBE
3E8D
BF2D
BF2F
3F32
C014
3E99
3DC2
BFC7
BE9E
BFA7
BF6E
3E80
3FF2
3F96
3EE4
BDC6
4002
3D22
BEE1
3EC6
3FA2
BFCE
BE50
BEF7
BFA4
BF83
3F49
BF84
BC80
4009
BF2E
BFD9
BDED
3EE6
3D59
BEF5
3EA2
3F05
3F13
4007
BF1C
3F8D
3E92
3EDC
BDD5
3F5C
BF47
BE82
BF21
3F79
3E85
3EA0
3F7C
BE09
BEB1
BE81
3F8E
3FEB
BFB6
3F33
3EAD
3F35
BD8D
3F94
BFC4
3FA0
BE8A
3FC8
3E8A
BEBE
BF08
C035
3E37
3F86
3EE9
3B9C
3E15
3DFC
BED3
3F18
3FB5
BF11
BDEC
BF8B
3EE1
BED9
3F6E
BF2D
BF2D
BF19
3FA9
3C13
BFA4
3F49
3FBE
BF19
BFB4
3EE2
BFCB
BF73
3F86
3E80
BE3D
3E14
3E45
3CD8
BF2A
3F86
3D2E
3F68
BF9F
3E97
3DA2
BE13
BF2D
3F09
3FA7
BF3D
BFB6
BF29
3EFF
BE24
BE98
C008
3F9E
BF09
C00B
C00E
3EFD
3EE8
3E7A
BF88
3FA6
BFB4
BFA9
BF6D
3FFF
BE73
3EDB
BDC5
BF1B
3F8A
3E3D
BE4B
BEBA
3FA6
BF1A
BF82
BF5E
3F55
C022
BF82
BEDA
3D87
3FBB
BFCB
3ED5
BE82
3F37
3FF1
BEC0
BC8B
3FC4
BF6B
BE7C
3E54
BF27
BF27
BF83
BE3D
3F16
BF33
BF74
3FE3
3EF1
BEFA
3E34
3F8A
4016
BFB6
3F84
BE5D
BF4E
3FBD
BD43
3EF2
BF1B
3F51
BF2A
3F14
3F3C
BF8A
C00D
BF5F
3F19
3EFD
3D64
3EAA
3F1E
3FF2
3F6A
3EC5
BF25
C01B
3D88
BFBD
BE70
BE85
3F04
3E03
3F8A
3E57
BEDF
3EA2
3F0E
3FA7
3F0B
BFAA
BBE2
3ECF
3EA6
BFCD
BF0A
3F8F
3EE3
3F4D
BF94
4008
BF05
BEC4
BE04
BE28
3FAA
3F6F
3FA4
BF04
BEBD
BF20
BEB8
3FFF
BF19
3F0A
BE82
BEB1
3F2F
BF86
3F41
3F1B
BEF4
BE7F
3EBE
3EC4
BE83
4010
3FBC
3F3E
BF7A
3EB4
C00E
BF2F
BF53
3F14
BCCB
3F09
BF1B
3F50
BF89
BFA8
3EF6
400F
BF88
3F51
BFA9
3EDF
BEFC
3FC2
BE77
3F62
BF56
BF6B
4009
C00A
3EC0
BF8D
3FE3
3FAB
BF83
BF68
BF87
B8D9
BE81
BF31
3E88
3F83
3F28
3E77
BE39
BF44
BF65
BF46
BE83
BE0E
BD4F
BFD2
BFF4
BCEF
3EB2
BD44
3F51
3FA3
3C4D
3EF2
3E64
C012
BF92
BFC8
BE88
3E27
3E2C
BF38
BF58
400F
3E1E
3FD8
BF58
BFCF
BE5E
3DBE
3F9C
BC27
3F0D
BF1B
3F0B
BF2B
BFA3
3DB0
BD87
3EB7
3F97
3E23
3FAA
3C41
BD6A
3F08
3FA8
BF43
BF04
BF3A
C011
BE80
3FD4
3F69
BF7D
BF50
3EAF
BE97
BF94
3DAF
3D0A
BF93
3FFF
BFDD
BFDA
BF99
3DA2
C000
4015
3E6B
3F21
3F2A
3F7D
BDBE
BF6F
BFB9
3F1A
4016
BE5C
BF73
3F28
3EA9
BEB1
3E75
BE06
3E42
3F92
BE33
BF22
BE76
3EC5
BE8A
3D90
3F4C
BEE3
3F9A
3F13
BFAE
BE95
BFEF
BEFC
3E62
BFF1
BECE
3DAC
BEDF
3F7E
BF9C
3EFD
3FA8
3F24
BF87
3DDD
BEA3
BF36
4036
3DFF
BF4C
BF0B
BEA0
3FB7
BE14
3FD2
BED1
BE4C
BDFD
BE80
BF9C
3F0B
BD9B
3DB6
3DDE
BEB1
BF84
3F73
3FAA
BEAD
3E14
BEE1
BF2A
BE91
BF26
BF57
3F61
3EC0
3F46
3E50
3F7D
BF7D
3F34
3CCF
BF32
3D21
3E5F
3F39
BF1A
3E5D
BF7D
BFC4
3F2B
BE84
BE0E
3DA7
BF4C
BF1E
3F3C
BD2C
BF35
BEDD
BF7F
3F2E
4006
3FB8
3F23
BF14
3F5F
3F1B
3F51
3E99
BFB2
3F2E
3FF9
C050
3F23
BCCE
BD78
C059
3F3D
3F50
3F52
3FD0
3FCD
BE88
BF5B
BF86
BFBC
3F60
3FB3
BFA1
BAB6
BF25
BD44
BD30
3EA3
BEE1
3E94
BDE8
3F86
BE11
3F82
3D3E
BF59
3F43
BFBB
BF8C
BFA4
BFB7
BFC0
BE12
3F20
3EC4
BF01
3A34
BFC4
BEBD
BF52
3F3E
3FDD
BEA7
C034
3FDC
3F75
BE09
3F64
3F1F
3FC5
3DF4
3F06
3F7C
BF95
3F68
3D8A
BECD
3F11
3D5D
3F8D
BFEE
BF3C
3FEF
BEDA
3F06
3F62
3F60
BEAB
3F32
BF38
BF84
3E9F
BE7C
BDDC
BF54
3E88
3FBE
3F11
BF35
BF76
3F33
BD18
BF33
BC25
BFED
BF72
3F1C
3DF5
BEDC
BE3E
BFB9
BFB0
3DB3
BDE5
3F95
BE03
3EB6
C000
BFB9
3F15
BE84
3F3B
BF56
3EDF
BFBF
3D25
3DFF
3F51
BFB4
3F80
BEB1
3D93
3FC0
3F03
3F58
3E02
3FEA
3F62
BED6
BFCA
BD93
BF45
BFD3
3F59
BF0C
3ED8
3F2E
3ECE
BF4A
BFCB
BC40
BDA5
3F44
C004
BDC2
3E15
BEC9
3F7F
BDE4
BEDC
BE72
BE1F
3F2E
3FC4
3F42
BF35
3DAD
3C34
3EC6
C044
3CCC
3F92
BF1D
BF1B
BFDA
3E92
3E85
3F19
3E50
BF96
3EB1
BE97
BF8B
C00F
C00D
3FA3
3FC0
3F43
C00C
BF3F
BF2A
BDD0
BF93
3FC5
3EF7
3F69
BEC5
BEB2
BF5C
BD94
3F89
3ED3
3FB3
BFDC
3F01
3F7F
BF30
3F9A
3C29
3FC5
3F96
BF94
3F5A
3EAF
BF1F
BEAA
BE52
BFFC
BF0A
BF4B
BFB2
3EE4
BE14
BD04
BF98
3F0F
BEF3
BF91
BE02
BD52
3EA1
3DFD
BF7F
3F3D
3E10
3ED9
3F98
3EBF
3BA3
3E72
BFFA
BF26
3FD6
3C6A
3F39
BE40
BEA8
BE91
3F60
BDEE
BFA2
3D95
BFDA
BF0E
BE13
3F35
BF1A
3EE7
3ECB
BE97
3F80
BF96
3FB1
BF64
3F8E
3F9E
BF37
BE94
3FB1
BF0B
BFE0
BFD8
3E5B
3F8B
BFAA
3EBC
3F16
BE89
3E69
3DF3
BE90
BF08
3F5A
4018
3F87
3E4D
3EAA
BF4B
3F6D
BECA
403F
BEB1
3EAD
3EF9
BEC0
BF00
BEFC
3E4A
BF8C
BEF2
BE6F
BEC1
3FD5
BF9C
3EA1
3F6D
BF25
BF35
BE0A
3F6B
3F85
3FA5
3F9E
3FF2
BE2F
BF77
3F36
BF33
BF4C
BF5E
3EBA
C01C
BFE4
BF0F
3CBD
BE1E
3DA8
BF10
BF76
BF84
3D03
402F
3F3A
3F71
3F5C
BE4B
3C19
BF4F
3FAA
3EFA
BEF4
BFB4
BF15
3F1E
3E8D
BEB3
BC26
BFA2
3EB2
BDBD
BEC2
BF2A
BF92
BF2A
BFAD
BE1D
BFD9
BD77
BE89
3E93
BF39
3E17
BFAE
BFCE
3EC0
BF1D
3FC4
3EC7
3FB4
3E64
3EA1
3EF4
3EED
BFDE
BF51
3DF2
3E2E
3FC6
BF31
BF12
3F54
3F8F
3E97
BDE8
C023
BE98
3E0F
BFC1
C03C
BE3A
BF7B
3FC7
BF95
3E05
BF2F
3E61
3F1A
3F3D
3F6D
3FC7
BF22
BED3
4027
BF3D
BFAE
BF32
3EC8
3E39
3F56
3EA3
BFC3
3F9F
BF0A
3FBD
BE95
3F00
BF2B
4001
BE80
3EC4
BFAC
BED6
3F76
BE7A
3F3B
BECF
3904
3F18
3FA9
3DA3
3FCB
BE3C
3D69
3FD6
BE0F
3E90
3FB0
BF2A
BE45
BFA1
3E63
BFCE
3F2C
BEB1
3FA3
3FD7
3F7A
3E1F
3EAD
3F1B
BED9
BD6F
3F45
3F25
3FBE
BE50
BF4E
BF13
3E8F
3E80
BFB3
BE94
3FCE
BE7C
BFB4
BF95
3FAD
3E02
3EE3
BF62
3EF9
BF6E
400C
BF90
3E2A
BF00
BF9D
3E08
3EF3
BF99
BFE5
3D84
C015
3EA4
BF62
3E8E
BF09
BF23
BDF8
3E90
3EFA
BF88
BECA
BF14
3EDA
3FA0
3EA6
C028
3F96
3F89
3E9E
BFC0
3F34
3E52
BFF9
BE2D
BF48
BF54
BF02
BF89
BFDA
BEF7
BD4C
3F9C
BF17
3ED7
3E68
BFD1
3E36
3DA0
BF56
3F03
3F0C
3FC1
3F1C
BC98
BE98
BD36
BEB1
BFD8
BFB7
BF36
4021
BF38
BE93
3ECE
3DE6
BF6E
3DA6
BF9F
BF37
3FB8
3E5E
BF7A
BF5D
3F29
BF80
3EDD
BF9E
3F14
BE83
3FA3
BF4B
3F2C
3E33
3FCB
3E7B
3F85
BE9D
BF50
4012
BEAD
BE41
BEC7
4014
BE76
3E9C
3E5D
3FDB
BEB8
3F38
BF05
3F59
BEA0
3F46
3F56
BF9D
BE27
BF66
BE43
3F12
BF09
BD80
C032
BE27
3E57
3E15
BF85
3F3F
BCF8
3D4F
3ECD
BF5A
3EB8
3F15
BF2C
BF06
BF1A
BEA4
3FB9
BFC2
3F61
3E82
C022
BF20
BE30
BF84
3FE1
3F56
BFA9
BF8F
3F9C
BCFE
3FC1
3F44
BF8C
3F99
BF86
BFCD
3E8C
BEBC
BF16
BF93
3F2D
BEE4
3FFC
BF3E
BD1E
3FCC
3DDE
3D85
3F44
BF07
BFAB
BF1F
BF9E
BF21
BFDA
3E92
BF00
BF25
3FE5
3E0E
3A5A
3D45
BE43
3F37
BFA2
BF1D
3F6E
BEAB
3F2B
3F27
3F5A
BEC1
3E90
3F1F
BF2F
BF08
3CB0
3F2B
3F85
BD08
BEC6
BECE
3F0F
BF0C
BF70
3F92
BF9E
3E0C
BC47
3E33
3C1A
3F27
3F66
3DD4
3F34
3FB2
BDD1
3FC6
BFA4
BEC8
BF85
BFA0
3F0B
BF45
3F94
4004
BE84
BF89
BEDE
3FD0
BF2A
BE11
3F7F
BF94
3FE8
BFB0
3CED
3F1D
BF43
BC94
3FA5
3F18
4021
BCB2
3EC7
BFE1
400E
3F25
3D37
3F30
BF40
3F54
C00C
3F25
BF84
BF61
3EB3
BE9C
BEC0
BF21
3EB4
BEF0
3F31
3EC7
BF57
3FAA
BFEE
BFC2
BF3F
3F88
BF25
3F55
BFDD
3DC5
3ED3
3F0D
BF01
BF91
BFC6
BF70
BF90
3E96
3FBF
BF55
BE47
4004
BFB9
BF0F
BEF6
BFC5
4026
BFB6
BF33
BFAC
BD88
3FDB
BF86
3F66
BF70
3F99
BF31
3C03
3EB6
3EF9
BEC1
3F43
3F44
3FF1
C007
3DA7
BFE4
3F8E
3F9D
3EC4
BF8B
3F81
BFF5
3FE2
3D9E
3F38
3F42
3F8E
3F99
3F09
BF13
3F58
C048
BFAC
BF76
BF82
3E85
BFB6
C018
BFDC
BEE9
BF82
3E82
3EFC
BF89
3EEF
3E91
BF54
3FBF
3F92
3E83
BF0C
3FFC
BEC3
BFC5
BECB
3F97
BF7A
3F0D
3D48
BF47
BF60
BE88
C02A
BF7C
3E95
3FD2
C01D
BF9B
3E95
BE5E
3F3F
BEBB
3F91
3F03
BE5E
BF26
BF18
C007
BFAB
C027
3F19
3FB6
3CF9
3FB5
C03A
3F2F
BEC0
3F9D
BF08
BFA8
3FD4
3DF3
BE57
BF8B
BF6C
BEBD
3DE2
BFD3
BF96
3F7C
BF8D
BEFC
3E2F
BD6C
400F
BDE6
BF07
3F94
BEDA
BF6D
BF76
BFF9
3F82
3FCF
3F13
3E2F
3E0D
BF00
BDED
3F85
C032
3DF1
BDD3
BF1F
BF09
BE8C
BECB
3F50
BF6D
BE26
C008
BFCF
BF8D
BE11
3E1D
3F34
3ECA
BE7D
BEC3
BE67
3FEC
3F94
BF69
BFA5
BE0C
BF08
BEAD
3F4B
BEE0
3F89
3D84
3EEF
3F3C
BF7B
3F46
3F21
BEA5
BD09
BFBF
BF8B
BF69
BD03
BFC7
BE37
3E5D
3E8F
BEE4
BF9F
BF4D
BE76
BEBE
BFD2
BF53
BF8D
BE4F
BF77
BF02
3D2B
BFD7
BF59
BECB
3EF9
3F8B
3F9C
BFEE
3F9B
3EFC
3ECE
3FCA
BE95
3F8E
3FCA
BF21
C001
403E
BF3E
BF16
BF10
BF10
3F7C
3F02
3E8F
BE06
3F24
3E77
3F83
BEA4
3F9B
3F4F
3ECF
3EF0
BF0F
BF02
BF58
BF97
3F87
3EB0
BF18
BFAB
BECD
4076
3E99
BED6
BE6A
3E15
BFDB
3DF3
3EB3
BEB6
BD00
BF77
3EA4
3F80
BFAE
BF1A
3F77
3FEE
3FD7
3E1D
BE10
BFBE
3DED
3F0F
BF88
BFBD
BE5A
BFB0
BF0B
3F17
BFB5
BFA0
BF4C
BE91
3ED2
3FAD
BED7
3DC3
BFA8
3EF2
3E25
BF2D
BF3A
BFBC
BF6F
3ED6
3F1A
BDCB
BEB9
BEC4
3F0B
3F8D
3F7C
BFB3
BEE7
3EF1
3E1A
3E66
BF79
BE09
BE19
3F5C
3F58
3F87
BF21
3F6A
3F85
3ED2
BF10
BE0E
3F8B
C006
BEAD
BE3C
3EF0
BFBF
3EE9
BED3
3F7B
BE49
BF94
3E3C
3F2C
3FB7
3E52
3E1E
3F96
BF43
BEB1
3F8D
3FAF
BFC5
3E82
3F0E
BF27
3F44
BEEB
BFBB
3FBD
BF1B
3FA3
BE57
3F6C
BF3A
3F86
BDD6
3FC8
BEAB
BDBB
BEB4
3EAD
BF53
3FBF
BE40
3F33
BE90
3F01
3FED
3E5D
3EB6
3F2F
3E94
BFD2
BEEC
3FDF
3F05
3FE9
3F7A
3FBC
3FC5
3F4C
BF24
BF4A
3F29
C011
3F59
3E56
BE5A
3EEB
3E3C
3EDC
BFAE
BE8E
BF29
BFF7
3DD5
BEAB
BF3C
3EBF
BF9E
3EEA
BF06
BF7D
BF51
BF87
BEF6
BE8B
BF07
BF87
3EED
3FB8
3F64
BEE9
3F1E
3EB7
3F9E
3F42
C024
3FAE
BED6
3EDB
3FCB
BE40
3FB2
BF9B
BDF9
BE60
BF39
3F0A
C00B
BF27
3F0D
3F7C
3E92
BFDE
3F3E
BF8B
BF18
3E0B
BEA4
BEE1
3F2B
3F24
BF9E
BF24
BFB7
3CC4
BCC5
3F2A
BF11
3EA3
3F24
3EBA
3FA6
BFA3
BFA0
3FDA
BFD2
3EA9
BEB0
BF90
3EC6
3E41
3F80
3DD3
BDBC
3DD1
BF1E
3F84
3F21
BEA8
3F7F
BFB7
BE72
BF03
BCC7
BE9F
BF7C
BE34
3F08
BFB0
3F68
BD1E
BF60
BEAA
BFC7
3EDE
BED5
3F87
3F8A
BF10
BEF4
BF7C
3F91
BEA6
BFD8
3E61
3F02
3FC6
BFE5
3F23
BEEE
BFAE
3EA5
3E31
BF92
BF26
4009
3E75
BE5C
4010
3E4B
3F47
BEA5
BF87
3CF4
3E7B
3E78
BFAE
3E65
BDE7
3F90
BE37
3F6B
3E1E
BDB8
3F3A
3F15
3FCB
BF3F
3E81
3F68
BF09
3D8C
BF25
3E9D
3E89
BE88
BED1
BF3E
BE75
3F56
3E42
BFD3
BEE8
BF99
BE85
3F24
BF5D
BF81
3FC0
BF89
3F35
3F4D
3F09
3F6A
3EEA
3D1A
BFA2
BF4B
BFCA
3ED6
3DF1
BFB0
3F56
4014
BF18
3E0E
BF58
BD41
3FF5
3F3E
C00F
BF40
3ED6
BFF3
BF9A
BE15
3E13
3DDD
BED3
3F3F
3FB8
3E29
401B
BF26
BF61
3F2F
3F7B
3F04
3FA3
3FA5
C02E
3DFE
BE01
BED6
3CE0
3E0C
BF39
3F84
BF3A
BE58
BF4E
BE34
BF0B
BDEA
3FFB
BF94
3FE1
3F1A
3DAB
BFBF
3F3A
BF22
3F40
BF45
3FCB
3FD2
3FB5
BE2F
BF55
BFDD
3F27
3E8E
BED3
3F0A
3F71
BF15
BD1C
3E0B
3E6A
BEE3
3D94
BF66
3EEE
BF15
BF1B
BF12
BF88
3F7A
BE91
3E8D
BF9B
BF57
3F42
BEBE
3FE6
BEC2
3C45
3F82
3F84
C00A
BFB1
3EE7
BC18
3FB6
3C65
BF9C
3FD0
BEF4
BF96
BEB2
3DB9
3F54
3FA8
BE9A
3FAC
3F8F
3E19
3F4A
3EE1
3F46
3F23
3F75
3DED
3FA6
BEBF
3E3D
3F1C
3F34
BF11
BEEA
BE7B
BEFC
3F89
BD81
3F69
403E
BEF8
BF8D
BFB5
BF69
BFAE
3EB2
3EB3
BE1F
3D21
4025
3F18
BF29
BF3E
BF28
BF87
BD7A
3EE2
BF20
BF92
BF8D
BEC3
BF7F
3FDF
BEFC
BDE8
BF4C
BED4
BE8E
3F78
BF40
3FB8
3E84
BFE0
BE02
BF8D
BF67
3D8A
3E79
3EF9
BE8A
3F7E
3F41
3F2A
3EC0
3E04
BFB6
3F8D
C012
3E31
3E54
3F14
BE94
BFD0
BE0A
BF8C
3F20
3F46
BE91
3F38
BE9A
3E0C
BFB9
3FF6
3F93
3F9F
3F63
3EA1
BDB2
BE3F
BF87
BE0F
3EC6
3CB6
BF98
BF8C
BE01
BF87
BF01
BFA9
3F96
BFDA
3F94
3F83
3FBD
3F89
3F0D
BF88
BF30
BFAB
BFB8
400F
BFD3
3FC2
3FCD
BF6A
4002
BF0E
3F84
3D29
BF50
BEE8
BD9E
3F1E
3F06
BF48
3E85
BF75
3F45
BF49
BD3A
3F73
BD03
BF34
C03D
BE33
3F98
3ECE
3ECC
BC66
C007
BF84
3F40
BF52
3F5F
3DCA
BF9D
BF5D
BFAC
3F56
BE87
BFC5
BEC8
BF2B
3F65
BFB4
3F99
3BA6
BF0A
BD15
BF44
BF53
BF0E
3E46
BF34
C020
BF42
BF8E
3EF7
BCFB
3DE6
3D68
BF31
BFCE
BEA0
BF72
3EB8
3FAA
BEB2
3EA3
BFE8
3E89
3E8F
BEEB
3ECD
403C
BF0B
3F2F
3E36
BDF7
BFE6
BDB5
BFEC
3FC4
3FE4
3F34
BE26
3E2A
BF19
3F25
BDAD
3F90
BF96
3F18
BF27
3EC9
BF88
3FA4
BF26
3F1C
3E9D
BFB6
3F10
3F14
3F26
BF55
3FAB
C033
BEB7
BF9C
3F7A
3F80
3F6A
3E90
BFF5
3EC1
BE3E
3F1E
C005
3F1B
BE12
3F0C
BE0D
BE83
3E10
3F57
3F84
BF49
BF3B
BEAD
BDD0
3FE4
3E96
3E48
3F4D
BE84
BFAF
3E9B
3F17
3F51
3F89
3F1B
3F9B
BFC9
BFBB
BE60
C023
3E73
3F9B
BF98
C00B
3F8F
3FD1
3E50
3F03
BFA8
BF56
BFFD
BFDF
400B
BF82
3F12
BEDF
C04B
3F3B
BEBB
BEBF
BEED
3F99
3F81
3EEE
3E11
BEFD
3EC0
BF72
BFE5
BFB6
3D8B
BEAA
BDDD
3F60
BF81
3FD6
3FAD
400F
BE37
3E12
C004
BFA2
BF53
3FA9
3FB6
BFF8
BF15
3CCF
BF8D
BFA0
3FBA
3E2B
BFBB
3F92
3E1D
3F58
BF58
3E94
BE18
3E71
3EBE
3F20
BF5C
BF77
400F
3F91
BC19
BD63
BF77
BF63
BEC9
3E9F
BBA8
3F46
BF86
BF54
3FA4
3E7C
C00D
BFB9
BDD8
3FA4
3E71
BF9B
BF35
3DF9
BF7B
BF76
BF47
3F2C
BE95
BF90
3F89
3ED5
3E89
3D87
BFE2
BF47
3F4D
BEA2
3F55
3E75
3E91
3EE5
BF8B
BF51
3F14
3F4F
3FFB
BF02
BFBD
3F35
3FC8
3FFE
3F81
3EE2
3F26
BE11
BFDE
3F2D
BEFE
3F32
3F26
BFA9
3EEB
3E1A
BEB4
3E35
3F1E
3ECD
3C06
3E8F
3F18
BE49
BFB0
3FA7
BF54
BE3F
3FC8
BFAE
3F83
BDF2
BF9B
BE2E
BFC8
BE55
3F6A
BFBD
3EFF
3F65
BFA9
BF54
3E38
BFA8
3E71
3F3F
BF6F
3FB9
3FC4
BF2B
3F2D
BE3A
3FD7
3DEE
3EC2
3E76
3EB8
3EBA
BFC8
BF11
3F3F
3FDB
BEBA
3F37
3F60
3EC8
BF08
3F9B
3FC3
BFFF
3EBC
BF08
3EC0
BF2E
BEB9
BF90
BEFB
BF7D
3EBF
3F32
BFF8
BF47
BF8F
3F82
3F26
3F85
BF35
BF23
3EC4
3F0B
3F81
BFD4
BD9A
BFC5
BFD7
3F01
3F3B
BE51
BFF1
3EEE
BF00
BEB0
3F9F
3EE3
BFA9
BF94
BFDC
BF37
BFBB
BF97
3FAC
BF2D
BEF6
401C
3F39
BF56
3FFC
3E5E
3FAF
3EC3
BE1B
3C39
3EE2
3D84
3E91
3F7B
BF0A
C008
3B9C
3FA2
BE6D
BF69
3F86
BFC9
3F78
BE86
3F0D
BF78
3FCE
BE6C
3FE4
3F5B
3F18
3FD8
3EF9
BF04
BFA0
3EFA
3E9F
3E91
3F34
3D92
3D0D
3EC0
3F81
3F45
BF5C
3F7C
BF8D
C002
3F56
3FEA
BFB8
BFDF
3EC5
3F60
BBA5
BFE3
BFA9
BF09
BFA3
BEED
3EF2
BEF2
BF73
3F6C
3B8A
4015
3F46
BE96
BF24
3EF3
BE29
3F33
BF96
BF81
BDD8
3BA1
3EF0
3F38
BE9C
3F5B
3F01
3FAD
BEA0
BE00
3CA3
3D9C
3F83
BFAD
3F02
BF09
BF2B
BEB8
C005
3F33
3F67
BF6B
BF16
3EE0
3D52
BD5F
BF55
3FAA
3F36
3F2B
3F5C
3F69
3FB5
BF90
3FC7
3F44
BE55
3F07
3C12
3EE6
3E47
BF6A
BFCD
BE62
BF9A
BFD5
BFAE
BF16
BFA0
3DDE
3ECB
BFB0
BEBA
BEED
3F27
3F87
BF26
3FFA
3E82
BFB1
3DEA
3F06
3F23
3ED1
BF50
3EFE
3F81
3F54
3F95
3FCB
BEB1
BF5C
3E88
BE33
BF28
3F81
3F2F
BE98
3F89
400E
3D68
BBF2
3F2C
BDF5
BE73
3E9B
C032
BFD5
BF27
BFD3
BF95
3F46
BF9B
3F9B
3D1B
BF9F
3FA4
BF19
3F1A
BDD8
3F92
3DA2
BF2F
BF8B
3F9C
3FE2
3F19
BEDA
BE7D
BF28
3F8A
BE58
3F9C
3F3D
BF20
BEA9
4000
BE3F
3FAE
BF06
BF8D
3F07
3F47
3EC6
BF55
3F0B
3F7F
3E06
3F25
BFA7
BE09
BF94
3FC1
3EBE
BE9F
BF0B
BFBE
403C
BF58
BF99
BF6E
C002
BE85
3F1D
BF94
3FEA
BFD3
3FB4
3D9F
3EDC
BEBF
BF92
3F72
BEFC
3EC6
BD6B
4001
BF33
BF92
BF86
BF27
3F63
BF26
3EF5
3E5B
BE05
3DD1
BE08
BF43
BFBB
BEEF
BFD6
3EDC
3E44
3FE2
3F12
3F5F
3EEB
BF09
3FA3
BF42
BE75
BDDD
BF1B
3F05
BE2E
BFDB
BF80
3EAC
BED2
3EA9
3E63
C02B
3EE0
3F4E
3E14
BEA6
BEAA
3EE1
BF2B
BDCA
3DA3
3FBA
3E49
BF5F
BEAF
4015
3F44
3D31
3E0F
C03B
BEF1
3EC5
3FC1
3E5E
3C5B
BF0E
BEDE
3F9A
3F04
BE8F
3F27
3F9A
C009
3EEB
BEA3
BF37
BED8
3FE5
BF1E
3F0B
3F73
BF95
C02A
3F83
BEE6
3F1E
BEBE
BF49
3F80
BEC7
BDF0
3FFB
BD29
BFCD
3F5E
3F60
3FA8
BF45
3ECF
BF69
BF3E
3D9F
C008
BD10
3F7D
BF23
3F8B
BF9F
3FAB
BFD8
3E91
BE82
401C
3F87
BE6B
4042
BF59
BE89
3DC7
3E01
BFAD
3F43
BFB8
BD01
BE9A
4013
3F1A
3F8D
BF55
BAA5
3EE8
BF89
3DCE
3F86
C002
BF9E
BEFE
BE89
BEB4
3F0F
BFA4
BFC7
4016
3FCA
3F17
BD72
3FA9
3E10
3F0F
3E94
BEA8
3FC5
3CB7
BCBD
BE38
3E84
3EE6
BF4C
3F06
3F9E
BF33
B9B1
BE99
BF5A
3FF4
BDE2
3EF8
BDA0
BE3B
3F7E
C006
BF29
BF99
BEBA
BF1A
3F84
3F44
3F9F
3FBB
BFA2
BEBA
3EDF
3FAC
3E92
BE57
BE1F
BE15
3DB5
BF13
BE40
3DF5
3FE1
BE22
BDA9
3FB7
3F14
3E56
BDE0
3F31
3DFE
BF6B
BF40
3E99
3ED1
3FF8
3F0B
3F9D
3F68
BE82
3F53
BEB8
BFC2
BF2A
3F0D
3F35
BF46
BF64
3F94
BF82
3FE0
3FAE
BBF9
3FE9
BE09
BF75
4013
BFB0
BD17
3B31
4002
BFC1
3EBB
3F3A
BF71
BE54
BF86
3F55
BF90
BF84
3F8E
3E9E
BDF0
3FBD
BF21
BF75
BE74
BD8B
BF8D
3F2C
BFC9
BF2F
3FCC
3F91
BF18
BDC2
BFA6
BED8
BFBB
3F8A
BF80
3EBC
BEFA
BF54
3F28
BFA3
3F74
3E90
BFB9
BDD8
3F2F
BC90
3DCA
3D82
3F1F
BF08
3F3E
3E04
3EC9
3FC3
3F1B
BE2C
BEBA
BE48
BF6D
3F9A
3FE1
BEE3
C056
3EA2
3F86
BF2C
BF6C
3C66
3FE1
3F01
3E90
3E8F
BFC5
BF37
3E92
BC76
3C47
BE0D
BC8C
BEA0
BE0D
3F12
BDBC
BF83
BC44
3FA4
3DC3
3E8B
3F3F
BFAB
BE4E
3D51
3F71
BD91
3E0D
3E89
BF8C
BF8C
BE2F
BF43
3F15
BDE7
BEA9
BFC1
3FC3
BEF7
BFB8
3F94
BF82
3F1B
3DBC
BFAA
3EF8
BEA9
3F74
BF6D
3D66
BF14
BE02
3FA4
BE9C
BE11
3F18
3F92
3FA3
BF05
BE6B
BE0C
BECC
BFFD
3F88
3E7A
3ED3
BEB3
3F82
3DB5
3FE1
3F92
3E8C
3F24
BF0C
BE11
3F92
3F8B
BF9E
3FA4
3F12
3EFC
3FBB
BFC0
BED0
BDD0
BF86
3EB6
BF42
3D40
4024
BFD8
3E31
BF46
3F78
3FEF
BEBD
3E4E
3FBC
BED7
BF1B
BF92
3ED7
3F8D
BE6E
3ECD
BF87
3F3F
BE9A
3FB9
3F55
3E91
3D5D
BE89
BEE6
BEFF
3EB8
BFA5
BFA1
BFA1
3F1C
3DF2
3F7F
3F0C
3E67
BD70
BE28
BF8F
BF97
BF7B
BEE4
3F46
BE02
3F40
3F13
BE02
BFBE
3FB5
3C95
3ED1
3F84
3E42
3F71
3F6D
3F2B
3F7D
BFAA
BEFF
3F94
3EA2
BF3B
BF3E
BF81
BDEC
3F34
3C97
3E8C
BEE9
BF3B
3F5C
BF03
BEB3
BD13
BF5D
3F24
3F20
BF1F
3F14
BF4F
BF95
BFC4
BD98
3FC8
BEE9
BECA
3F89
BF0A
BD65
4020
3EA8
BF3C
BF7A
BE76
BE35
BDC4
3F78
BD64
3D9C
3F82
BC42
3FE4
3E39
3FA4
3F6F
3F85
3EC0
BF43
3E95
3E9B
3F50
3EAC
3EFE
BF50
BE8D
3FFD
BF57
3FC1
BFBC
3F1C
BF9D
3F02
3E1B
BF51
BECD
BF24
BFDD
3F93
BF2F
3F8C
3F71
BE65
3FEA
BFEE
BF70
BEB1
BF77
BCF1
3FB0
3D86
BF68
4008
3ED3
3F2F
3F80
3F7B
3EBB
BF8B
3D07
BEA6
3EF8
BEAD
BF86
3ECF
BECB
BF55
3E1A
3F48
3EF4
BFE7
3FB0
BF4D
BF2F
4001
BFB9
BEA6
BF89
3E6F
BF91
BFF6
3F1A
BE24
C032
BF2F
3F0C
3EAA
BF56
3F9E
BE3E
BE61
3EFB
BFC2
BF83
3DAD
3FA6
4002
3F56
3F49
BD33
BEEB
BF50
BED1
BD94
BFE3
3F34
380F
BF5E
3F55
BF8C
3CCB
3FAC
3D73
BF9F
BF54
BFB0
BF3F
BE53
3FA2
BF31
BE9E
3E0F
3E29
3F08
3E10
3F19
3E93
3F2B
BF55
BEF1
3F4D
3F0D
3F1A
3FCC
BDC4
3F0A
BFD9
BF8B
BD78
BE2E
BF75
3FA3
BD64
3E9C
3E43
3F2A
3F1A
3ED1
3FBA
3C8B
3FC7
BF72
BFB2
BEDB
BE68
3FD3
3D2A
BF37
BEFC
BE17
BF8D
BF61
BFBF
BE81
3E7D
BF33
3F3E
3F27
BFB9
BF92
3CC0
BFCD
BF46
BF41
BE81
3F48
BF8F
3F6C
3FA6
3F89
BF90
3EC6
3E47
BE96
3F63
3F55
4014
3FA8
BEAC
3F94
BFB4
BEBC
3FDB
3F54
3F9B
3FD6
3F30
403A
BFC6
3FA6
BFB8
BF89
BFA2
BFBC
BF7C
3E8E
C001
3FDE
BEEC
3F6A
BF2F
BFE1
3FB9
BE60
BF4B
BF95
BFCE
3E5C
3F86
3E0A
BF8C
3F65
3E47
BF9A
3EC8
3F9B
BF90
3F10
BFCA
BF9A
3DF8
BFA1
BEAA
BF04
BEDB
3E88
3EC1
BB4B
BEFD
BFFA
3F6A
3E28
3F95
3F76
3F1C
3E6D
BE26
BD0A
BF43
3DE5
3DFC
BEA4
BED2
3F77
BF1B
BCF9
3F1F
BFCA
3D6D
3DB7
BF7A
BEFA
3E62
BF79
BF12
3F66
3EE3
3F3D
BF89
BF06
BE66
BF05
3F4C
BF35
3FC2
3FBC
BF79
BD44
BFD0
BF1B
BF0B
3E69
3DCA
BFAB
BE41
BF42
BF92
3ED0
3FAE
BFA4
3F5D
3F82
3DDD
BF9E
BF1F
BF33
BE42
BF9A
BFCB
3F6A
3F54
BEE5
C004
BF9B
3FA4
BE8A
C010
3F4B
3EA2
BFA4
BE96
BF38
3E90
BFA0
3F74
3F45
3F95
BF86
BF1D
BFB5
BEC6
3D99
3F56
3EC1
BFBB
BC67
3F9C
3FB8
3F11
BDD8
BFA9
BEC7
BE1C
BF80
BE0B
BECA
BE9C
3E92
BF3D
3FF4
4024
BF1E
3E3C
3F7F
3F35
3F57
BFE2
BE87
3EE0
BE81
3D91
3F6A
3FCD
BD06
3FC7
BFEE
3F7D
3EC0
BF0B
3F8C
3E12
3EDA
BF61
BF87
3FB4
BFF4
3F90
BE3D
3EEA
BFD7
BE7C
3ED1
BF11
3FA9
39CE
BD8B
3E96
BF54
3F0F
BF8D
3F96
3DB6
3F7A
BDB9
BF1B
BF17
3E24
BF5D
C00C
3F39
BF49
3E82
BEDD
3FDA
3EC8
3F61
BF41
BD57
3F30
3E7B
BF8A
3F26
3F29
3EBA
3F37
3F64
BF27
BF9A
3FBB
BF9D
BDB0
BF21
3F0E
3FE4
BE84
3F17
3DD7
3E32
3FD2
3DAF
BE57
BB4D
BF11
BEFC
BFA7
BEE9
BF67
3E14
3F3B
3EE3
BF8E
BF07
BF99
3F28
3F3A
BF80
BF53
BE68
BF1C
BD9A
BED3
3DD6
3E31
BE65
3E3E
3F96
3FC8
3F60
BFAA
3F0E
3F27
BD5D
BF0A
3F0F
BF30
BDC2
BF1A
BF20
BFDD
BF09
BE96
BEAC
3DF9
BF76
3F7F
BE3C
3FBD
BFC7
3F12
BED1
BF12
BE6A
3FA1
BF9F
3D9A
3F43
3E73
3EEF
C02D
BFB8
BF8F
3E9F
BE40
BFBB
BF03
3E9C
3F07
BFD2
BF68
3F97
3F8A
BE46
BE65
BF22
3F3B
BEC0
BF17
3F5F
3FC3
3FD8
3F58
3EDF
3F01
BF2B
3F67
3F01
BF0D
BF58
BEBC
BD84
BEF5
BFA4
BF01
BE86
BF8E
4001
BFB0
BE04
3F90
3F82
3FD7
BDF8
3F02
3C9B
3F01
3EDD
BE38
3F08
3F06
3FD5
3ED2
3E48
3FB5
3F15
BF4B
3FB2
3E91
BD64
BEDF
3FB1
BEA3
3F93
3FC9
BE65
BFDD
BF49
3F6D
3F13
3D07
3F84
3F2B
BEA4
BFAC
3F3B
BF06
400C
BF59
400B
3F2E
BF8E
3EED
3FA2
3FB4
3F8F
3F0E
3F24
3F86
BF08
3EA2
BDF0
BF02
BFBA
3FD1
3D04
BF93
3F4D
3E83
3F41
BF9B
3E90
3E1C
BD80
BEC7
BEA5
3FB1
3E88
3F47
BF9F
3F29
3F80
BDC3
3F19
BF46
3F1D
3FA1
BE8C
3E71
3EE0
3FC2
3E6D
BFAA
BED9
3F67
BD79
BED8
3E84
BFD9
BDAC
3F93
3F18
BEC2
3FFC
3ECB
BF65
3F2C
3F78
BE48
BF7D
BF68
3E41
3D9D
3F66
3E5A
3DB3
3D9B
BF76
3F79
BF85
BF8F
3EBC
3F5A
BEF6
3E90
BF84
BF7C
3FE2
3FA8
BEFD
BF97
BEA4
BF4A
3F56
3F10
3ED1
3EE3
3EE9
3F1B
3F80
3F34
BE94
401C
BDB5
BE99
3C8B
3FA4
BF73
400B
3F5C
3F1D
BDA8
BF11
3FBB
3E5A
BEBF
3F72
3FAF
BE45
BF98
C009
3FA1
BF0F
4056
BE8C
BDF7
BD98
BE7D
BFB2
BF6C
C010
BF6E
BEFA
BD90
3F5A
BC1E
BA3D
BCD5
BF44
BF9D
3F3B
3FA8
BF90
3FA2
3F01
BF64
BF9F
BFDD
3F80
BF39
3F93
BD3E
3F0C
BF51
3EC4
3FAD
3EF7
3ED4
3EA6
BF54
3F5B
4005
3F84
3E2F
BEEC
BFDF
C00E
3FEA
BFCC
3E3D
BF59
BFA0
3F3B
BFC9
BE1D
BEA0
3DC0
BE8F
3F9C
3F93
BF79
BF08
3F05
BED1
3F42
4049
4006
3F90
BF1B
3FCF
BEED
3F71
BECF
3CE8
3FDF
BFA8
3F41
BEBC
4012
3F99
3F4C
3ECE
BFC0
BE09
3FCF
BF82
3FAB
BF62
3F38
BE9B
3F77
BE83
C03A
3F80
3D4D
BF85
BEE3
3CFA
BEB7
3FC5
3FEB
3F46
3F82
BF07
BF6A
3EF2
3FAF
BE73
3F60
3F96
BE84
3FFC
BF88
3F8C
BF87
3CC6
BEC4
C00B
3DD2
3FF2
3D3C
3F0E
3FB8
BE1F
C018
3DDB
BD6A
BF61
4018
BF8A
BEC5
3F10
BFA9
3FCE
BC44
3FC2
3ED9
BEDA
3F11
BFB8
BE93
3FC6
3ECE
3D6D
BF39
3EC6
BF48
BFDE
BE5B
3FCC
BD60
BF7B
BE85
3E73
3F9B
BF8A
BF9F
BF59
BF7E
BF47
3E52
3FC6
3F0C
BF74
3D67
3F1A
BF7F
3FB0
3ED6
C017
3F07
3EAA
3EFD
3F18
3F9F
BDD5
3F79
3E93
BF53
BF2A
3DA7
4001
BD8E
BE44
BE1A
BF08
400F
3CE9
BEE1
BF79
3E9B
3ED5
3F2D
BD60
3F4B
3F51
3E97
BE1B
BCEE
3F9E
3F5A
3E87
3F6F
3FA4
3DC5
BF04
3FA1
BE84
BF5E
BFD9
BFA9
BF96
BB46
BED9
BEF8
C009
BF76
3E5B
BF8B
3DDE
BEC0
BF1B
3EBD
3F8B
3E25
BE50
3FC2
3E6F
C016
3F83
3F57
BCF5
3F61
BE94
BEBE
BE8A
BE7C
4006
3FA5
BFD6
BF1E
BE16
BFE8
BF62
BF1E
BEB5
3ED6
3F68
3F27
BFAD
BF17
BFC5
BF84
3F02
BECD
BF7A
BF4F
3EDE
BF4F
3E53
BF89
BE9F
BF70
BEF2
C012
3F1C
3F26
BF9F
BF07
3D87
3F3F
BFB8
3F44
3EDC
BF10
BF6C
3F9D
BEEF
BF95
C00D
4017
BF86
3FFF
3FD4
BEFE
BEF5
3FAF
3DC2
BF8B
3FAC
3C52
3F49
BEF6
3F81
BFEF
3F9D
BEC2
BFC0
BFB0
BF24
BE99
3FC1
BDF3
3F48
3FA9
BF56
3F25
BFDF
BFCA
BF18
BC4C
C002
3F88
BF6A
3FA2
3FE2
BF0F
3F86
BF6D
C01F
401B
BF3E
BFA9
3F24
BF76
3EBC
3F83
3F77
3D97
BDB1
BEE8
3F60
C017
BDFC
3F89
3F1F
BEA5
BDF5
BEFD
3F8D
BE1A
BFAE
3BDC
BF8A
3ED1
BFAA
BD8F
BFD4
4051
BF54
BF96
BF13
BE17
400E
3F16
401B
BED0
BF82
3E38
BF30
BFD7
3FE3
3FF7
3F0B
BF06
BFBD
BF0B
3E9D
BF64
BF54
3F22
3FA2
3D88
3F15
3F28
BFA3
3F50
3F8E
3E22
BF24
3F8B
BFCC
3F84
BF64
BF8B
BEFC
BF15
BF69
BDB3
BF09
BEB5
3FEB
BE08
3EB1
4004
3F0E
3ED7
BF9F
BF07
BD87
BF81
BFD1
BE3D
BDD5
3F83
3EE6
3FFE
3DE2
BEBD
3E1F
3F14
BFC5
3FDB
3E75
BDA2
3F7D
3D4F
3E16
3E2E
BE5A
3F0E
3E88
3EA2
BFC6
BE45
3DFB
BF93
BE5E
BF98
BE9D
3D1C
BF05
3F7C
BEC6
BE45
BF81
3F69
BF18
BDCD
3E87
BF8C
BF28
BF37
3F9B
BE52
3FA3
3D9E
401B
BD34
BEC7
BDA0
BF6A
BF4F
3FD6
BFED
3DC2
3E73
3F1D
BFDD
4011
3F4F
BF89
3EBA
3F3E
BEB7
BFCE
BDCF
BEB2
BEA5
3EA0
3CCE
3F5D
3F8E
3E41
BCA9
BF22
3FF1
3E2E
3FAB
BF89
3F7C
BF51
3F12
3F95
BEE9
3F79
BE2D
3F24
BEE0
3F2C
3E5C
3F6F
BF58
3CBD
C01C
BF7F
BF06
3F32
BF22
3F98
3F89
BE97
BEFC
BEA3
3FB9
3FE0
3F21
BF3E
BE54
BFD9
BD40
C019
3EEC
3F8D
3F27
BFB4
3F3E
3FD3
3E8E
3E94
3E27
BF56
BF50
BF10
3ED2
BE46
BF0E
BEF6
BF90
BE23
401F
BEB9
BF91
3EE6
3E19
BF82
BEF8
BE11
C00F
BFE5
BEAB
3D8A
BFB7
3FCB
BF49
BE8C
3DDA
3E88
3E14
4000
3F74
BF5D
BF2B
C003
3E24
3EDA
BFB2
3EA8
BF7D
3A88
BF91
BD42
4043
BFB5
3F11
BF48
BEEE
BFED
3C12
3F69
BDD6
3E89
3F95
3E11
3FF4
3E1B
3EA4
BEBD
BE63
3F43
BF94
BF18
BE55
3D21
BFEA
BF38
C01B
3ED2
3F81
BFA8
BF25
BF1A
3EA5
BF38
3F4A
3E81
BE39
BF9F
BFDE
BE4D
BED5
BE92
3D70
BE72
3F0C
BF05
3FB6
C041
3F0F
BFE6
BF94
C027
3F09
BBA4
BF2E
BF1A
BE8B
BF6D
3F9B
3F07
BFE2
BFA9
BF0A
3FB5
3F87
4020
BFC9
BF5D
BF69
BE15
BF65
3E0B
3F20
3FCA
BF1B
3FB9
C042
BE85
3F22
BE8F
C009
3FA6
3F53
3F63
3F3E
3FBE
BE01
3F26
3F2A
BE45
BFA8
BE7A
BDE6
3F10
3F99
BF1F
3F18
3EA7
400C
3F2C
3F72
C00D
3D4B
3F8E
C007
3F8C
3F09
3FD6
BEA9
BFA8
BDBD
3CBA
3ECC
3F46
3FBF
BF6B
3F52
BF57
3EF0
BFB1
3EA0
3EEE
3F10
3F1C
3FE2
BD9D
BF9F
3F97
3E84
BE50
C003
3ECD
3FA1
3DAC
3E11
3F14
3E97
3F8D
3F9C
BF91
3E00
BFA0
3F86
BFA6
3C05
BFA3
3E26
3EE7
3FA7
BF92
BFE5
BF0A
BFEF
4016
BFD6
3CC4
BFA3
3F80
BF71
BFF9
BEF1
3EDB
BEC8
BFA0
3EBA
BF95
BEC3
BF7F
3EFD
3F54
3E99
BEB3
3E3C
3EB4
BFA1
BEE5
BF1C
3F5B
BD37
BD9A
3E8F
3F1B
BF8A
BFFA
3F1E
BEA0
BE47
3FA3
3F00
BF2A
BE95
BE95
BF20
3F29
3F80
BD05
BF5D
C013
BF8E
BDAE
BE70
BF34
3F5A
BED6
3F09
BED3
3F7D
BDFF
BF78
3FAF
BFA1
BF8E
BE5D
3ECA
3FB3
3F08
3FFF
BF64
3FA0
3FEA
3F78
BEB8
3FA0
3F77
4004
3F85
C003
BEC5
BF69
3FF5
BC97
3F45
BE57
3F8F
3E05
4010
3BB3
3FD8
BF69
BD93
3E82
BB89
3F60
3FCF
BF00
C006
BFF7
BDF4
3F61
BF44
3EE2
BDF2
BF28
3D82
BFD5
3EDD
3DD9
3E1E
3F9E
3DCA
3EB5
3F96
BE4E
BF9B
3F3F
BF9F
3E46
BF4A
3DB9
BFA2
BEC5
BF3F
3F08
3E02
3F8F
3EA0
3F5A
BF4F
3F09
3EE0
3F8B
3FA7
BFD0
3CC6
BEAA
BF3E
3F26
3FA1
3DC1
3F4E
3F24
BF81
3F8B
3E89
3DD1
400E
BDAC
3F82
BFE1
3E9A
BF08
3E93
BF7C
3F84
3F09
BF29
BF97
3F1C
BB96
3EBA
BF73
BF47
BE90
3EB5
3F5A
3F8E
3F23
3EBA
3F1D
BF99
3F60
3DF7
3F2E
3EC8
BEC2
3C4E
3E27
BE09
3EF7
3F3D
3EC9
BE87
BE48
BB81
BE84
3F18
BFA9
BFC6
4017
BEB8
BEC8
C02E
BFE0
3FDB
3DD5
3F1A
3F18
BFF7
3D96
BF05
BF30
3FAC
3F47
3F43
3F48
3D8A
C035
3F3D
3D01
BEB8
BDBD
3FCB
3F8C
3FB8
3F95
3DAF
BFC2
3FBA
3F9B
BE9C
BF4D
3E67
BE58
BDF4
BE4E
BF2B
3FB4
BEF5
3F22
BFB6
3ED5
3F04
BF1F
3F90
BF0E
3EF5
3F5B
3F00
3EA7
3D9E
BEC1
3F37
3E52
BF0F
3F49
3FA2
3EC9
BF3C
3F82
3FE9
BFA9
BFA8
3EEA
3DB0
BE96
BF12
BEEF
3DA0
3EBD
3FD9
BF49
BEEB
BF3E
BF1B
BFBA
3F23
BDE3
3FB6
BF3B
BF83
BF0E
3FD3
3F50
3EAD
3E0D
BF03
3F85
3FDA
3EE4
BFA4
BDC4
3FB0
BEFC
3FD2
BF91
BE28
BF0E
3F83
BF66
3F1C
3FA1
3FC3
BF15
3FEC
BFD9
4004
3E69
BE69
3FA9
BE17
BE83
BE9D
3F02
3DB1
C005
3E6E
3F07
3F6A
BF8E
BF8D
BEFE
BEE2
3F50
3D2F
BF31
400B
3DB1
3F3E
BEA3
3FF0
3F0A
3EEC
3F2F
BE05
3F17
BFB6
BFA8
BFBA
3F96
3FB7
BF90
3D4B
BE86
BF96
BDD8
BF81
C008
3FB8
3F12
BF5C
BFAA
3F45
BF94
3D9A
BFA1
4008
BF7B
3F87
BF90
BFD5
BFC1
BEA2
BE1B
BF8C
BF6C
BE59
BE33
BEFF
BF2D
3F10
3FF3
BD04
3E42
3FB3
BFAF
3E41
3EF5
3E4E
3E12
3F1F
3DB3
BE90
3EC3
C004
BFBD
BFB5
3FAD
BFC0
BEBA
3EB0
3EB9
3F82
3EC8
3F86
3F5E
BF8B
BE7D
C02A
BDD8
3F09
BF5B
BF23
3F04
BFA5
BF76
BEC4
BF6E
3EE4
3FEE
BE33
BE34
BF11
BF95
C005
3FDF
BE8C
C00E
3FA6
BECC
401B
3F11
BF50
BEBB
3FE5
BF48
3EB6
BF4B
3DDC
3F18
3F80
3C32
BF17
BE44
3D23
BF31
BF22
3F2F
3F35
BEB8
3FA1
3F96
400E
BFA2
3E64
3FC5
3F4B
BF55
BF7B
BEFA
4013
3F55
BF0A
BF71
BF52
3FDA
BF1E
3F0C
BEDC
4010
3FB1
BF1D
3F86
3FA6
BE3F
BF12
BF96
3F28
BE63
3FB1
BB94
BF62
BDD3
3FD2
3F91
BEFE
3F5C
BF15
BFA5
3F09
BF25
3DA0
BF96
BDB9
3FF8
BF96
3EF2
3F6B
3D12
BF5B
BF43
C008
BF1C
3E11
BFBC
BFBE
BE40
BF91
3D35
3FE2
3F0C
3F6E
3F18
BF27
3DBA
BFC1
BE3D
3F1D
3EDB
3F04
3DC4
BF58
3E90
3E6F
BD2A
BFDF
BE32
C001
3E6D
3EE7
3FB6
3DDC
BEE9
3FBB
BFF2
3E0E
3F56
3F27
3FA2
3FA2
3F38
3F23
BFD0
3F79
3FFD
BFBE
3FA3
3F27
BE89
BF0F
BE5F
3F12
BE89
BFE2
3ECC
3F29
BCFC
BF73
3F12
3E8D
3F3E
3FAB
3F14
BE60
BE95
3EBE
BC08
3EC5
3F92
BED7
3E28
BEFE
BACF
BEFE
BF2E
BE85
3FB6
3DE6
BF6F
BECD
BED8
3E99
BEA9
BFF8
3FBF
BE8C
BF83
BF51
3FD1
BEEB
BEF3
BEBB
BF05
3F95
BEE9
BF61
BFA9
BE2A
3E7A
3F84
BF88
3FBA
BF6B
3EDF
3F87
BF84
3E94
BF36
BFAC
BDC9
BFB2
BD6F
3F23
3E56
3FD4
3F62
C00F
BEAB
BECE
BF06
BD65
3D77
3F42
3F38
C029
4026
BF08
3E53
3EA0
BD55
BF03
BEEC
3FB4
BE26
BECC
BE91
3E57
3F1F
3FCD
BF0D
BFBC
BF97
BE0D
BF12
3E95
3F0D
3F46
BFEA
BEB8
3FA5
BE52
BE61
BFDC
3E59
3EC6
3FAF
BF8C
BDB7
3F82
BF80
BC0A
3F59
BE48
3F86
3F0C
3EB8
3E5A
BF41
BE67
BE23
BCD7
BD0C
BEF8
3E26
BFE8
3F60
3E9B
3F70
BE3E
BF75
3E65
BFAE
3E84
BFAC
3EE8
BFDB
3D54
BFB2
3F3B
BF92
BE81
BEB0
BF4F
BF89
BEA7
BFE1
3C87
BECE
BF2D
3FBA
3FB8
BE3B
3EB4
3EDF
3F45
BCEA
BCEA
BEBE
BF26
BFD8
3DA0
BF98
BEDD
3F90
3F9D
3ED3
BE6F
3F1A
C00E
BEA3
BF8A
BF9F
3C97
BEA2
3F2C
BCBD
3E1D
BF0A
BF5E
3E7A
BF98
BF80
BFDF
BFAA
BF29
3DCD
3E81
BE23
BF62
3FC4
3FEA
BE65
3F89
3FC6
BEFD
BE47
BFD2
BF1D
BF72
BF93
3FB7
BE6D
3CA7
BD87
BEA3
BF80
3E82
BF96
BFB3
3D1A
BF1A
BEAE
3EB2
3FB0
BE91
BF06
BEBE
3F83
402D
3F83
BF8E
BF9C
BFDA
BE8E
3F07
BF83
BF31
BF9D
BEAE
3F37
3F35
BFAB
3F9E
BEE4
3F1F
BF11
BD9D
3F4D
BF93
BF19
3F82
3EF9
3EB6
400C
BF52
BFC2
3E09
3F8A
BF28
3EFB
3F26
3F1B
3F9F
BCA3
3F2A
3FED
BFE9
BE9D
3FB9
3E01
BF5C
3FDD
BF7F
BF68
BE3C
BF46
3F4F
3E85
3F3A
BF23
BFBA
BDBC
3F60
BE00
BF91
3E81
3EF6
BEBD
3E4C
BEEB
BF09
BF76
3F06
BE6F
3F83
BF74
BF91
BF7F
3EB0
BF33
C018
3DEC
3FDA
BF12
BC9E
4004
3F42
BF62
C020
3E3C
3EA1
BF13
BE83
BF0A
BF17
BD3A
BF9D
BF15
3FC7
BF28
3EF2
3F42
BFA1
3E95
BFED
C01B
BF57
BFB8
3F91
BF1C
BF85
BF91
BC63
BE22
3C4C
BFBE
3F88
BC16
3ED1
BED8
BF91
3F00
3F8E
3FA8
3F4E
3FA6
3EEA
3FDD
BFD4
3F65
BDDC
BF52
BE84
C01F
BF4A
BE91
C00D
3F4A
3FB1
BFEF
3FB5
C006
3EDD
BF66
3C88
3EFF
BF46
BDEF
3F5D
C008
BE83
3EE9
3F2E
3F9D
BFD8
3F76
BE2D
BD80
3E78
3ED0
BEAD
3ECB
3ED8
BE96
BCF5
3F37
BFA5
BE9F
3EC2
C033
BD88
3F90
BF84
3F41
3FA2
3EFE
3F32
3F7B
BE88
3F51
3E62
3FA5
3F69
BE14
BF01
3FE3
3FAC
3F4B
3F49
3FE3
3D94
3E8B
3FA7
BF1D
BD9E
BFA5
BF54
3FDB
BE5E
3F90
3F8E
3DB8
3F59
BFAC
BE64
BF1F
BEA2
4012
BF4A
3F1B
3DA5
BF97
3FC4
BE83
BF97
BF06
3F21
3D97
3FA6
3FF1
BF82
BE81
4021
BF17
BF80
3D95
BDA9
3FA0
3F43
3FCE
BEDB
3FC2
3DAA
BF97
BEC7
BFDF
BFB7
BE8A
BF8E
BFA0
BF80
3F4A
3F3B
BF77
3DAD
3E4F
BFBC
3F82
BF2E
4038
BF70
3F01
3D35
BD80
BF4A
3F92
BF51
BE79
BED8
BEE3
BF7D
3E3E
BFD8
BDE6
BEF8
BF7B
3EF2
3F62
3F10
3E4E
3FA2
BF06
4017
3F1A
3F2C
BEAC
3F1C
BE8D
BFEF
BF2F
3FE0
BFAE
BFC3
BE90
BFD2
3F29
BEEE
3F90
BFD8
3D90
3F8D
BECE
BF78
BE9E
3ECB
3EC0
3EB5
BE8F
BE35
3CE9
4007
BFBC
BF57
3FD7
3F17
BF5D
3FBB
BB2A
3EE1
3F06
3FA0
3F88
BF0C
BFD6
3FB4
3F6B
3FBB
BE40
BE40
3D00
3F95
4001
3F18
BE7C
BEBD
BF76
BFBD
400A
3EB0
BE86
BF8F
3FE2
3FA6
3F13
3FEA
3D69
BF39
BFE1
BF8F
3F32
3E73
3FB6
BF32
4030
400E
BF8F
BF29
BF8B
BE96
BFB1
BD30
3F78
3EAE
BDBE
3EF4
3F68
3F0E
3E80
BFFE
3EBC
BF3A
BF2F
BEDB
BFB7
BF0A
3C9D
3F38
3F9C
BF81
3F0D
3F66
BF1D
BF7B
4029
3F2B
BF4A
3F17
BFBF
3FD5
3F08
BF8A
BEBD
BE18
3F18
3F17
BFB0
BFAC
3F8C
3F18
BFA4
3EAE
BE02
3E3F
BDCF
BDB1
3F1E
BFF0
BFEE
BF42
BFA4
3F51
3F34
BE86
BF84
3EF7
3E7B
BFBC
3F44
BFA4
3F47
BE8C
3E5C
3F67
3F7F
3D7C
C015
3E8A
BF86
3F37
BF17
BEE1
3FD0
3F7F
3DE9
3F72
BF27
BF8F
BFE9
3D2C
BF97
3ECD
3FA9
BED8
3F8B
3F4B
3F38
BF59
BF32
3F8B
BCC8
BF9D
3F32
BFBD
BEC4
3E84
BEE7
BDDC
BEF0
3FA8
3F95
3E79
BD2D
3DE6
C004
BF2F
BFE8
3FCB
400E
4023
BF8E
3FEF
3E25
BCD7
BEFF
BF55
BF29
3EB6
BF1E
3F27
BF4A
BE6F
BF69
3F0D
C057
3FB9
3FDF
3F88
BE99
3F47
3F07
3F86
BFC1
3FEE
BF2E
3F1C
3F6E
3D86
3E06
BFA7
BF2A
BF13
3F29
BFED
3E83
BE69
BF81
BFE2
3F1A
BED4
3E5B
BF85
3E60
BE61
BF83
3F0E
BEAA
C026
BF52
3F17
BF85
3F8D
BF76
3D88
3DF1
BF5D
BF13
3F01
BF57
3D8B
3F1D
BD0C
3F0E
BF8A
3F8F
3ED3
3FB5
BF70
BFB8
BF42
BFF1
BF42
BFCC
BF07
BFAF
3F40
4011
BE53
BE7F
BC1B
3EEF
BF04
3E67
400D
BE92
3F02
3F81
BE75
3D8A
3EBF
BFAC
3D9D
BF78
C020
BE7D
BFB1
3FD3
3F41
BEB9
C007
BF8E
BF89
BEA7
BE1A
3D56
BCD9
3FCD
3C4D
3F8E
3EAF
BF3D
3F82
3EBB
BEED
BF00
BFBB
3FCC
3F96
BF6F
BEC7
BFA7
BEFD
3F55
BF95
3FC2
BDB2
4033
3EC5
3FE7
3FC6
3EBA
3F0B
3E89
3F59
3FE0
3F90
BF71
3F7B
3F22
3F53
3FAF
3F7C
BD86
BF5A
BF4D
BF91
3F0A
3F20
BEFE
BF25
BF0C
3E9D
3DAD
BE83
3EE2
3EBD
BED4
BFA2
BDAF
BFFD
BF1C
3F61
3F6D
3FD7
3EB2
3FA8
3F01
BEB4
BED9
BF67
3F3C
BED3
BE04
BE9D
3F23
3F22
3D9A
3EE3
3F43
BF13
3F8C
BE89
4007
C027
BD83
BF80
3E84
BEAD
BF4C
3F84
3F61
3F7F
3EF8
3F0F
3F05
3F0B
3EF6
BFED
BE52
BF6C
C007
3EC1
BEC7
BDEE
3F7C
3E8F
BC30
3F9D
BF1C
4078
BD80
3FD0
BDAA
BF3F
BF68
3B5D
3FB5
C005
3FDD
BF0B
BD89
3FD7
3E9A
3E70
3C89
3F26
BF7D
BECA
3F3D
3FD3
3F5B
3FE0
3ECB
BED6
3F53
BF6B
BD35
3FDD
3FE3
BE44
BFAD
3FEF
3F1F
BFEF
BE9D
3F55
3F59
BF85
3F08
BF71
3F70
3F80
3FAC
3E08
3FAA
3D85
3F24
3D80
BF3E
3F5D
3F5E
3FD8
BF74
3E47
BE34
3F3B
BE49
3EB9
3F5C
C021
3FF3
BF80
BFB5
3F7E
3D01
BEA7
BFFA
BED8
BEA7
3E80
BFF5
BD8B
BF04
3F46
BEB5
3E82
3FA0
3F32
3E9E
BF20
3D14
BE8F
3F0E
3FEE
BEDC
3E55
3F90
3E9A
3D3C
3E06
3EF0
BE90
3E57
4013
BE91
3DC3
BFA4
3FAB
3FA6
BF52
3F0B
C00C
3FB7
3FAE
3F82
BFED
3F13
BEE4
BE57
BEA4
BFE5
BEE7
BED8
3F04
BF1B
3FD8
C011
BF83
C003
BFA5
BF17
BF14
3F56
3F45
BF43
3FB7
BF4E
BE7C
BE86
BE42
400D
3F2E
BED2
3FC2
BFA5
BF58
BE54
3FAD
BFE4
BF56
3E82
BEB8
3ECC
C013
BEB0
C003
3C27
BE37
BF62
BEEE
3F09
3EA5
3E6F
BE80
BF5B
3F02
BF83
BE5F
3F83
3EC3
BFF3
3F0D
BF41
BFF9
BF12
BF92
3F37
4005
BFC0
3FC6
4012
BFB5
BF79
BFF7
3F2D
3F12
BFDC
3F4C
BF07
4009
3FCC
BE90
BF15
3F7F
3F48
3D7B
BC9A
BFAC
BF76
BE5F
3E66
BFD7
3F0B
3F10
3E2F
3EC4
3FAE
3E31
BF03
BEC6
BEBE
BE37
3E14
3F90
BF09
BEBE
3E8C
BFC2
BF21
3F51
BFA7
3F83
3FE9
BE3A
BFC9
3D46
BF96
3E86
3E80
BFBD
3F25
3F9C
3E28
BF3C
3F9F
3D4C
3E2A
BED8
BFA4
BE93
3E91
3D38
BF4F
BF1E
3BC0
3EB3
4004
BEA0
BECB
4014
BF0F
3F2A
BF02
3F76
C01C
BE86
BFA5
C013
BF9F
3FC8
BF20
3FC5
BF58
3FDD
BE8B
BF70
BF3F
3DD4
C00F
3F46
BDAF
3F82
3FC3
BEEA
3F71
BF97
BEEB
3F8E
BF18
BFB3
BF08
BEDC
3F24
3E56
3F0F
3F85
3F84
BF02
BFC7
3F72
BE84
BED1
3F23
BF04
BF65
3F65
BFA5
3F27
3E96
BE3D
BF60
BF65
3E73
3FE4
BF48
BE87
BE1C
C006
BEA9
BEAF
BF40
3F6C
3E76
BF11
3EDA
3F20
BFA3
3F83
BFD0
BF78
3F70
3E94
3E3F
3E70
BF22
3F74
3FA3
3F26
C01F
BE6D
3FCC
C007
BFAA
3F06
3F87
BF63
BEDF
BF9F
BF94
BF30
BDD4
3F43
3F77
BFE7
3F69
3F8A
BFC6
3F0E
BEA6
BEAB
3F31
3F86
3FC4
BF94
BF6B
3F15
3F36
3E40
BFC7
BFF0
3F4E
BEC5
C011
BF26
3E19
BF95
3F81
3F39
3FE2
3F10
3EF7
3D58
3F1C
BF9D
BFC1
BFDE
BFB9
BF0F
3FAB
BC98
3EE9
C00A
BF20
BE01
3ED3
BE77
BFA5
BFCE
BFE9
BFB5
BFBC
3FA2
BC9C
3DAE
BF74
3F93
3F8B
BE99
3F1B
BFB4
BF67
3FDB
BE2B
BFBC
BF41
BF12
3FAA
BFDC
BD1A
BF5C
BFC2
3CD1
BF7A
BD8E
BF3E
BE85
BE22
BFAD
BF61
BEF6
4027
BDB9
C00D
3F45
BF40
BE18
BEBF
3EF8
BE34
BE80
4029
3FBB
3F40
3DF1
3FB5
3F38
3EB0
BE62
3F13
3FD2
3F37
3FA9
3E3D
BE24
BFA2
3B9F
3E1E
BFB3
BF62
BF96
3FA6
BF25
BF6E
3F16
3F2D
3E9D
3FE1
BFB4
3F97
BF48
3F6C
BEE5
4048
C012
3E12
BE8E
3F1F
3DBC
3F09
3F3E
BF2D
BFC4
3F44
3E54
BE04
BDEE
3E6E
3ED8
BE30
C000
3F2C
BF86
4002
BFFE
BFBC
BF2C
3EFA
BF0F
BDA8
3F6E
3F88
3E67
BF49
3EA5
3F52
3F9C
3DEC
BF19
3E0F
BF31
3F4F
BE9B
BF8B
3ECA
BFD1
BE87
3ECE
4014
3F8B
3FD2
BEE1
400D
C003
3D78
BFCB
C073
3F3D
3F0B
BFC5
BEE8
BEDB
BF22
401F
BEB7
BD89
4005
BF60
BF3E
3C0B
3EF1
BFA8
3E7D
BFD2
BDC3
BE27
BFA2
3E19
3E5F
3F33
3FF5
BF19
BF36
3DD8
3FF1
BD5E
3F5E
3FCA
BF4E
3ED8
3F8D
3FEF
3F0E
BFAB
BE4D
3FC4
3E65
BF1A
BFE1
3FA1
402C
BFE1
3E13
BE92
3FA4
3F89
BF4D
3F84
3F5E
3EB3
BF49
BF84
BE39
BFA5
3E81
BFCA
3F2C
3EDF
3EB6
BD25
3F9F
BF9A
BF20
3E95
BF32
3F84
3D26
3C25
3E10
BF8D
400A
BFA0
BFA8
BF9D
BF64
BFA7
BF15
3F1E
3F23
3F84
3F09
3DC7
3F97
BF0D
BD60
BF2C
BFA0
3F9B
4002
BFA4
3FF4
BECB
BF9A
3D85
3E0A
3F8C
BF2E
BE10
BD90
BE85
3F32
C04E
3ED8
3F3E
3FAE
3CFD
BF25
BF01
BF3D
BE8D
3F8D
3E97
BE0E
3E90
BF8A
3F7B
3F9E
3FD4
BF20
BFA1
BF68
3E67
BEA3
3FAE
3EA9
BD0B
BF4E
BFC3
3ED6
BF36
B8EC
BFEF
BF7A
3F24
3A91
3E9D
3FE2
3F23
BEAC
3F05
BFAB
BF7B
BAE8
BEB8
BF38
3F5A
BD74
4017
BF0E
BEBD
3EBA
3FC5
C018
BEA4
3E59
400A
BEA4
BF07
BE68
3ED9
3D95
BF0F
4008
3F3E
BFC5
3E26
BFF6
4003
BFB1
3E83
3E51
BF95
3E80
3EF3
3EE7
BDEA
3F80
BFF3
BECE
3FEB
BDD6
BEC9
BFD3
3F25
3E42
BE0F
3FA6
BE73
BF65
BFFB
3FD1
3F32
BF49
3F9D
3FDA
BEBE
3F1A
BE7D
BF59
BF62
3E08
BF56
3F6F
BF2C
BF82
3E67
3F70
3FB4
C02B
3E3E
BD1A
3F94
BDA0
BFC3
BCD0
3F49
BF84
3E73
BFCB
BEF7
BF89
BEAD
3F67
BFAC
BF0C
3E1C
BF8E
BED6
BFB8
3F95
BF30
4004
BF08
BF95
BF96
BD9D
BF63
3ED8
4013
3F13
BF88
3EC9
3F95
3F11
BF11
BF2F
3D7C
BE5C
3F20
BEDC
BF6A
BFE0
BF47
3E98
BE62
BECD
BF1D
BFF6
BE73
3DC2
3F2D
3DA7
BFCD
3F64
3E9B
3FB1
3F91
BE8C
BFE4
BEC6
3E12
BEC2
3E43
BE24
3ECF
3DE6
BF4F
BEC4
3FFF
3FB2
3F5A
3F05
BF9E
BFB6
BF0D
BF8C
3D9B
BEFD
3F09
BE7C
C008
BF34
BDBC
BE50
BD8C
BF14
3ED3
3E4A
BF5F
BF0E
BCDE
BEB3
BEAC
3FC5
3DA3
3FE7
BEFD
3F00
BDD0
BD6A
BE6D
3F6C
BFC3
3F8E
BFB0
3F43
BFF4
3EAE
3BF4
BDEB
BEE6
3F8C
BD2D
BF63
3F1E
BF02
3EA1
3FBA
BFDE
BEC0
BF64
BDAA
3D0E
3F32
4013
3EA1
BE62
BEA3
3FBC
3F5C
3BC8
BEAE
3E07
3FAF
3D2C
BEA1
BF1A
BF28
BEED
BF07
3D45
3E91
BEFF
BE51
BF8A
3F66
BF0A
BF31
BED1
3E59
BF32
BFC4
3EF2
C014
3F87
BFA7
BD5F
C006
3F07
BEA1
3F16
C02D
3E92
BFE8
3EE9
BFB3
BF3E
BFAC
BF7D
BF27
3FB6
3F9B
BE77
3EAF
3E99
3DC5
4027
3EF1
C020
3F13
BDCA
4004
BFC3
3F6E
BE9D
BFFB
BEC7
3EA6
BFE5
3F2D
3D52
3F97
3EEB
BF87
BF45
BEE2
3F92
3F4D
3F2F
BDF0
BFDA
3E94
3FB0
3F88
3F6D
BFB6
3EB2
BF47
3D4D
BDF8
3F95
3EA3
BF66
BF8C
3F14
3F0C
3F9E
3F1C
BFBF
BFDA
BF92
BE9B
BF88
3EF6
3F33
3FD5
3F51
BF8C
3D97
3F24
BF9A
BF5E
3EE8
BF65
BEC8
BFDC
BF06
BD02
BF73
3E64
BF58
3ED3
BF67
3F7F
C014
3CA9
3F0A
BF93
BF9D
BB12
3FE5
3ED7
C001
BE39
3D05
3F9A
3EEE
BFC1
3EFF
BF44
BFBB
3DB7
3FBD
3F9F
BF63
3E97
3F6F
BF12
BE92
BED3
3F53
3F8D
3EDF
BE8A
3F56
BE8E
3EF4
3DFD
BF4D
3ECD
3F86
BB8C
BEE5
3F84
BF62
3F9A
BECC
3FBF
3B18
3F19
BF1B
3F6A
BECB
BF56
C000
3FA2
3EDC
3E8B
BDD4
BF17
3FBA
3F1C
3E98
3EF1
BF89
BE8C
BDE2
BF96
3F60
BFAD
4002
3E15
BF3C
BF14
3FF9
3EED
3FAB
3FB1
BF80
3F76
BF14
3F4D
BF07
3EEF
3F27
BF2D
BFD3
BFEF
3E06
BF31
C013
BE9E
BFFF
3EA2
3E86
3FFB
3EAD
BE9C
3F35
3E9A
BF22
3F8F
3E70
3DB4
3F63
3FF8
3EC6
BF09
BEEB
BE3F
3F01
BDC5
3FAE
3D58
3EC5
3D53
BD85
BE30
BE73
3E71
3F83
BFD0
3FBA
3FF0
400C
400F
3FE7
BFB7
BD94
3EDA
3FAC
3E31
BF10
3F3E
BF04
3F86
BCE5
3EE3
4013
BF2D
BF86
BFAF
3F07
BFC6
BDD8
3F19
BF49
BF02
BFD5
3F63
BF3E
3FDF
BDF8
3E99
BF08
3D74
401F
3F4C
BE16
BEA7
3F87
BF19
3EC8
BEA5
BED9
BDC4
BED0
3F44
BF43
BFF1
BF03
BFDC
BF36
3F21
3FBD
3EDA
BFAD
3F02
3F3C
3F93
3FC9
BD62
3F8B
BFB3
3D69
3F4D
BF84
BF85
3F86
BDD5
3EF3
BEC1
BF6B
3FBD
3FCB
BF5D
BFDD
3FA9
3E95
BF11
BFA2
BF0A
BF9A
BFB2
BF0A
BDBA
3F19
BE8B
BFC8
BFE8
BE7E
BE9E
BF03
BF18
3FB9
4009
3B62
3DC4
3E96
3F4C
BF8D
3F83
BEE2
BF40
3D9C
3EB1
C013
400D
BFD1
BF6A
3EFD
BE1D
BE18
3F60
BD97
3D20
4051
3E99
3E31
3FD8
BF02
3E12
3F1E
BF0E
BECB
3F50
3E8E
3D55
C00C
BF21
3E54
3F70
3EC8
3EE4
BF15
3F74
3F27
3F15
BF0C
3F3C
BFCF
3B43
BE34
BF9C
BF7C
BB7E
3FB7
3F84
3D37
BE80
C024
3F8C
3FF9
3DB2
3F5D
3FC2
BDBC
3E9B
3F80
3EFC
BCE7
3FD3
3F4D
3FC6
3ED9
3F1F
3EED
3F9B
BF8E
BFE8
3DCB
BEC0
3FB3
BEF2
BF22
BD12
BF96
BEF5
C053
3F9C
BF60
3E20
3E71
BF17
BFCD
3EB7
3F2D
3F7A
BE72
3F00
3D98
BF3F
BEF3
3FAF
BE91
3E8A
BFAB
4062
C009
BF24
3EC9
3FA2
3D95
BF4B
3EE3
BE23
BF58
C02B
3F99
BE51
3F03
3F50
BF17
3E04
BFCD
3F22
BE6D
BF84
3E92
3FB5
BFC6
BF0C
3FAC
BFD1
3F15
3F22
3EFB
BE08
3EF7
BFF1
3EF9
C043
BDF6
BF94
3FFA
3F9B
3E12
3F2A
3F8F
BE12
3FAB
3F9A
C03D
3FAB
BF7C
BEEC
3F6A
BFFF
BF3A
BE07
3DBA
3F99
BF04
3FB6
3F33
BFA4
3EA3
3F96
3FC6
BF55
3ECE
BF04
3E96
BF11
402A
3F91
BFE6
BF00
BF0E
BF99
3FF8
3FD1
3E97
BFF6
BE54
3F3E
3F64
3EA3
403F
3EAE
BF63
4016
BF1A
3F50
3FF5
BF2C
3F82
BF8E
BFA2
BE7D
3E9F
BE73
3FA2
3D7C
BEBE
BED3
BF52
3FC0
3E37
3E83
3F9E
BEA3
4003
3F37
BE63
BF70
BF6B
BEAD
BF5C
3F84
BFA6
3F5D
3FBB
BF2A
3FA1
BEBA
BF08
3EF4
BF8C
BF3F
BF2E
BEE7
BF65
3D80
3F2D
3D59
3F71
3F87
3FA5
3F8A
BF17
BDE9
3F0F
BB06
3E09
BD6F
3D25
BF6C
BFB7
3C64
BD64
BEE8
3E82
3E82
BE80
C006
BF4A
BF9D
BF4E
C001
BFB5
3E75
C03B
3F55
BDC2
BF0D
C01B
3FD2
3FB3
401A
BF0B
BFC2
3E97
BFB6
BF57
BF75
C007
BE0D
3F22
3EFF
BF74
BE85
BF0A
BFE6
BF87
3DFD
BF82
BF8B
3E95
BDC3
3F94
4002
BE10
3DE4
BF0A
BF9D
BF5C
3E9E
3F90
BEE1
3FB6
3D0E
BF09
3F6C
3EF0
401F
3E89
BEB2
BF08
BE73
4003
BEA8
BF5B
BFB0
BF91
3DE7
BF8B
3FBF
3F67
3E7E
3D92
3D98
3E2C
3E8E
BE22
BF5F
BF3F
BF15
3CAC
3EC4
BF39
BF2A
BF83
BF53
BDDC
BB8D
BE46
3E91
BD0C
3FD2
BEB0
3F10
BFA1
BF29
BF10
3E1E
3F55
BFC3
BD59
3F82
BFDB
3E71
BE67
3DE9
3E28
BE32
BF88
4011
BFCC
BE9C
3F3C
BC9F
3DC5
BFCC
3F54
3F2B
BF9E
BF02
BF9F
3F41
BF88
BF09
3B1F
400D
BDB2
BF83
3EBD
3F1E
3DA0
4009
C011
BEA9
3FC1
3F91
BF23
3FC7
3EE4
BFE9
3F12
3E83
3DED
BFAD
3F5B
3F03
3ECA
BF7F
3F45
3FEA
3EEA
BEA9
3E89
BEAD
3F12
BE7B
3A24
3F68
3E89
BFC8
BCDD
BF77
3F56
BF8C
3FA2
BF7F
3E57
3FD0
3F02
BE99
3F31
BEA9
BC9E
BE1C
BF63
BFAC
3F92
BDBD
BE2C
C006
3FA4
3EF0
BD14
BE93
BF73
BF8E
BFE0
BF27
BD90
BF8F
BDC5
BFC0
BF5C
3F2A
3FAC
3F3F
BCE4
3F76
BFE3
BF6D
3ED0
BF92
3DF4
BF89
BF1F
BFE7
BCA1
3EF1
3F57
3E1C
BF39
3F80
3E1C
BF7C
3EE7
3F3F
BF38
BF81
3E57
3F4D
BF26
BFF3
3EB4
BF98
BE87
BE97
BF28
400E
3F73
C011
3F3E
BF46
BC2D
BE22
BF6C
BD24
3F3C
3F7D
3F93
3ED1
BEBC
BF0D
3F07
BF7E
3FF2
3E64
3FB3
BEA8
3CFD
BF0C
3F61
BFCC
3F05
3FB2
BF7C
BE7A
3F43
3F6D
3F82
3ECA
BF7D
C02F
BF66
BEAE
BF98
BF44
BEDD
3F35
BCD1
BF19
BF0E
BE43
C00B
BFA5
3F2D
3FA2
C019
BEC5
3FC8
BEBC
3F53
BF4E
BDC4
3F4B
BF75
3E07
3E46
3FED
BF29
BF10
C001
BE9C
BF17
3FA9
BF2E
BF1A
BECC
3F1C
3F64
3F23
BEC9
BF50
BD9E
BFFC
3D90
3F31
BE3F
3F63
3E9B
BF4A
3CCF
3EB6
3E90
BFA5
3F62
BE9A
BF35
BF19
3EE5
BF03
3F5A
3F53
3F89
BFAB
BD91
BF44
4015
BFD9
3F4C
3D05
BF8C
BEB1
BF08
3F89
BF48
BEA3
BE9A
3E4A
3EC4
3D81
3ED1
BEFA
BE4C
3E12
4001
BEB8
BF5E
3F2C
3FD2
BFD9
BF49
BF0C
3F29
3FE2
BEDF
BF3E
3FDE
BF9F
BF5A
BF7F
3FA9
3F92
3F0D
3F9F
3E3E
3FA8
3FEE
3F70
3F3D
3E52
BE12
3AA3
BF81
3E28
BE05
BF40
4006
BD98
BE8F
BF1B
3F86
3EF9
BF9E
BF2D
BE7E
BFB4
3E19
BEEB
BF7B
BEBF
3EBC
BE74
BECE
4006
BD34
3F2A
BE9B
BDCA
3F5A
3F8D
BF4E
3E75
3F15
BFAD
BC72
3FD1
BDAB
3A05
BE27
3E86
BFAC
3D63
BFA9
3CB2
3F4E
3FE0
3E1E
BF18
3E65
BF87
3ECA
BFD9
3E31
C01A
3ECA
3FE4
BF2A
BE9C
3F0C
BE24
BF32
BFA7
3EC7
BED9
BEA6
3EC6
3EDB
BF4D
BEE6
3E4E
3EEC
BF42
BFCF
3FD9
3E67
3EB0
BE9F
BEC6
3FD6
3EB6
3F61
BEC4
3D11
BECA
C07D
3DDE
3F2B
3FB9
BF91
BD97
BF42
BEA8
3FC1
3F80
3EF7
BFE0
BEB7
BFC7
BFA6
3F39
BF4D
BF4B
3F34
3F9F
BF88
C01E
BFB1
BF43
BD77
3F06
3FA3
3E89
3EDB
3EA7
BFA1
3EF4
3F22
BF34
BF8F
3E81
3E95
3FA9
C003
3F8B
3F18
BE44
BDCF
BFC8
BF8C
3F2B
BEA6
BF4B
3F2A
BD85
BFB0
BFBE
3F22
3FF9
3F78
3FA5
3FDE
3F87
3EEE
4003
3EF0
4017
3FBE
3F53
3F70
BE5E
3F6B
3F63
3E89
BFBE
BF1E
BF8D
3FCE
BF06
3EC4
BF50
3F9E
BF17
3DED
BFA6
3FC4
3F8E
BE83
3F7D
BF7E
C00F
3E50
BEFC
3F8F
3F99
BF4F
3F54
BD51
3F11
3F6A
BBCB
3D06
3D8D
BF5B
3EE3
BF88
BFBD
BE9A
3E30
BF13
BE8E
BD03
BFEB
3F8D
3ED8
3FAF
3F5A
BF85
3E2C
BF56
3FD9
3F6F
BF14
BF9F
3E84
3E35
BDAF
BF0B
4014
3F49
3E73
BF82
BFA5
BF2A
3F07
BF91
BFB4
3E57
BE86
BF9A
BF97
3E8A
3E7C
BF40
BF34
3DB7
3FA0
3EF0
BDC2
BF5E
3EC5
BF5A
3FE8
3DD9
BF35
BF8C
BF9A
BE44
BEE3
3F4C
3E4F
C01B
BE9A
3E95
3EA6
BF51
3E4A
BF17
3FAA
BFB5
BFB6
BE9B
BF48
3FBC
3E4F
BF33
4000
BE2A
3FAC
3E81
3F9A
BE2B
BED3
3F4A
3EF5
3ED9
403E
BFA5
BF68
BF45
BF3C
3F14
4010
3FC4
3F77
3F68
BF09
BF8B
3DDA
3F37
3EDB
BF97
3F79
3F39
BE6E
3EF0
3C20
3F7B
3D65
3BCA
BE13
3F1B
BF7C
BF39
3E64
BF47
BE73
3EC6
3FF9
3D31
BF3F
BEAC
3F97
BE77
BF7E
3E0D
403A
BF0A
3F48
BBBB
BF46
BF05
BFEA
3F6E
BFAD
BE83
BF91
3FA9
BFCB
BFD5
BF26
BF08
4021
BF3A
BDB8
3FB6
3F20
401C
3EF0
3EC4
BCF2
3E7C
3F9A
3ED6
BE38
BF19
BF51
3F97
BF77
BF0C
3F20
4003
3F3C
BF91
BF98
3E8E
3F71
3F25
BE32
BFA0
BF35
C01B
C046
BE21
3F18
BF3D
3F06
3F24
3EF9
BDD7
3EFE
3F19
401C
3CF2
BECE
3F7A
BEBA
BF1A
BFC2
3EB4
4004
3F72
3C36
BFBF
BEC0
BF9F
BFD4
BF2B
4021
3FA0
BF22
3E72
3E09
4008
BF58
3E67
C008
BECD
4004
BF09
BEAB
BF2F
BF89
BFB3
BF9A
3EDF
3E93
BCE7
BEF8
BF87
3D20
3F59
3D42
3F2A
BF4C
400D
3FE8
3E42
4015
4017
3EE9
3F6E
BF02
3FD5
BFCF
BFC4
BF66
BC9B
BF45
3F3F
BEE7
3F52
3FD7
BFE7
3DDC
3F0C
3F8B
3FC0
BF42
3E52
3F9F
3EB9
3F5D
3F9C
4001
3F2F
BD78
3E87
BD8B
BF14
3E52
BDFB
C016
3F4B
BD89
3F2A
3DFB
3EA5
3F70
3F3B
BF75
3EC8
BF09
3F39
BF87
BF81
BEAE
BF9F
3F07
BFC6
BF89
BFAE
BFB5
3FEF
BFB7
3F08
3FCA
3ECC
3F03
BF96
3CB0
3F65
BFB9
3F89
C02E
BEA9
BF98
3E95
BEEC
3F51
BF3E
BF1A
3FAA
BFC4
BEA0
3F6C
3FFD
BDF7
401D
BF85
C015
3F4B
BD64
3F30
BE44
3EEC
C02C
BF8E
3EF9
3E52
BF5E
3FC9
C003
3DB8
3F0D
3D39
4003
BF29
BE43
3F81
3D16
BF6F
BF74
BF93
BE30
3F13
BE0C
BF15
3DAC
3F87
4001
3FBB
BF9E
BFA2
3F5B
BEFD
BEC9
BEF8
3DF3
BEE6
3EF5
3E88
3E42
3FB8
BFEB
BDDE
BF07
BEE1
BE95
BFC0
3EC2
BDC9
3EDF
3F0D
3E05
BF0B
3F23
3FD7
3F30
BF6B
BF77
BFAB
3EAF
3E61
3F98
3FFE
BF8C
4002
BE84
400E
3F53
3F30
3F00
3F28
BE9C
3FD0
BFE4
3F8C
4036
BF6E
3F11
3F93
3EF3
BCFA
3F10
3FD1
BC86
3F0E
3F06
3C2B
BEA3
BE11
BF06
BF06
BF78
3F8A
BFFC
BFAD
BF7E
BF6F
BF0D
3F21
400B
3F22
BE0B
3EAE
3E70
3E72
3F5B
3F93
3F63
3F97
BF17
BF89
BF61
3F9D
BFB8
BFF4
BF4D
400B
BDD0
BF4B
BF23
3E17
3DAA
BE83
BCA8
3E2D
BE83
3FD8
3E3D
3DAA
BED5
3F87
BF0B
BF83
3EA8
3F5C
BE0C
BFB1
3EA0
3EF9
BEB1
3FCC
BFD3
BF0C
BFDC
BEC3
3FB6
BE88
3F82
3DAF
3F46
4005
3E25
BF19
3E8D
3EBF
3F89
3F40
BE94
C027
3EC5
402D
BFBA
3DE8
BE19
BC53
3E34
3FB7
BD30
3D3F
BF8A
3F4F
3EF5
3F12
BE6A
3DBB
BE3E
BF73
BFA7
3DDD
BFAC
3F62
3DAB
C023
3F15
3F98
3F97
BE19
3FAF
BF50
3F6C
3F3B
3F6B
3F00
3EDC
BFB4
3F38
BFE0
BFFC
BDB7
3E5C
BFD8
3F59
3FB3
3F89
3FA8
3EE2
BFD4
3EBB
BF33
BF3B
C004
3E83
3F8E
BEC4
BF21
BE52
BEE4
3F0E
BF58
BF08
BF14
BDEF
3FDD
BFA2
3F08
BF45
3E7E
3F9B
3F4E
BEEB
BF39
BED9
BEC3
3F3D
3FCA
BD17
3DED
BF17
3F98
3CD0
3F6D
BFC7
BF96
BEC9
3DCB
3CF5
3E61
3FAC
3FA8
BF46
BF2C
3DA5
BF9E
BFCF
3F9A
3F48
3F5F
BEEF
BE8D
BF6B
3F1B
3F65
BE47
BF43
BF71
BEF8
3FBC
3E40
3F39
BF0C
3EC1
BFD8
3ECA
BFED
BF99
BFE9
3D40
BF78
3C50
BE06
3EE8
BF8D
BF77
BF35
BEF6
3EA4
4024
BE99
3FAC
3E60
C007
3E21
3FF0
BE4E
3FB0
BEDE
3F96
3FA2
BFAE
3FB7
BF29
3FBD
3D98
3D0E
3F7E
3E49
3FA7
3F21
BE92
3F27
BFA9
BFE4
3FBB
3C91
BF60
BF32
3EB6
3F0D
3FE6
BEF0
3F29
3F92
4003
3F01
BEBD
BEAC
3D8A
3F78
3EB0
BF46
3F59
BF73
BE4E
BFC1
BEC1
3DC0
3F35
BF51
3FC2
BE88
BEA8
BDAE
3FE0
3F63
BF33
BF9E
BF6D
3C84
BEA3
3F7C
3EB4
3F30
BE8C
3E03
3F53
3E8F
BEF8
3F74
3FBF
3F3B
BEC5
3F28
3FE2
3D1E
3EEF
BF08
3F9E
3F53
BED3
BFC5
BE2E
BF52
BFD5
BD46
BEF7
BE41
BED4
BE89
BF62
BF25
3E7B
BF43
3F3C
BE29
3F20
3E9E
BF0F
3F3D
BF0B
BF86
3F82
BF7D
3E09
BF96
BF12
BF1B
C03B
BF0A
3F8D
3EEB
BFF0
BF94
BF63
BF02
3F70
BF07
3FBA
C00D
3F98
BF01
C01D
BF5B
3F0F
3FAB
3D7D
3F17
BE08
BF08
3F37
BF0F
4007
BEC1
BE65
3EDF
BF75
3FAC
BF19
3F08
3E37
3FAB
3FBF
3DFF
3F70
BF6F
4019
3FB0
BEB9
BF91
BFBA
3E6A
3E48
BF28
3F90
BF9A
BFBE
3EA1
3FE5
BFB5
BE83
3D4B
3F2E
BE7F
3F25
3F32
BE0B
3FE8
3FC0
BE84
C00C
3D8B
BF58
BFDC
BE6A
BD1A
3FD4
3F93
BEA1
BF0B
3F15
BE14
3EBD
4019
3F16
BFB8
BF91
BF60
BE2D
BF52
3EDA
3F49
BDA3
3DE5
3D8B
BDC5
3E94
BFCB
3F45
BF7B
3DB7
BF5C
3F00
3FF0
3CC3
BF67
BFD8
3F6A
BFA7
BFC1
3F49
3F6B
3F93
3E50
3E9E
3DFA
3ED4
3F7F
BEB9
3F84
BE3B
3F0F
C00E
3FF4
3F96
C045
3FBF
BFD1
3EB2
3FDD
3F36
3EE3
BD8B
3FD7
BFE7
3F65
BEC0
BE92
3FAB
3F36
3F3E
BEBC
3FB5
3FA0
BE81
3E32
BEF3
BFB4
BFC0
BE07
3FBE
3FDF
3F86
3F2E
BE22
BE8C
BF3A
3FCA
BF04
BDA2
BF67
3F6F
3F52
C013
BFB3
3F9F
C024
3FA8
BFC4
BEAF
3F0E
BEC0
BF8E
3FE3
BFB9
4013
BFC1
BE10
3E20
3F6D
3EA9
3D8A
3F0F
3E5E
BF99
3F1D
3F44
BFD5
3EF4
3F94
3F55
BD2C
BF0C
3D94
3F28
3D00
3FF8
3FDE
BECC
3F17
C021
BFF3
BF80
3E0C
3F11
BED0
BEDA
BF5F
BD75
3E22
BDCE
3F76
BFE8
3E13
3F3A
BE99
BEC6
BF96
BE3D
400B
3EDB
BF36
BF33
3FB8
BE60
3F41
3F8D
3F44
3D9A
3F95
3F39
3EAC
BE96
3EA5
BF51
3F40
4002
BF61
BF13
BE92
C036
3FB7
3F7F
BCCA
3DCA
BF60
3EB6
3EEC
BFBF
3F1E
BF71
BF28
3EB6
BF2A
BEDA
BF4E
BF0A
BCDE
3F35
4007
BF72
BF30
3F03
3F9A
4003
BF5A
3F2B
3F59
3F52
BFB7
BFC7
3D6C
BF75
3F0D
BE5F
3FA3
BF66
BFF1
BF09
BF2E
BF89
3D82
BDFB
3FCF
3FC4
3FBC
BF99
3F0A
BEA2
BEEC
3FBF
BE3C
BFB6
BFBC
3F74
3FA0
3ECE
3F89
BD63
3FDD
BF3A
3FE4
BFA2
BFDC
BD14
3F85
3F8A
BFA8
3F14
3F53
BE89
BF32
4054
3F20
3FD2
BC40
BE0F
3F42
BEB6
C010
3DC0
BE4B
BFC2
BF14
4018
BFA1
3D2D
3F1B
BE12
BEDE
BECB
BFA2
BEDD
3F07
3F44
BF5B
BE98
3E29
3DA2
3F2C
3E8E
3F8A
BFF1
3EC1
3F57
3E2B
3F32
3F44
BE87
BF28
3E76
3EA9
3F20
3F68
BFDC
3FA2
BFD4
3E48
3EB8
BF17
BF87
C00B
BE40
3FD3
3F37
3A97
3FA5
3B89
3F2F
BF98
3EFC
3F58
3FE3
BD94
BF0B
3F1E
BF3F
BE2C
3F8A
3E57
BF9B
3F83
3F31
3FA6
3E42
3E29
3F2C
BED6
BFC8
3E78
3F7A
3E8F
BFA0
3E8D
3FEA
BF9E
3EA1
3F9D
3FFC
3EB8
BC8E
3F0C
4023
3F09
C008
BF0C
3F91
3F89
BEEA
BF92
3E28
BE99
3FB0
BED5
3F2D
BF21
3F3D
3ECB
BE2C
3F2A
3CCF
BD65
3FD4
3F1C
BE9B
BDD5
3E8F
3FD7
3F08
BF7C
3CE9
3E89
3F7D
BE55
BEB5
BE24
BCA3
BE2D
3E54
BF86
3F85
BE13
BF40
BEB9
BF82
3F50
BEDF
BFA5
BF37
3E1D
BE06
3F27
BFAC
BF40
3F46
BEC3
BEA5
BE67
3FB3
3F00
BFC9
3FEF
3EAF
3F08
BEE7
BEA8
3F6C
3EE7
BDA8
BFE3
3ED2
BF36
BFAA
3F42
3E98
BEE4
BF0B
3EC1
3C05
3FAE
BF21
BF50
BDDB
3FB9
3F8B
3F39
C014
3E7E
3F88
3EE0
3F7B
BFBE
BF17
3FC4
3F28
BE77
BFAE
3EA3
3F3F
BF93
3F9B
C005
BFB8
3EAC
BF2A
3E12
BF95
3E8C
3F5A
3F00
BFBC
BFF9
C004
BD9C
3EBA
BF20
3DD6
BDC8
3FD9
3D92
BE84
C000
BFAD
BE94
BE4F
3F08
3CAD
BF13
BDEF
BEF8
3EBC
3D74
BFFD
3F47
BF1A
BFA5
BFB6
BE02
3E97
BF37
3E75
BF38
BEDD
3F80
3F06
BFA4
3FDF
BF63
3EB1
BF02
3F2F
3F5A
BE9A
BC06
401C
BF90
BF24
BF3D
3F9C
3F5F
3CAA
BF8D
3F0E
BF66
BEE4
3E96
BEEB
3FF8
3F76
3F2D
403B
BF23
BF77
3CF8
BE0C
BFE1
BF1B
BF8B
BF1F
BF31
3F2D
BF0A
BEF7
BEE3
3F71
BFA2
3F88
BF82
3F90
BF00
3E8D
3E5D
3FD3
3FC3
BF1B
3EC0
C00E
BFC0
BE25
BF8E
402A
BF6D
3FB3
3EED
BBAC
BFA1
BF1C
3FC6
BF4C
BE93
C006
BF14
3F2D
BF86
C018
3FD7
3F5D
3EAA
3EA8
3E4B
BE0C
3E86
BF01
3F75
BE51
3E05
3F38
BF96
3DB9
BFA2
4011
BFAE
3F44
BF2F
BF41
3FB3
3FCF
3F23
BF9E
BF9E
3FB6
3F01
BE08
3DB1
BEBA
BF17
3F3D
BEAF
3E93
BEC7
BDB5
3E02
3F92
3F80
BD94
BFAE
BE8A
BF71
BD7C
BDBB
BF5A
3EF9
3FA0
3EE4
BF35
BF93
3F56
BE67
BF82
BEDF
BEB5
BF89
3DE9
3F93
3FF4
BFD9
BFC5
BF9D
C008
BEE4
BF13
BE66
3FD2
3F83
BFF5
3FBA
BF5A
3F8A
BEE2
3F87
BDA8
BDFF
BFD8
BA8C
BE61
401B
3EC4
BEA9
BF7A
3F56
BF56
BF61
BF7A
3F3D
BED6
3F80
BF16
BFBB
3FA3
BF1C
BF59
3FE1
3F4D
3F25
BED0
3E4A
3D87
3EB4
3F38
3F11
3F09
BE39
BE3A
BEF8
BFA7
BF10
BF80
BF9B
BF81
BDA0
BFF1
3E65
BF5E
BF2F
C005
C020
BF7D
BE10
3D05
3EFF
C02C
3E0B
3E2A
BE81
3E59
404E
3F49
BE56
BF6D
3EF6
3F6D
3F16
BE5B
3E82
BF3B
BF3C
BEC2
BFC2
3F00
4023
BDDA
3DD3
3F41
BF8A
3E4D
BF92
BF3C
3F42
BF32
BFD2
3E94
BF42
3EFB
3FE3
3EDC
BF00
3E99
3ED1
BFBF
3EDE
BF3E
BF39
BD01
BF07
3EA0
BE6D
BF5A
3D99
BE83
BF13
BDF4
BEFA
3FCD
3F19
3FB3
BDC1
3E9B
3FCC
3F98
3FF7
3FB6
4022
BF7F
BFE8
3F8B
3DC2
BEE0
3F53
3F9B
BF83
3F4E
3D73
3F2E
BF08
3F2A
3F10
3EFC
3F6A
3C3E
BF2C
3E81
3E5C
3FC0
BEB7
BF85
BFD4
3F08
3F0F
BFF9
3F74
3FED
BDE3
3F64
3F6E
3F82
3F0F
BE25
3D47
BF02
3DA3
3FE8
BF6A
3D91
BF73
3F10
3F65
BDF9
3F5E
BF72
3EC2
BF8F
3E92
BF2B
BF57
BF0A
BF8B
BEBF
BF12
C023
3E22
BFCE
BF15
BFA8
BC0E
BF89
3ED5
BF92
BF8C
BE94
BEEF
3F53
3F7F
BF74
BE78
BE27
403E
3F65
3DD2
BF22
BF71
3FC1
BF36
BFA7
BE52
BD80
3F28
BFC3
BDF9
3EE9
3F37
3F2C
BF05
BFB2
BFDF
3FCD
BFB2
BECC
BED7
3E2C
3E03
3E2F
3FEA
3C1F
3F9F
3F93
3E6B
BFBD
3FA9
BEA7
BE90
BFC7
BF1C
3F9A
3F51
3F9E
BEE6
BFEE
BF39
3F2C
3EE7
BE6F
BC4D
BEA5
3DFF
BEC8
3F68
BF92
3DF3
BF09
BF94
C00A
BDB7
3FC1
BF9C
BF53
3E79
BFE7
BEB2
3F5A
BC1E
BF35
BEF7
BFDF
3E8C
4002
BEBF
BFA0
3BE6
3ED5
3DD2
BDE0
C001
3E6A
3D4E
3FC6
BE2D
3F82
3F27
3F3D
BF3A
BE82
BE13
3DFB
BE32
3F6D
BF17
BF9C
3EC2
3FF9
3FCB
BFCD
BF30
BD9F
BF8F
BF84
3FF5
3F32
3E07
BEBE
3F4A
3F1F
BF7C
3F63
3DB2
3F2E
3FA8
3FB7
3EE0
BF31
3F43
C005
3E3D
3F20
3F82
3FD8
BE96
3F3A
3E96
3F4D
BF69
3E61
BEFE
3CE4
3E87
BF35
3F85
BEE0
3E9B
BF22
BF97
3E45
BF8A
BF90
3E88
3F52
3F81
3FCD
BE83
3EF1
C016
BF6D
BE83
4003
3C6E
BEBF
3F23
3F2F
3F23
3FD2
BF3E
3F1C
BEC0
3F6C
BED2
BE58
BF32
BFA6
3F9B
3F6B
3D31
3EB1
3E25
3FC1
BF62
BF13
3FE7
3F38
BF60
BFDD
BF47
3EE5
3F19
3F25
BF3E
BD6C
3EB3
BF24
BE88
BF1B
BE71
3F1F
3FDE
BF57
3F80
BF87
3E34
3FA1
BFA2
3FCF
BFDF
3F19
BF9B
3FB7
C001
BEE1
3F3F
3BA9
BEE9
3F8F
3E9B
3F09
BE84
BF1E
BF06
BF3F
3ECA
BFCA
BEC2
BFA4
3ECF
BD5F
3E86
BF68
3E94
BDE3
3FAD
3D21
3BA1
BD6B
3F7B
BE8E
3FA4
3FA6
BF22
BFDB
3F29
BFC3
BFBD
BE92
3E03
C009
BFC3
3F32
BD4C
3F4F
BF72
3DDB
BF04
3F82
3D0A
BFDA
BF92
BF04
4000
3E54
3F4B
BF24
BEBF
BF33
3E82
C020
3F6B
3E6C
BD3C
3D6F
3FBE
3ED9
BF45
3EEC
3F4E
BFA9
BF97
3F92
BF2B
BDDF
3FA0
BE67
3F2F
BF8F
3FA9
BE9E
3E7F
3E89
BF41
3FCB
3F88
BF82
3D8C
BE30
BF38
BF7D
BF28
BF07
BE33
BDDD
3DF7
BD83
3EEB
BEE5
3DD8
BB98
3EBB
BF03
C003
3EE9
3E55
3F1D
3EA7
BE4B
BFB8
BF55
3FDD
3FC5
BF83
BF6C
3DB8
3D8F
BF19
3E90
BFBC
BEDC
3E98
BFA7
BED2
BF86
BF73
3FE0
3F88
BDE9
BCDC
3E16
BFC8
3E3D
BF8E
BEE9
3EFA
BEF1
3E99
BE67
3F14
BF92
BF6D
3F40
3FA4
BFF0
BF87
3F9F
BF38
BF07
BE53
BF29
BF12
3E6B
BF44
3BB6
3F82
3F2B
3FFC
3F50
3EB8
3FA3
BEB3
3F2D
3E75
3ED4
BF2D
BEF8
3EFD
3F8B
BFE3
BF88
3EEE
BE29
BD2A
BE0F
BF76
BF6C
BDEA
3F55
BF1D
BF80
BF51
3E97
3E71
BFC8
BF64
3EBC
BE83
BF91
3F50
3DDC
BE28
3E42
BE84
BF0A
BF43
3F1A
BF3E
3E98
BF20
3FA1
3FB7
BF54
BF84
BD6D
BF5C
BFBA
BE32
3E20
BE95
BF1B
BFBD
BF97
3FD3
3F86
3F90
3FE4
BF98
3F04
3E9B
C00C
3F82
BD6F
BF02
BF1A
3FE4
BF11
BDC7
3F67
3EFC
BFA2
3D82
3F1C
BEC8
4017
BF0E
BD27
BC8A
BC72
3F65
3F0B
3E00
3FA3
BF96
400D
BD1B
BFA0
BEDA
3D3C
BE8F
BE68
BFE1
BF94
3F45
3F00
3FC3
BF6C
3F60
BEFA
BDF1
BF3E
3EDC
BEB5
BF2B
3E40
BECE
BF5F
BE22
3F2B
BF98
BF26
3E36
BFA6
BEA9
BF91
3FA1
3E53
3F62
3FEF
3F96
3EB7
3E5E
BEDF
4013
3FD0
3E03
BFEC
BF93
BF49
3E78
BFC9
BEEB
BF91
BF80
3F60
3EA1
3F2D
BED8
BFC7
3F04
BF7E
BF0D
3FB7
BE84
3E5F
BE63
BD8B
BDEE
3F80
BFF0
3F28
BFB1
BF00
BDF4
3E38
3D98
BEAF
BFEE
BEA8
BFDD
3EE8
BE15
BF2A
3E8F
3ECB
3E6E
3FDF
BC71
BFF5
BEAB
BEDA
BE31
3DFD
3E88
3FD8
BF99
3F04
C015
3FAB
BF81
3FB0
3F61
3FC4
3E33
3F4B
3F93
BF2C
C031
BF9E
3E0E
3F15
3E02
BFE0
BF98
3F4C
3F2A
BFD0
3F82
3FF9
3F43
3E57
BEAA
BFAC
3F28
3F4F
BEE3
3F61
BFB3
3EDC
BEE9
BF4B
BF5D
BE9D
3F7E
BEAC
BF7D
BF05
3F3E
3F04
BEDB
3F0F
3D10
4016
BF56
3FA4
BF0F
BF79
BF35
3FA1
3F67
3F21
3E24
3F8E
3CD7
3EBA
3E5F
BF0C
BF84
3E34
3D8A
3FF1
BEB7
3F41
BEB9
BF38
3E8F
3FA4
BFC5
3DA2
3FB2
BFAC
3E88
4006
3EA1
BF63
BE41
BF96
3FEA
BEA6
BF1D
3EB5
BF31
BF1E
BE7A
3F47
BF43
BF2E
BF1E
3F19
BF57
3E38
3F56
3E87
BEA1
BF86
BFB6
BF4D
BF83
3E7A
3F94
3F43
3F42
3FAE
BF78
3F22
400B
3FCF
BFF4
3E62
3F71
BF06
3E45
3F83
3F03
3F9A
BF0D
3FD6
BE14
BF8C
BE2D
3E19
BF4D
3EAB
BF78
BFB4
3F99
3AF7
BE98
BF5C
BFA8
3F9C
BD1B
BD64
3C44
BF13
BFAA
C00F
BF30
3F0D
3FCA
3F35
3F62
BF4F
3E8A
BEC9
BEA7
3FBF
BF87
4003
BF95
3E83
BEED
3F7C
BE49
BF82
BEA8
3FA9
BF30
BE68
3FD7
BFE1
BC95
3E44
3EFC
3F47
3EFA
BF4D
3DFB
3F8E
BF92
BEBB
3F9B
3F96
BF68
BF5E
C007
BE71
BF30
3FA4
BF17
BEC5
BF04
BF43
3F37
BED7
BF5B
3E83
BED1
BF1D
3F6A
C007
BF36
BF95
BDD5
3FB4
3D96
BF49
3E45
BEE4
3FA3
4019
BF50
3E81
3EB6
3F80
3E84
3F80
BF85
BF09
BE8A
BBCD
BF56
BEEE
BD7A
BFF7
3EE2
BED5
BF96
3F01
BED1
3FCA
3F59
C001
BF35
3D10
BE8A
3FBB
BFEC
BF19
3F87
3F02
BF6E
BF58
BFC7
BFC3
BEB1
3DDB
3F86
BC90
3FDC
BF5D
BE7E
3F3D
3EFE
3E48
3E0E
BD26
BF6F
BD60
BF1D
BED8
3F9F
BF99
3F4B
3F1E
BE90
BFBB
BD1D
3E5B
3DF6
3FB6
C032
3F54
3F8C
3F52
3F38
BE1C
3E1A
BF71
3F5D
BF1A
BF8C
BEB1
3EDC
BFD0
3F05
3F80
BE4F
3FD1
3F20
BD06
3F9E
3F8C
3FD3
BF8F
BFF7
BF31
3FB7
BF3A
3F68
3F06
4005
3FDA
BFC4
3F64
BF1D
3F16
3EED
3FFB
3F4A
BE12
3D82
3DBF
3D6A
BFD2
3F0F
3F16
BF9B
BF1F
BE59
BF9F
3FB7
3FB7
BEA1
3F2C
BDAB
BF15
BF38
BF95
3F68
3F31
BF6B
3FFD
BF2F
BF10
BF67
3E56
BE96
3E4E
3FE1
3FB9
3FDE
BF35
BE97
BF86
3FF2
BF9A
3DBB
BFCB
BF82
3F03
BF87
3D17
3E84
BE50
BD84
3FA7
BFA3
3CD1
BFD4
BFBD
3E8E
BCAB
BDFC
BDA7
BFFA
3E68
BF4F
3ECC
4001
BFEA
BF93
3FCF
3F28
C001
3F59
BE96
BF9D
BDFB
BD40
BF90
3F36
BF73
3EF7
BD21
3F1F
BF0C
3DCF
3F11
3EB4
3FEC
BF29
BEFC
BF91
3F0E
BE50
3F3B
3F23
3F91
3F71
BE37
BF3B
3F67
3F27
3F9F
BE79
BF96
3E83
3E29
3F0E
3F4C
3F6F
3FCF
3F9C
3F0A
BFE0
3F4D
BF82
3F42
BF85
3EA3
3FBD
BDA5
3F6E
BE22
BEE1
3F8D
3F13
3DDE
3F4D
3D91
BF96
BE62
C02D
3CFE
3E94
BF40
3F5E
C030
BF03
BFFA
BF54
3F98
4032
BEE8
C000
3FA3
BF7A
BD62
BFA7
BE78
BF2F
400C
BE93
3F1C
3DCA
C016
BF7F
BF99
BE5A
BE0F
BDA5
BF6E
3FBC
3FE1
3F8D
BE91
BFC4
BEEA
BF95
BF51
3FA1
3F74
3FD3
BE53
BFBB
3F97
BF20
BF90
3ED1
3F44
3F28
3AD8
3F7D
3FBC
3EA7
BF3E
3F71
BF13
BD94
BFA5
BF85
BF29
BFAB
BECE
3F6E
3E96
BFA0
3F9F
BF28
3F30
3E2F
3E3B
BF83
3F65
BF7C
BDA8
C012
BFA4
BF46
3F8F
3F46
3EA9
BFA8
BE89
4022
3F87
3FC4
3F8F
3E82
3F6B
3F1B
BEB6
BF98
BEBA
BF1A
3E0B
BE49
3FBC
3E08
BF99
3F12
BF24
3F77
3E82
BE3E
BF3D
BF54
BF09
3FAA
400F
BF4B
3F60
3F0C
BF3A
BEF2
3FFE
BF0C
3F0D
3F6E
BF8D
BFC9
3FB8
3D16
BEB0
BFBD
3FB6
3CF6
3EC5
BF85
4008
BDB6
3F85
3F44
BDDF
3E5C
BE87
BF6E
3F3C
3EAC
3EB2
BF3F
BF1A
BFC7
3E5D
3DF9
BF93
BF76
C006
BF40
3D93
3F86
3E90
3B6E
3FEE
C01C
BF91
BFC9
3D56
BF90
3E78
3F6E
BCB2
3EC2
3D5E
3EF8
3F5D
3E5D
BE9E
BEC7
BF1C
BF7E
3DAB
3E9A
3E66
BE52
3E8B
3E86
BF7D
3E3E
3EBD
3FED
BF36
BF92
BDAE
400A
BFC4
3EB7
BFB4
3F49
3F49
3F0E
BFAC
BFC0
BF8C
BFAC
3FB1
3D6E
BFC7
3CA8
3DE3
3E63
3EDB
BCD3
BE33
3F98
BFC5
BF57
3C12
3FA7
3F3B
3F16
3F9E
BF8C
3FBA
BF3F
BF88
BF7B
BF52
3F05
BE01
BED3
3F6A
BC6F
3F1D
3DFF
3F38
3E58
3F29
3EAA
3F38
3F8B
3E5F
3D29
BFBA
BE82
3F63
3EDE
BE39
BFE6
BC0E
BFB5
3F85
3ED5
BE8C
BE83
3F2C
BE06
BE42
3DCF
BF4B
BFF9
400C
BF79
BE24
BEEA
BF86
BF90
BF96
3E12
3F4C
BF3D
BFAE
BF4A
BD1F
3F9E
BF5C
BE6C
BF6B
3F4F
BF1A
3EEC
3F52
BE83
BFB5
BF97
3FBA
BFD4
BF3C
BF84
BEA5
BFBC
3F52
BF8F
3F2D
BEB3
3FB1
BF57
3F8F
3EBE
BF04
3FA8
3F4A
BFA9
3F64
3ECA
BE68
4017
BFA9
3F3E
BF9B
BF60
3FC8
3F1D
3E8C
BEC9
BFE7
BF04
BFD9
3F7E
BFF4
BFC0
3FC7
BEBD
3F8E
BE55
BFCF
BF52
BF05
3F11
BEE2
BE06
BFCE
3FAD
BD81
C012
3E8C
3FAB
3E2E
3E1C
3ECA
BFB6
BF3E
C04A
3E91
3D1A
3E10
3FF3
3EE9
3F64
3EF8
BF87
3FAE
BEAB
3F21
3FDA
BE8D
BF0B
3FE2
3C53
3F66
BFB9
3E40
3E42
C03C
C017
3FAB
BD47
3F62
3EBD
BF53
402D
3EBF
BD34
3EBE
BF81
BF03
BF58
BE01
3F19
3F2C
3D98
BF4B
3EE4
3EA8
3F34
3FBF
C017
4013
BF8E
BF27
BE84
BD9D
3D5C
BE92
BE6B
3E71
3FA8
BF00
BF2C
BE99
3F83
3F73
4001
BEB9
BE03
3FF8
BEF5
BED5
BF87
3E1B
3EFB
3F53
3FB0
3F1D
BE83
3F85
BF99
3F16
3EEE
BF2E
3FA2
3F38
3E76
3F8B
3DBA
3F5E
BDA6
BF51
BEC6
3F0A
3ED5
C00C
3E34
3F9B
3EE9
3F81
3EB3
BE6B
C006
BF81
BFA5
3F96
BE5F
BEC7
BF46
3E39
3F0A
3E05
BF91
C005
3EBA
BF28
BDA6
C01B
C012
3ED2
3CCB
3E9A
BFA7
BFC7
BE97
BD68
3D97
BF20
BEA1
3F59
BEA6
BF0E
BF6A
BF61
3FF0
BF20
3F82
3F6C
3F60
3F42
3F9F
3F4C
3F38
3E86
3F23
BFDF
BF72
BF39
C005
BF78
BE83
3F29
BFC6
3F22
3F1A
BF25
BFC5
3FA6
BFD2
3F2C
3FAC
3E8E
BFE3
BFA5
BF89
BF19
BEA1
3ED4
BEDB
BEE4
3E3B
BFB2
BED4
3F16
3EF2
BD93
BF63
3F73
3EA6
BE49
BE28
3F0E
C00C
3F07
3FC0
3F54
BFD6
BF4F
BCDB
3EF0
BE27
3F01
3F78
BDD1
BF9D
3FF6
3AEF
BF1E
3F09
3EA4
3F17
BF6F
3F36
3F9E
BFD4
BF44
3F9D
BDED
3F87
BE94
BF65
BF9E
BEC7
3EA9
BF34
BAE1
3F99
BE89
BF1C
3F93
BF93
3FAE
BF50
3F32
BF3E
4007
BDBF
3F27
3DEA
BFAB
3FE7
BFA2
BF7A
BF67
3EDC
BF61
BF17
BDB8
BF94
BFC7
3F60
3E9C
BF5B
BDFF
3C66
3F1B
3DBD
BEA1
BF74
BF09
4010
3F1D
BF33
3F1D
BF50
BFBE
BDAB
3F8B
3FC0
BE4E
3F20
3FA7
3FBE
3DE2
3E46
BF8E
3F9F
BD77
BE9F
3F59
BF8E
BFD2
3DBE
BE94
3FD7
3B87
3F00
BE0B
3EBC
3F2B
3FA3
3FC9
3FB0
3F43
3FBE
3F9A
3E15
C029
3F4A
BEF1
BFB8
3F5F
BEEE
3FA5
3F15
3EBC
BF37
3F1A
3F4C
3F22
BF9E
400D
C00C
3F38
BE74
BE88
3DBA
3F2D
BF57
BFA6
BF9D
BC9E
3EEE
3F2E
BF91
3F20
3ED4
BEA0
3E20
3FB6
3EA4
BE0C
BFBB
BF91
BF7E
3F8B
3F27
BFA9
3DB2
BF87
3FDF
BFAA
3D81
BF32
BDCF
3F4D
BE9C
BE7B
3E35
3FBB
3F4E
BF44
BEE6
3F02
BF3A
3E12
3EA2
C001
BDBC
BF74
4014
BF55
BFA1
3FE1
3EB6
3F44
BE70
BEF6
3EA3
3F2B
BF3A
BF26
BFD5
3ED7
BFB5
3F05
3F69
BF86
3EC1
BE8D
3E2A
3F76
BE37
BDE1
3F6C
C00A
BF0C
BF55
3F09
BE60
BE7E
BEED
4019
3E89
3EA3
BF9B
3EB9
3ECF
BEDC
BDAD
3DEE
BF8C
BB50
BE37
BE41
BF9B
BF3B
BF9D
BD90
BEA2
3E81
BF82
BFB0
BF88
3FAC
BD5D
3F49
3FE7
3CBF
3F06
3FB1
BDB2
BF8D
3F18
3DD8
3FBF
3F2E
3C69
3E95
BCF1
402B
BE45
BE95
BF5D
BF26
BFEE
3FE9
3FB0
BF18
BF96
BF4A
BC96
BF3F
BD6A
3E62
BF83
3F8E
BE08
3F89
3FA0
BF00
BFFE
BFA0
BFA9
3CD4
3F31
BEAA
BCCD
3E64
3F03
BF2D
BE3A
BFCE
BF82
BFEA
BE87
3DF7
4009
3F13
BF0B
3D5B
BF12
3F88
BD08
BEEA
3F4D
BF26
4025
3EDC
3F21
3FC9
3FC9
3EC4
3F9C
3F3D
BF42
BFAB
BFBF
BEE2
3ED8
3F06
4019
3F76
BFEA
3FDA
BE53
BF23
BED4
BFA9
3F6E
BF85
3D87
BEDE
3F05
BF43
3D92
BFEA
BFC2
3EB2
C001
3F78
BE8F
3D1F
3D88
3E8B
BF40
BDDF
BEB3
3E84
BDC5
3FD9
BEE2
3F85
BFA7
4002
BE55
3D90
3F2C
3F29
3FF8
BF81
3F6F
BF2C
BF0B
BF37
BF21
BFF3
3F87
3FA3
3F90
BCFE
BFD1
3FB8
3F3C
3EE7
3F40
BF03
3F9D
4017
BFD0
3FB2
3F06
3ECF
3EBB
BEAB
BE7C
BD9D
BEEF
3ED9
3F4C
3F1E
4005
BF89
BEA7
3EBC
BE33
BCE2
BF11
3F80
BFBE
BF69
BF63
BEC1
BFB6
BF86
BEF6
3E85
BF84
BF5B
3F39
3F13
3FD8
BF8B
BD23
3FBA
3F89
3E21
3DA2
4014
BDE0
3E51
3CAC
3FAD
3F8B
3F71
3E34
3F22
BF93
BF42
3F77
BDB1
BFAB
3FA5
BEA6
C001
BCEC
BF2F
3FC6
3F4E
3F09
3F28
3FFD
BE56
3FF2
BE59
3F05
3F45
BF5A
BF02
4008
3FC0
3F9B
3FD5
3F10
3F0D
3F35
BD2A
BEFD
3E4C
3FE3
3D89
3EC6
3FC4
BF94
3F9E
BF4D
C014
3F0A
3FB8
BECC
BD92
BE16
BDCD
3E55
BFEA
BE3D
4019
BFAA
3F16
3FCF
BF3E
C008
BE70
BFA8
3E56
3EF4
BF66
BF6D
3EB3
BF31
3F36
3FED
3FE6
BF9A
3F32
BF9A
3F16
BF58
3F5C
3EB5
3E9E
BE4B
3E00
3F36
BEFF
3F97
3F19
3FB3
3ECD
3FF7
C000
3FBE
3FA1
3FA6
3FA4
BE23
BDD6
3EC4
3F15
BEEF
3E88
BEE6
3F7E
3EEE
3FDA
BF91
3DB2
3F9C
3F15
BE8B
3D50
3F2B
3FAC
BFB5
3F1E
BF83
3F4F
3E26
3F93
3D9B
3FBB
BF27
4000
3FA0
3ED8
BFA4
BF20
BE53
3F8E
3EE2
BFE1
BEAE
BF85
3F7A
3F1C
3FAA
3E65
3DB4
BEB6
C008
BEA6
BFBA
3D8B
BF25
BF18
BF77
BF2C
BF1A
3EE4
3FC6
3F11
3D7A
BFD0
C032
BEF4
BE4D
3F50
3FC2
3F43
BEB3
3FB0
3CEB
BF23
3FA3
BEE4
BF2D
3FC4
BF47
3F0D
BF02
3FC8
3FD5
BCB2
3ECD
BD58
3F36
BF46
BF00
BF00
3D03
BEB8
3F8F
BF3A
BF0F
3F11
3EAD
3F20
BFB0
3E91
3FA3
3F93
3F8D
BDBD
3EC9
3F49
3FB8
BEEB
BF34
3F26
3F83
BCFE
3F40
BF1E
4034
3EBB
3DD4
BFFB
BD7C
BE8A
BFF4
BFDE
BF6E
BF4A
3FD8
BF1A
BEC2
C01B
3EB0
3F82
BF87
BF04
3F9A
3F70
3F3A
BC0B
3FBA
BF66
3E1D
3F5D
BF90
3DF9
BE51
BF07
BFAF
BFD8
3FC2
BDC5
3F39
BECC
BF8B
3F05
BEFA
C003
3EED
BF87
3F62
400A
3FF4
3F7B
BF6E
3F8B
BC89
3EAE
3F9C
BE2B
3F86
3F7B
403A
BED5
BEFD
3E76
3FC0
BFAF
3F21
3EF0
BF79
3EDE
BE85
BFF2
3D16
BF95
3F0E
BEDC
BFBF
3E9C
BF93
3F78
3D44
3F63
3E80
BEE9
BF96
3F89
3E2B
BDB4
3ED5
3EDF
BFC3
BD02
3F3A
BF88
3ED7
3F3C
BFC0
3DDE
3F64
BE66
3E9C
BF16
BED1
3E87
BF03
BF6E
3EBA
BFD0
BF81
BF11
3F6F
BB20
C008
3D3D
BF89
3E97
3DBF
3F8F
BE8E
3E87
BECD
BE3B
3F8D
BF47
3FCB
3E64
BDFD
BF12
3FA7
BF80
3D49
3F88
BE17
3E71
BF1D
3F7C
BE98
BE7C
3DDA
C020
BF59
BF24
BE55
BEE6
3EE5
BF3F
BE19
3F5D
BFE7
BE93
BF56
3E48
BF47
BE33
3F02
BF20
BF45
BDB7
BFD0
BE9F
BF32
3FCC
BF81
3FAD
3FA6
C007
BFBC
3CA3
3F90
3F62
3F48
3E4C
3F82
3F61
3E89
3F14
BF3F
3F0C
BED0
BFB9
BE76
BF1E
BEA8
3FE3
BF98
3E0D
3DFC
3F5E
3D5D
3FE8
3EB3
3F12
BF28
BF5E
3F81
3FC4
3E16
3A82
3F8A
BE71
3E77
BEF3
BFBF
3F0A
BED2
BE75
BFA6
3E11
BF6F
BF97
BE0F
BD82
3D36
3F81
BF7A
BE81
3C04
3D11
BDBA
3F0F
3FD4
BF79
3F71
3FB9
3D90
3CA3
BF0A
BEDE
BFA2
3EFE
4027
3ED3
BE76
BEF0
BF94
3F49
3EA4
3F40
3F1A
BFA6
3C89
3EFC
BF01
3F89
3F73
400F
BF3A
3F17
BF5A
BFC9
3F8F
3D82
3F11
BF97
BF41
3F03
3F03
BF06
BF3D
3C5C
3F3F
3F9F
3FF5
BF14
3E49
3E22
3E5A
BD6F
3FAC
BF02
3FCC
BF9F
BE07
3EB6
BF7E
BF41
BF02
BE9B
BF55
BFAE
3F85
3F27
BE9E
BF7E
BFB0
BE06
BECB
3F51
3F2B
3F0C
BF51
3E8A
3E81
BDB2
BDB2
3F51
3FAF
C003
3EB3
BD45
3F9E
BE89
3FCF
3EB4
BDEC
BF3E
BDB4
BE31
3E93
BFA3
BFDB
C007
3E90
BF1C
3F5E
3DF6
3AD4
3E85
3F0D
C05A
C006
3F3F
3FBB
BEA5
BF91
3A99
BF8B
3F3E
3FE8
BF8A
C006
3E7F
BFD6
3F32
BEB8
4001
BF07
3ED8
3FE4
BF31
BECD
BE07
3EE4
3FD2
3FD3
3E53
BF86
BEBC
BED3
BE46
BCEF
BE53
3FA3
4016
3E02
BD26
3FBA
3F16
BF45
BF1F
3F3A
3E65
BE85
BF9E
3E86
BC0E
BD84
3F75
3F83
3C9B
3F52
BFE1
3FEB
BF82
BF4C
3E4F
3DCF
3FA0
3E52
3E1C
BBCD
3F2D
BF09
BF36
3F91
3F5B
BF87
3FD2
3FDE
BF88
BE54
C002
C010
4021
3F19
3EF3
BE84
BFE1
BE34
BEBF
BF3F
BF93
BF20
BD86
BF4A
BF44
3F18
3F74
3F2A
3F9E
BD51
3FBB
BE99
3F0F
3F88
3E92
3EDB
3DD8
BF9D
3EB1
3F48
BF7A
3FD4
C00C
3E97
3F75
BF83
3E52
3EE3
3F64
3FA3
BE08
BEE5
BF48
3DF5
3ED9
BFB2
BEBB
3EFA
BC87
3E22
3FBE
3E9C
BF93
BFA6
3FCB
3E3C
3FA3
BF3C
3ECA
3FDB
3F0F
3FCE
BFA4
BEBE
BE27
3F1C
3F24
BFA0
BFD7
3ED9
3D00
3F81
BF4C
BF73
BFC6
3EBD
BFA4
3FDF
BD4F
BF77
BF45
BF5A
3FEA
3F56
BE21
3F71
BE14
BFF2
3F92
3E27
BF17
3E76
4010
BD42
BEBE
4015
BF2D
BF73
3D72
BFA4
3D22
3FAD
3F2B
BEB5
BF84
3EAD
3F33
BEE3
BF70
BFBE
BFCD
BF81
BF2C
3D96
3DF5
BF86
BEF2
4005
BF04
BFD0
BF9C
3EE6
BF27
3E33
3E81
3F0D
BFA6
3F57
BDE8
BF27
BFC6
BFC0
3F53
BF52
BF04
3F90
3F81
BF89
3F5A
BF18
BF96
3FAA
3FB3
BD4E
BF89
BF8F
3F93
BE9C
BF4C
BF89
3F97
3F51
BF6F
BF4B
3F30
BE36
3F2B
BDE4
3F8D
BE4C
3F8D
BDB6
BE82
BFB1
3DC3
3EFF
BF96
BF1E
3EA3
BFC0
3F8E
3F7E
C008
4033
3E52
3FA8
BEEA
3F4F
BF46
3F7F
3F0C
BF87
3FB2
BF4E
3F31
3F80
BEF7
BF26
BFA5
3ECB
BFA0
BFDB
BF92
3E5D
BF21
BFA2
3F6B
BDC3
BE3F
BF7E
BFA3
3F8D
3ED8
BE88
BF7B
3B7C
3EE5
3F81
3FB3
BF5E
3D6C
BF5A
BE6B
BFA9
3CAF
3E66
3FBC
BF70
3E99
3F48
BFC2
400D
BE4B
BF9A
BE9C
BF1C
BF48
BF56
3E8E
3FBF
3EAE
3C32
3EF6
4002
3EAD
3F63
BF69
402F
BF43
BF7D
BCD0
3FA8
3E55
3D49
BE81
3F3D
3EF7
3F4A
BE88
3FF4
BE8B
3FA4
3F96
3E1D
3EB8
BF52
3E41
BD46
BFAE
BF2B
3F92
BF03
BFC9
BF4D
BFC6
3F21
405A
3F18
3E2B
BEBE
BF8B
BF78
BFB0
BDF9
BF57
BDD8
BE60
BF58
BF0E
3FE7
BF78
BEEF
3FD5
3F41
3F7F
BF8C
BFE8
BF06
BE12
BFA8
C01E
BFB9
3EAA
3F6B
BDFA
BF46
BE85
3EC1
3D49
3ED4
BE44
3E97
3E1B
3F29
BD65
BF19
3F1A
404D
BCCF
3FB2
BFF7
3E9C
BECA
3F95
3FC0
3F9D
3EDF
BE98
BE9B
3F98
BF7B
BEC2
3F63
BFB4
3F90
BD63
3FD6
3F65
3FF1
BF7E
3F91
BF89
3F2E
BF58
3EEB
BFB2
BFB5
3FE7
BF47
BF02
BF57
3EA3
BEAE
3EB8
BFA4
BF84
3FA8
3F98
BEB9
3FC7
BEE1
3E96
BFD3
BF18
BF15
3E66
3F89
BF9C
3FA9
C024
3F0A
BF58
3F3D
BFC9
3D4D
BF8D
BE94
3EDA
BF4F
4010
BE6C
3F0F
3DE5
3F7E
BDBD
BE84
BF2D
BFFC
BF95
BF8E
BFB4
BFCF
4004
3FC6
BF86
BEA4
BF73
400E
BE4D
3E85
BFD3
3F38
3C3C
3F3F
3F87
BDCA
3F3E
3FA9
BF89
3E8A
BF77
3E86
B848
BFA6
3ECC
C00C
BF6A
BF74
3F67
3F99
3F68
BE5D
3E58
BFBA
BFD2
BEEA
BEB2
BFE6
3EC6
3E22
BFB3
3F68
3F7C
BECD
3DFA
3F40
3F88
BF87
3EFA
3FAE
3EA2
3E8D
3CD2
BF04
4024
BE20
BF08
4002
3F33
3EAD
BFC7
3E22
BFB1
BED4
3EB0
3FAD
3F21
3E06
3F97
3FB4
BF66
3FCD
BF6C
BDEB
BFDC
3E13
BE2B
BFF6
3F27
3EDA
BF54
BF83
3E49
3FF4
3FE7
3F5A
BF1E
3F1F
BF58
BFED
BE64
3ECB
3F2E
3F22
3F9A
3F10
3D61
BF52
404B
BE8C
BFE2
BFC9
3D72
BE99
BFB2
4022
3F42
3FA1
3F5C
3FA3
3ECF
3E54
3E68
BF18
C00A
3F39
3F64
3F06
3E7D
3F81
3F36
BF54
3EB1
BFB3
3E42
BF41
3FBC
3ED1
3FFE
BFCD
3F34
BFB6
BF10
3FBE
3E9D
3F64
BEDD
3F10
BE95
BEAF
BDCC
BFA8
BF87
BEA5
BFB1
3F7A
3E8C
BF08
400C
3D12
3E75
BF2C
BE35
BEF7
3E3B
3EBB
3F6B
3F25
BEF6
BFEB
BEFE
BEA7
3F76
BD5B
BE9B
BE90
3F03
3E07
3FE1
3FA0
BE6A
3F9D
BF1C
3EB7
3F90
3EEB
3F3C
BFDF
3ECA
BF89
BFB7
3F99
BF1D
BEF0
BDD5
BFEB
BF94
BE8A
3EE8
3F79
BE1B
3EF0
3E84
3EB8
3E3B
3F51
BFC0
BBD8
3F12
BFAF
C01D
3E99
BE12
BE82
3F00
3DAC
BCAD
3FDA
3F43
BF1B
BFCD
3F01
BF3A
3F8D
3F22
BF26
BF13
3D4A
BE80
BDD5
BF75
3DA7
BF58
BF81
C031
BE8E
BEC5
3F1F
3CBE
BF4B
3F14
BF15
BE43
3E1E
3DE0
3F79
BF25
3F02
3EA9
3EEB
BE70
3DA8
3FA1
BFEC
3F3C
3FC0
BEE4
3FBA
3EDC
BF40
3FFA
3E2B
3F4C
BFCF
BE5B
BF4C
3DFE
BF4A
BEBD
3EC5
3EAA
3EE1
3FAE
BF3C
3F91
BDDB
3E74
BE89
3FF3
BF53
BCBD
BDC9
3F12
3EB0
BF55
3FB3
BFAD
BF7F
3ECA
3FEC
3F92
3F51
BF18
BE2F
BF72
3F84
3EC3
C039
BF55
BF0E
BC4E
BFBC
3EF1
3F8F
3D2F
4004
3E94
3E7A
3DD0
BED0
3FD0
3F9C
BE1A
BF5C
3FD0
3F4A
BFE5
401E
BF42
BE4B
BF60
3F06
BF8A
3F55
3F8B
3F0D
C00F
3F5E
BEE4
BFF9
3E28
BF7D
3F3A
BFDA
3FB8
3EE4
3EF7
BE50
3F45
BF6F
3F80
3E02
BF26
BF2F
BF10
3F66
BFC4
BE28
3EE9
C023
3F2C
BF46
BEA9
BF0D
BFB2
3E21
BFC1
BF40
3F16
BE8D
BF38
BDBB
3F49
BFA8
3D6B
BF63
3D1D
3EC0
3FE0
3FA0
3FC2
BCC1
BECB
3DB2
BF39
3EDD
BF13
BEBE
BF8E
BF9C
BFBD
BF3A
3D3D
BFF6
3FFE
3F2C
3F8E
3F1D
3FC3
4001
BF37
BCCC
3F98
BDF2
BFE0
BF8A
3F93
3FE3
3F3B
3F6D
3F3B
3F1F
BD9D
BFB4
3D04
3D8F
BF8A
BF94
3E71
BF87
3D35
3F3D
BE76
BFC7
3D76
3EAF
3DB2
3F02
3D99
BEEA
BD2D
3F88
BE6B
BFAC
3F82
3ED0
3F7D
3EC6
3F27
BF9C
BF15
BEE5
3E17
3FFF
BF45
3F31
3F27
3F10
BC9E
BF6D
BDA0
3F54
3DB0
BE0D
3F11
3F0A
BD0A
3DF9
BF87
BF00
3E16
BF21
BECB
BF76
3FED
3E42
BE16
3F1D
3F3B
BF85
3F1E
3E61
3EB2
3E38
3F20
BF91
BF56
BF77
3E31
BFE6
3F28
BEB4
3E94
BE84
3F35
3FFC
3F92
BF84
BF66
BE06
BD97
BF20
BF83
C001
BDDE
3FBF
3F5E
3EF4
BF2D
3FDD
3FBC
BEA8
3F37
BF89
3FF0
BF69
3E03
BF17
BFDA
BFBC
3F15
3EAB
BE69
BE07
3F87
BE66
BF31
3EFB
3FBF
3F59
BFAC
BE72
3FE1
BF26
3ED8
3FA9
BE59
BF1A
3FAE
3CC6
BFDD
3E3E
3F3D
BF49
3F99
BE87
3E9A
BDAC
BFDD
3F81
BEC1
3F01
3D50
3EDE
3F01
3E85
BF81
BF23
BB14
BFFE
BF3B
BFA7
3F9A
BE88
BE93
3F74
3FAD
BE87
3F51
3E85
BF8E
3FAA
3F4C
3E57
3E7B
BEAD
C005
BFC9
BF0A
3F2E
BFD2
3EAA
4016
BF40
BF09
3F11
3E25
BF7D
BFA4
BECB
4009
3ECB
3F9A
3E26
BF16
3DD2
BFC5
BE54
BF28
3F1B
BDBD
3F83
BD2A
3F1A
3EB0
BF74
3E8E
3FB4
BF6E
3E6C
4001
3F39
3EB6
BE75
BEF2
BB2F
BE42
BE46
3DB3
BF8E
BF81
4006
BE10
C014
BF23
3F2E
BF3F
BFE3
BF3F
BF84
3D96
BEEB
BF52
BF7D
3F14
3FB0
3ED3
3EB5
BEAC
BF10
BFD2
3F3C
3F30
BFC8
3F33
3F99
BD2E
3FB0
3E38
3F26
3F06
BEA8
3F5B
3ECD
BE98
BC26
3EB9
BF2C
3F85
3DA8
BE84
BF84
3FB4
BF07
BEDF
BFD4
3F08
3FBF
3F26
3FB7
3F17
3F2A
3E76
BF4A
BEEF
BE32
BFD0
BEC9
BFDF
3F89
BF4E
BE21
3E34
3EA5
3FF5
3FDB
3DED
3E90
3F42
3EA5
3E75
3F83
BEB2
BE79
BE70
BF40
BF17
3E62
BF0F
3EE8
BFE6
BDC4
BFAD
3F4D
3FBF
3EE5
BE25
3FF2
3DD5
3F21
BF56
3EFC
3F70
3ED3
BF84
C021
3D69
3F6D
3EEE
BEC7
3FA6
BFD7
BE0B
BF7C
3EE0
BF60
3F56
BE45
3F13
3FC7
3F22
BF6A
3F9E
3ED3
BF01
BF0F
3F48
3F82
BEC6
3F81
3D16
C00C
3DFA
3FC8
3FBA
BFB0
3FD3
BF8F
BFCF
BF00
3E10
3F4D
BCB0
3F10
BF54
3DE1
BFDB
BFC6
BD9C
BDF4
BEED
BCF3
BFDD
BF81
3F8C
BEBC
3FDC
BE93
3EC2
3F55
3F7A
3F25
3F92
3EDE
BDC2
BF5A
BE96
BE8F
BDFD
BF71
BFC6
3ECE
3F10
BF0D
3FC7
3F8E
BE57
BF92
3FA9
3F18
3E37
C026
3F1B
BEB8
3F9B
C018
3F8B
BF1D
BE39
BF5B
BD8A
3F6A
BF0C
3ED1
BFD8
4027
BE68
4003
3F5E
BF90
BECB
3F1E
3FBB
BE62
BFF1
3FA4
BF25
3F3B
BEFA
3F42
BF23
3E9E
BFCD
3F67
3FA1
BF29
3FBE
3E44
BEE5
BE9B
3F9E
BEA2
3F0C
BF2B
BF34
3F69
3EB9
3E03
3EDF
3F08
BF5F
3ECB
BF43
BF97
3F40
BF5B
3FF4
3DAB
3F93
3F0F
BF96
3FEF
3EAF
BF08
BFF1
3EFB
3FC3
BF7A
3E16
BFE4
BEA0
BF7C
3F4C
3EAF
3E40
BE8E
3F05
3E1D
BF99
3F1B
BFBC
3FC8
BE71
BFCE
BFA5
BF86
BF87
BC87
3E6A
3E06
3EBA
BF8B
400C
BE92
3F74
BF92
3F66
BF2E
3F46
3D29
3EC1
BF75
3DD2
3E68
3FAC
BE44
3F87
BEE0
3EEB
3FBB
BE8F
BF75
BF68
BF2B
BF64
BEDD
BF9B
BF89
3E92
BF66
3F93
3F4F
3F18
C02A
3FA5
3E38
3F0E
BF90
3EA2
3F99
3EA8
BF03
C017
3F33
C00E
BF13
3EB9
3F1F
BEDF
BEC8
3EB0
3EA8
3F60
3E58
BD7E
C054
BF39
BE93
400B
400A
3F4B
BF06
BE5F
BE40
BEFC
C000
3EBF
3EF6
3F20
3F6E
3FD9
BFEC
3EB6
401C
BECB
BE5A
3E02
3F6F
3EE2
4000
BF93
3F7D
3E91
BF86
BF81
3EF9
3EFF
3EBF
3E3E
3E26
3E9E
BF14
3EC0
3EA1
3F1A
BE9D
BF87
3F70
3F1D
3F67
3E7C
3F95
3F1D
3F0B
BE30
3FF8
BECD
3E7C
3EE9
BF2D
BEE6
BF57
BF2A
BEEA
3F19
C00A
3F23
BF7C
BF74
3EEF
BF9F
BF5B
BE6F
BFB3
BEA1
BFA9
C004
3EB0
3F39
BFB6
BF04
BEC6
BE85
BF9E
BF5C
BEF3
BF8A
BF8D
3F01
C02E
BEF4
BC2E
BEE5
BE39
BE43
3EC5
3F5E
3EA7
BF81
3F19
3ECF
3F82
400B
3FB0
BF9C
BEF1
BF83
BC83
BE88
BD3A
3F8B
3EF8
BFCC
BF9C
BEF1
BF12
BFAE
3F40
BF09
3D7E
3F73
BF06
3FB3
3F0A
3FE0
BE3A
BF3C
BF0D
3F90
BDE7
BF7F
BF00
3FAF
3EF0
3FBC
3E2B
BF9D
3F80
BF3C
3F57
3BF9
BE55
3F36
C002
BF12
3EAB
3EF8
3E09
3E77
BF91
3E9D
3E68
BF81
3EA3
BED8
3EB8
3F6B
BF0D
3F7F
3FC1
3F4E
3D46
BFA7
BFDA
3E18
3CCF
3FB2
3F49
BF7E
3EDF
BF23
3DCB
3F4C
C028
4006
BF8D
BEC4
3FF2
3E92
BDAB
BFDD
BF82
3FC9
4008
3FAF
BFE7
3CA4
BE47
3FA0
BF0D
BE0B
BCC2
3F92
3E2C
BF12
BF81
3FB4
BFB1
BF36
3F73
BF51
3F19
BFBD
BEA8
BE89
BCAA
3ED2
BE51
3F65
3F24
3EB0
3EBD
BE5D
BF57
BFD7
BF00
BF22
BE60
3DBD
3EF1
3D48
BE03
BFFF
3FA2
BFAD
3ED4
BF6F
BEE8
3FE7
3ECE
BFAE
BFBD
BD1E
3ED0
3E14
3D72
3FD9
BF51
BFBE
BF9F
3DB9
3EB2
3E23
3EAF
3F13
BFB2
3FB7
BF52
BF82
BF80
BEDD
BF0D
BF5D
BFB2
3E3D
3F24
BE82
BF3A
3F64
3E90
BFE6
3FA9
BF6C
3FCB
BF7F
3EF8
3F8F
BEB5
BF41
3F32
BF21
BFA3
BE6C
400A
BF58
3ED8
BF27
BEEB
3F69
3F81
BF1E
BF19
BE9B
3EAB
BE82
BFD7
3E92
BF67
3E45
BEDF
BFC1
BE9F
3DA2
3F03
3EE1
3DF5
3F67
BF27
BFBE
BEFB
BF0C
3ED0
BF70
BF2E
BE92
3FDD
3F03
3F63
BEE5
3F37
3F0D
BF89
BDFB
3EBB
BF4F
BF4B
BE6F
3DCC
BF69
3EAB
BF50
BDB8
BE3C
BF32
3F38
3F9A
BF50
BF3F
BFD5
BE3B
C027
BD75
3F5E
3EBD
3E09
BF13
3FF8
BC5E
BFCA
3F82
BF81
3ED1
3FA3
BF93
BE13
3FCF
3EE1
BFC4
3FDF
BF2F
BF82
3E5A
BFA2
3F59
3F50
BF81
3EDD
3E99
BFBC
3F3B
3F65
3FC0
3DE3
BF3C
BEC3
3F94
3F54
3F19
3D37
BF34
BF18
BF4B
BC71
3F5E
3F97
3EFB
3F68
BFDD
BF55
3E41
3F9C
C004
3EB8
BFB3
BF41
3EAB
3E5A
3F39
3F19
4001
BED2
BECB
3EFA
BF9D
3F88
3D41
BF67
BF5F
3FE3
3E8C
3F15
3F38
3FF5
3F05
BFE2
BF3A
3F27
3DCB
3F92
BE8A
3F8E
3F57
BEBA
3F3E
BEE4
3EFE
3F5B
3E91
3C8F
3E8E
3F92
3E5E
BE5F
BF4F
BEF3
3F56
BF46
BEF7
BF3A
3FA1
BFCF
3F5D
BF7E
3E55
3F89
3E6D
3F11
3F08
BC92
BF96
3EE7
BCC2
BFD1
BF25
3FAB
BEB2
BF0B
BF5F
BEF9
BFE3
BED5
BF96
3F8D
3F54
3ED2
3FAC
BF9F
BF40
BF37
3F60
BEAB
BF38
3E03
3F23
BFBB
3FC4
3E97
3E3E
3D6A
BF34
BF90
3F2A
3E92
BF64
3F6F
3F9E
3F04
BF81
BEED
3ECD
BEF2
3F5F
BDD9
BF90
3F1D
3E18
BE5B
3ECD
3F5C
BFCC
BFD6
3F91
C006
BF8B
3ED2
3FEA
BF05
3F9D
BFF3
3F96
3EAC
BF2B
BEC5
BFC3
3F99
3E65
BF5F
BFA2
BDC6
3E93
BF5F
BFA5
3FB8
3DD0
3FC0
C008
3F12
BF55
BE87
BFA6
3D7F
BF7C
3F53
BF41
BEED
BF2A
BE28
3E38
3D8F
BE44
BEF8
C07B
BEA9
3EF9
3E04
3F9D
3FA7
BF76
BF1E
BF09
3FBF
BEEE
BE00
BFB8
3F23
3F1D
3FC9
3CA2
BE12
3FC1
BDE7
BFE4
3DA9
BCDD
BE56
BF59
3FBD
BF57
BE37
BF59
BE7F
BC90
3F19
3FAA
BC8B
400A
3F92
BFD7
3F35
3E80
3E4C
3E97
BF04
BF54
BF05
BFB7
BD0E
3E26
BF99
BECE
BF87
3EDA
3EE4
BE07
BF27
3FDB
3D90
3F86
BF79
BB02
3FCF
BF16
3F8A
BE37
3F06
BF30
BFF8
3F9E
BDA5
3FA8
BF86
3E91
3F46
BF7D
C004
3EEF
BF5D
3F61
3E7A
BFAD
3F91
BF22
BF2B
BF6F
3E28
BFD0
3E9F
BF78
BEFE
BEA7
3E93
BFC7
BFE4
3F5C
BE35
BF3F
BF7C
3E54
BFCA
3F8D
3F17
C004
3E22
BE89
BE8A
3F81
3DDC
3F8C
3FA4
C01E
BE16
3F96
3F44
3DAD
3DDE
3F31
3E8B
BEF8
3F87
BF5A
3F2C
BF45
3EFA
BEAF
401D
3F01
3FB9
3E20
BEA5
BFF5
BF44
BE34
3EB3
BF32
3E82
3F6B
3F91
3EF2
BF19
3F5E
3FBD
BF0D
3F07
BFFF
3EF0
3F05
BE0A
BF05
3F48
3EFF
BF86
3F1A
3E9F
3E3D
3E2F
3F7D
BFB9
3F49
BE97
BF5C
3FBB
3E3D
3E29
3FA8
3D6C
3F0B
BF12
3F8B
BFC8
3ED0
3E31
4021
BE9C
3F7A
3F04
BF40
3EAC
BF20
402D
BF3C
BF99
3F3F
BD8C
3F5C
3FB2
3E58
3F30
3F5C
BF27
BF2D
BF12
BF44
3F3F
3FA5
401A
3F85
BF98
BEE3
C010
BEC5
3E8A
BFFB
BE9E
3F3A
3F89
BF09
3E72
BE56
BEB2
BF13
3FAF
3F77
3FF9
3C39
BE38
3FF7
4006
4004
3DDA
3D51
BF85
3EAD
3F80
3F7F
BE20
3F2A
3F8D
3F55
3F11
3F8D
3EE7
BFB6
3FBC
3DB0
3FEA
3FA5
3F6B
BFC7
3F34
BF51
BF88
BF09
3C7B
BFAB
3F07
3F6D
3E58
3FE5
BEF5
3E36
3E9F
3F7E
BF81
BF90
BF62
3F90
BF8C
BE9E
3F42
3FBF
3F0D
3F96
3EF0
3F32
3FC8
3F80
BEDF
BF69
3EC2
BF78
BFEE
3EE1
BE9E
3FCA
3F57
C002
3D42
BF9E
BF33
BFE2
3F19
BF3B
3F5B
BE61
3E78
3F89
BF0F
BF63
3FF4
BFFA
3EB3
3E87
BFAD
3D91
3E87
3E96
3F16
3C83
400A
BF83
BF4F
3E95
3F24
3DED
BE38
BEB7
BD92
BEE0
3F39
BF91
BEED
3F60
401A
3F94
3E91
3DA1
3EB9
3F28
BF28
BF3C
BFFC
3E9E
BEFA
3D86
BF83
BFA9
3E13
BFA4
BFE1
BFA5
BF5E
BEF6
BEC3
BEBE
3EB6
3F6A
3F08
3EA7
BDD4
BFCE
3F50
C022
3EA0
C017
3E74
BED9
BF23
BE5C
BFF4
BED1
3E23
BE77
3DE7
3F78
3F12
BE30
3E36
3F3D
BF8D
BF5F
3F23
BF86
3F37
3E7F
3F79
BF79
3F1C
402F
BE4D
3F6A
3F2B
BFB0
400B
3F77
BDEB
3E8A
4025
4020
BDA9
3FDF
3E95
BE04
3ECF
3E08
BF17
3F94
3E17
BBD6
BFA6
BFA5
BE86
3F89
BFDA
3FC6
BFD5
3E4A
3EAF
BCE7
BF93
3FBA
BEE0
BFCB
3FCA
BECB
3EDE
BF82
BF14
3F90
3F02
BF72
4005
BFD3
3EF4
BEFB
3F8F
3F1E
BE30
BFDE
3E8D
BE1B
BF8D
C019
3E3F
BE99
BE7E
3F3D
3E54
3F6E
BE30
BFA8
3F96
3CA6
3FA0
3F43
3EDA
BFE5
3F1C
3F12
3DB3
BF42
3F41
BE52
BDD9
3EC5
BF2D
3EEE
3DA2
BFAC
3F04
BF08
BF65
BEB0
BF9F
BFBF
3FA9
3F8D
3F94
3F5F
BF15
3FC0
3EA3
3FD1
3F21
3F2A
BDB7
BE8E
BF84
3F8C
3F04
BF73
BEB9
3E4C
BF29
3F1D
3F07
3E7C
3EF0
3EA0
3F37
BF4E
BF86
BFA7
3FA8
BE7A
3F59
3F33
BF4E
3F10
BEE2
3FDA
3F25
BED9
3F02
BCB3
3F1F
BF61
3F9E
BD83
BFE2
BF91
3F36
3F77
BFA8
BCEF
3FE5
3EC1
3F36
3D4D
BF28
BF1F
BEB8
BF98
BD20
3F66
3E8F
3ED2
BFBB
3EBA
3DAE
3EE2
BFBA
BFD6
BE9A
BF94
3F52
BF81
BF34
BF84
3EA0
3FB2
BEC5
C021
3F4A
3F94
3F8F
BFA6
3F82
3EF4
3E81
3ECA
3FDC
BF05
3F54
BE05
3EA2
3F28
BF0D
C007
3E88
BF83
3FC1
3F0A
3F4E
BDC4
BE21
3D21
BDE5
BF0B
BED9
BF48
3F1D
3E35
BF31
3EE9
3EAF
BFB1
BF13
3E78
3F0B
BC92
3F04
BF4E
BF79
3F20
3BF5
3F55
BEDA
3EAE
3EC5
3E29
3F5E
BF6F
3FBD
BEF2
3FA2
BF45
4001
BFEB
3E32
BE17
3E56
BEFE
3E4A
C026
BE79
BF3F
BEBF
BF1F
BF24
3EC6
3F05
C029
BFB9
BC5F
BE16
BF68
BE9D
3F9A
3DA1
BFFE
BF1C
BF32
BB83
B985
3F0B
3EE2
3E78
BF71
BEE1
3FA1
BFEE
3DA4
BF75
400A
BF84
3F02
BF39
3E69
BF15
BF18
BE13
3F03
3F56
BF29
3E1A
3E91
BFB6
BF12
3ECD
3FB1
3D5B
BFB8
3FA7
BE1D
BF30
3F3F
BD16
3DF3
BEA3
BFB7
3F2F
3DF6
3FF6
BFA0
3D31
BF23
3FF8
BF0B
3D84
BEED
BF60
403A
3EFA
3F8B
3FFF
BFA6
3F36
BF21
BF48
3F68
3E45
BEBF
BF47
3F4F
3E0C
3F28
BF32
BF21
BFC5
BFCF
3E9E
3F91
3FC4
400F
BEB2
BFCA
3F44
3F34
3EC1
3F5E
3DD7
3F2D
3F89
BF2C
3F46
BED8
3F96
3D88
BF94
BF1F
BF4A
BF56
BF76
3F39
BE8F
BF2A
BF8D
BE4A
BF90
BF82
3F51
3F71
3ED3
BF91
BF8E
BFB1
3E02
3FDE
BE9E
BF24
BFA8
BF8D
BD96
BF64
BF62
BF91
3F8C
BF96
3D8B
BFBD
BF63
3F2E
BDC0
BD6E
BB2A
BF3D
C00F
BF61
3F69
3E0E
BF84
3E4C
3E08
BDE1
BF61
3DC8
3F34
BD29
BEB9
BE58
BF9C
BF08
3EDC
3F09
3FC9
BC58
BCF7
3E8D
BE1A
BFEF
BF85
BEB5
3F22
3EB0
3F8D
3F55
BED4
3EB0
3FFC
3EE1
BF06
BF71
3D5E
BF95
3FA4
3F70
3F58
BFC4
3F69
BF8A
3EBE
BD92
BC50
3F7D
3EE3
3E95
BEF3
3F84
3F9A
3EF2
3F5F
BED1
3E39
BF6F
BEE7
BE04
BF8C
3EBE
3F07
3FC4
3E5B
C019
BE88
BF9C
3E3E
BF78
BF7F
BE91
BE21
3EAC
3F07
BDDF
3E98
3E13
BF01
3F50
3F1D
BF14
3F0D
BE70
BF29
BE0A
3E7F
3FA6
BF1D
3BEC
4005
3FB8
BEDD
BEE6
3F4E
3EAC
3DDF
3FBB
BF86
3EAC
BF4B
BF39
BD89
3F54
BFE6
3F60
BFFA
3F08
BF8E
BEB9
BF12
3FBC
BFE0
3DF9
BF70
3F82
BFDB
3F69
BFC3
3CFF
BDB3
C00E
BFB8
BFBE
3EAD
BFA2
BD61
BE24
3F87
3E9B
BEAE
BFE2
3EDF
BDF2
BEE4
3F9F
BEEE
C003
BFF9
3F05
3EC0
C008
3F89
BFD6
3F59
BEDB
3E53
BD34
3F80
3F02
BEF9
3F5F
3F1F
3FC5
3F27
3FAE
3E42
BF34
BFCD
3E89
BE51
3EF5
BE50
3FBF
BEB5
BED9
3CC3
3F2A
3E82
BEB5
3E1A
3EE7
BF6F
4015
3EBD
BED6
3FF4
3E96
3EFD
3EE8
BF5E
3DD2
BE7D
3FB2
3FA4
BF5E
BFE0
3F90
401F
BEEE
BF7F
3F1B
BBA8
BF30
BF53
BF57
3FD2
3F36
3F96
3DE6
BEA8
BF06
BE9E
3D21
BECC
BF9C
3F17
BF65
3E80
BED5
BF96
3F89
BCD1
BFD6
BF94
BFEC
C035
BEA3
BE8C
3D47
3E62
3DFD
BCE9
4057
BD51
3F8C
3E6C
BF81
3F9E
3E15
3EBF
BE37
BFCE
BEC8
BF93
3F87
3F95
BF08
3FB1
BFA5
BFCB
3F1C
BF8B
BF73
3EDE
BE4C
3CF5
3F72
3F1E
3F69
BE9F
BFC5
4005
BF10
3F03
3F9C
BEA4
3F99
C005
BEA5
BF85
BFA5
BEA8
3CE3
BEBE
3FA2
BED5
3F2B
3EBD
BF98
BE83
BECA
3EBC
3FF8
3E48
3E39
3FCF
3F13
3E89
BF80
3FE4
BEA2
3F6B
BFAF
3EAD
BF60
BF84
3F47
3F79
BF0C
BEC1
3F23
BCAD
3FA0
3D60
BDDD
BFAD
BFA8
3E58
3AF7
3F02
BEE0
BEEC
3F54
3EE9
3FAC
BEA6
3EDC
3F89
3FA8
C000
BDAF
BF60
3F19
3F78
3D27
BEEE
3F7E
BDFE
3F7B
3F48
3F88
BD5B
3EFE
BFAF
BFD4
3FD6
BF9D
BED2
3D53
4029
3F1F
3F96
3F35
3E45
3FA9
4011
3F98
BF5E
BF4C
BFDC
3EC2
3F79
BECD
BFFC
BE30
3FB1
BF12
BDAA
BF4B
3ED1
3DFB
3F53
BECD
3F17
400D
C02A
4016
BE75
BEB7
BFC6
3F6C
3F2C
3EC2
BF71
BF64
BF5D
BF28
3F1B
3F86
BFFC
BF8D
BEEB
BF96
3F83
BFC0
3F02
3EA8
BF8D
BF25
BF32
BF2B
3ED8
3E84
BF09
3FA2
BFD4
BF83
BEE3
3E6F
BFD5
BFC4
BF2A
3E47
3FF8
3EDA
3E9C
3F48
3FB8
3F2A
3F53
3F99
BFDD
3ECB
3DD7
BFC3
3FE8
BFC2
BE9F
BF62
BE7B
3FAA
BFBF
3F88
BF45
3F07
3E9A
BB82
BF44
3E48
3E87
BE95
BF1A
3E3D
BF18
3FD7
BF9C
3E69
3E17
BFB9
BFC9
BE26
3EDC
4001
3F5C
3F86
3CEB
BFC0
BF73
BF96
BEF9
BF7F
3D99
3F64
BE87
BF1B
BE01
BFD4
3FA5
BED7
BFF6
3F5C
3F81
BFBF
BE6F
BFD8
BDA7
BF09
3ECA
BFEF
BE56
3D9B
BF37
BF84
3F9C
3E27
3E31
BD0C
BE9B
BF25
BD31
3EDA
BF2F
3F7A
4002
3FD4
3E91
3F03
3F13
4001
3FAC
3FA8
BE44
BF37
3EC3
404B
3FE6
BF99
BF0A
BE9C
BF1B
BF81
3F7F
BFA9
3FEE
3F39
BF6F
3FAA
3FE3
BF9E
3EDA
3F13
3F13
BF8D
BE9C
C021
BE1B
3F56
BF69
3F02
3FAD
BECB
BF0F
3F93
3F0D
3F6B
400C
BEB5
3D75
C00E
3FBC
BF07
C032
3E2C
BD57
BEC0
3D3B
BECF
3FF3
BE7A
3F96
3E07
BAC4
BF8C
3EA2
BF05
BE36
BD82
4011
BF89
3D6B
BF8E
3F85
3E94
3EE4
BDE2
3EB2
3EF0
3F96
BE23
BF38
BF83
3EC1
BF12
BF47
3F2D
3F8E
BE78
3F1D
3F09
BED0
3EA4
3F1B
BF82
BFB4
BEC6
3EBD
3FA9
3F74
BFB6
3F95
3F2D
BF83
C00C
3F39
3F52
3F7A
BFDB
3F07
3EDD
3E8A
3FAE
BFB1
400D
3FE7
3F9A
3FA0
BD17
BF51
C029
BEA1
3E1D
3F3D
BDD7
3F78
BEB3
BDF5
BE87
3EA1
BF89
3E80
BEFE
BF9E
BF37
BEB6
BE93
3F7C
3ED6
3FAF
BF8B
BFE0
BEF4
4027
BEF8
BEF6
BF54
BF0A
3F0B
3ECF
3F30
BE78
BFE9
3F13
3DC1
BE66
BEFA
4015
BEE4
3EA7
3F52
3F86
3CC3
BF93
BF40
3ECB
3E4D
3F3D
BF3A
BFC9
BFC0
BF7D
BEA7
3D50
3E16
BFE9
3F8D
3F01
3F16
BFC5
BF5A
BF04
BD5C
3F56
3F40
BF39
3F68
3F3D
3EAD
BE06
3E89
3E53
BF19
BDB4
3F15
3D85
BF0B
3DE2
BF0A
BCAD
3FD7
BE21
3EC0
BF95
BF8E
BEDB
BE65
BF35
3F9E
3F51
3E9E
BD43
3F5C
3F15
BFCD
BF29
3F05
3FC9
C002
BF22
BF96
3F0D
3EE2
BF9C
BF89
3F9B
3DB8
3E4D
3F20
BF28
BF13
BF82
3FD3
3FCB
3FC9
3E5D
3F89
BE6B
3FB8
BF3F
3E64
3EFA
3EB5
3F67
3F9E
BD5A
3DF2
C01B
BF80
3D7B
3FD5
BFEB
BF44
3EF7
BE01
BFA1
3F69
BF43
3F33
401A
3F3A
3E3A
3FFB
3F18
BFB7
3F08
BF1D
3E95
BFDC
BE68
BF04
BEC3
C02C
BEA0
BDDF
BF48
BF9A
3F27
3F85
3F04
C01A
BF3D
BF0F
BEB8
BFA8
BF84
BF1D
3EE0
BF66
BF97
BF0A
3F69
3F28
3E25
3E07
3C90
3F49
BE8F
3F39
C007
3F6E
3F82
3F4A
C01D
3F99
3F33
3E12
BE2C
3F86
3DEC
3CDF
3DB9
3EFE
BEAA
BFA0
3FB6
3F2F
3F75
3FF7
BDE3
3E45
BD8E
BE20
BE8F
BDA8
BCBC
BEF5
BF14
3EA4
3FA0
BF4C
BF8B
BF90
C013
BF8D
3F09
BFB9
BF63
3F06
BF0D
BF4F
3FF4
BF92
BF9F
BFA3
3EBC
3F8F
3EB4
3E65
BF11
BF55
BD05
BF83
BEE2
BD03
3F47
BD75
3FF5
BD44
BF90
3EDB
BF42
3FBE
3F77
BFE7
3E1E
3FD6
BF75
3E1B
BF37
3EA0
BED1
BFA2
BFEC
3F4B
3F54
3FD4
BF94
3FA0
BFD0
3F0D
3F1E
BD64
3F35
3FC3
3FD2
4002
4017
BF3A
3F6A
3DC6
BF5B
3EF7
BF57
3DA2
BF27
BF9D
BF2A
BED1
BE08
BE7F
BEF4
3F05
BFC4
BEAE
BF2F
3F60
3F14
4001
C018
BF9A
BF00
3D4D
400B
BEB7
4004
3F23
3FD0
3FD5
3E16
3F43
BF47
BF4B
BFAB
3E8E
3FA2
3FBE
BD4B
3FEB
3CA9
BEB3
3F5D
3EA2
3FE4
BFE5
3E9C
3E66
3F13
BFB0
3FAA
3F97
3FA7
3F8A
BF90
BFA4
BF75
BEBF
BCA4
3FD1
3F59
3E1D
BFBC
BF8B
BF83
3EAD
3F59
3D58
BE74
BE03
3E90
3F21
3F96
3ED4
BF80
BF15
BFB9
3F6E
BEC3
3F48
3F97
3E66
3EE7
3EB1
3FCA
3EA9
3F9B
401D
3F3E
3F58
BE41
BF03
