3E2A
3FD1
BFA4
BFBF
BF03
3CB9
BFE1
3F76
3E1F
BE7C
3F34
BF99
BBAE
3F55
3EDD
BE63
3F22
3FD1
BF37
3F66
3FE7
BF74
BF4E
4014
400D
BF47
BF41
3F7B
BE89
3F19
BF67
3EE8
BD82
C02E
3FD4
3FC3
BF3B
3EB3
BF71
4036
3F55
BF70
C004
3FBD
BDC3
BFA9
4046
3EF4
BD4F
BF2B
BFC9
3F24
BF34
3F7D
3EFE
3E14
3FDD
BF0F
3FE8
3ECE
BDD9
3D8E
C025
3E26
C02A
3F4A
4001
3DAF
3F72
BFFF
3FA6
BE31
BF75
3ECA
3F3A
BF4C
3E67
BEBD
BE27
3B8E
BF69
3C05
400E
3F8F
3F01
BFDE
C079
BFCC
3F1C
3C31
BF6D
BEEC
3B2A
BF56
3EE3
3FB8
C008
3EF1
3FC8
3F59
C00D
BFE4
C03E
3F05
3FAD
3F5D
BF9F
3FBD
4079
3F57
BEA0
3E86
3F1F
3FC0
BD9B
3FD2
3FB7
BE12
3F60
BE9E
BF35
BF3C
BFE8
C018
BF11
BE5B
BDB2
3F2A
BF29
BF80
4004
3F0C
3F8B
3E85
BF8E
403C
3FD7
BFAF
3CB7
3FBE
3EF1
C026
3DA0
C085
BECC
BFA0
BB90
BF7B
BD27
BF42
3EF5
C096
3F54
3F01
3ED0
BF15
BF5E
3FD4
BF3C
3FBB
3DFA
BFD6
C011
3F5F
BF76
3F25
3E75
3F31
BFD5
3EBF
3D70
BEDF
BBFD
3DAC
3E2B
3FE6
BF85
3EC2
C014
BFC4
3EEF
BE40
3FDD
3F1A
3FA2
3E8C
3FD7
BF45
BF5B
BFA2
4004
BF44
BFAC
3F34
BF9F
BF1B
3F2A
3DEE
BF8E
BF19
BE9E
3F61
BFDD
BFAD
3F16
3D09
3F82
BFB9
3D7C
C016
C051
BF12
3EF4
3FAC
3F9E
4008
BFD6
3FEC
BFDE
BCDE
3FAF
BEC9
3F50
3BE2
3D8B
C02D
3FD3
BD28
3FB9
3F4A
3FD0
3B56
3DC1
3F4D
BB93
4046
3DAB
3EA9
3F71
C00A
BFD9
BFD4
C019
BDA9
3FC7
BE99
BF92
3E96
BF20
BEDD
3E14
BF9B
BFF2
3F83
BF65
3FB3
3F34
3FC1
3DC3
BF5E
3F1A
BF5D
BC66
400B
BF98
3E1C
BDBA
BEB3
BDDC
4008
3F64
BF17
C00B
3F98
3FBB
3AD4
C012
3F9E
BF64
BF23
3F8D
400B
3E1D
3F1C
BFE9
BEB4
3F0A
3EB9
BCD6
3EB7
BF4C
3FC9
BD88
3F27
BF3B
3FE0
C03B
3F5B
BF50
BF6C
3FF7
3B7C
BFD0
3CDF
BF7A
C047
3F97
3FC0
3F42
3F31
BE3A
3EAC
BF0A
3F7F
BFD2
3F7E
BF8F
3FC9
3F96
3FAA
BFC9
BDFD
BF23
BF2F
BF68
BE1A
3ED5
BFA4
3EB7
3F9A
3FF2
C019
3F28
BF3A
C00C
3E10
3F86
3F40
BF42
4036
BFD5
BEB4
BF76
C02E
BEAE
BF5F
BE0F
4017
4018
3FA2
C006
3E21
BEFF
BF8D
3F0F
C02F
BF86
BF0D
BF5C
3DB4
3FE9
3F76
3FDB
3F74
3F3F
3F20
BFAA
BE87
3DE4
BF5E
C02D
BFEF
BE89
3EF6
BFB6
3F0D
3E07
3F58
BEA3
3EAE
3F23
BE8B
BE5E
3E38
BE90
3F04
3EDD
3F73
C05C
C019
BECA
3F8D
3F8D
3FB7
BEC2
3F52
3D99
BEAF
C008
BE24
C004
BFB1
BFA9
3F02
4070
3F14
C009
BEE9
3F66
3EC7
BF59
BF1A
3F6A
3ECB
C05C
3CE6
3E40
BF86
3F1A
BF51
BF8C
3F89
3F91
4012
4029
BFEF
C018
3F1D
3EE0
BFFF
3F9C
3F3F
3F99
3DD7
BF89
BFE3
3F1F
BEDF
3F8E
3EB7
4008
3FDF
3E3E
4028
3EEB
C0CF
3F97
3EC4
3C02
3E99
3E64
3FEC
3F11
BF51
3FA6
BF5C
C00E
3EAA
408D
BE3A
3F40
BF87
BC1F
3EB1
BE53
BE53
3E04
3918
3ED6
4028
BF9D
3F47
3FDF
3F9A
BF4B
3E55
BDFF
BFBD
3F58
BEDA
C057
3E18
4031
3E95
BEB6
3F64
3F6E
BFBE
3E1F
3E4A
3F16
BE48
3E36
3F0E
BF43
3F7A
BEEF
BF11
BF1B
BC67
BF58
3E83
3E8D
BEA2
BFB6
3F56
3F00
3F85
C08E
C00B
BFB4
3F2A
3FCC
3F8F
BEDB
BF14
3F53
3F8A
3FAA
BF6F
BF8A
BFA2
3FA5
3D24
C00B
BFB8
BF0D
C018
BF0C
3FC2
BFA9
BFF7
3F4A
3EF2
3E47
3F94
BF09
BF53
3FCC
BF8F
3F34
C003
3F0D
3E21
BF56
3EAA
C009
3FA8
BE96
BF89
3F34
3C9A
3F97
3D91
3EA6
C029
BFCA
3F04
3FBA
C062
3F0D
BFC9
3E13
BF89
4080
3FA9
3F18
BFD2
BF9E
C04C
BEF4
BE65
3FE4
BF6D
BF90
C05C
401C
3FE5
BFC1
C059
BF82
3F25
3F8E
3EB2
BF13
BE6A
3FA3
BEAD
C080
3E9E
BE4D
C01B
3F9D
BE4E
3F87
BF5B
BF26
3F7B
BE84
BF76
BE55
3F69
3EB5
3E05
3FB7
3E1E
BF9B
C00C
BE9C
3E25
BE6D
BF7D
3F00
BE27
BFC3
BED2
BE02
BE00
BF20
BF0B
3F4A
BF10
BFB9
3E4E
C01D
BF85
4013
BF68
4036
3FA2
BF3D
3F92
3E32
BF68
BF5D
3F06
3EE3
BED0
3E42
BEF9
BFB9
3F75
3FC8
BF2A
3E5B
BF4E
BF18
4016
BFE7
3FD8
3F34
BEA1
BCEC
3E8E
4016
3FA1
3F7E
BF4F
BE9A
3F13
3D5E
BD38
C020
BE62
3F09
3D85
BF13
3F6E
3F99
BD92
3F3C
BF98
3F01
4004
3FF7
3F97
BF12
3F9F
3F9A
C016
3E14
BF04
3F40
3FF1
BF30
BE49
C021
BFD7
BF94
3F96
BEEC
3F08
BF04
400A
BE8A
BE4F
3FB4
BF26
BF36
C02D
4029
BF46
BFF7
BE94
BF5B
3F32
3ED4
3F80
BD85
4031
3F40
3F23
3FF8
3EF6
BF8B
4036
3BD6
BFFD
BFCD
4051
BFFE
3F07
BF64
BF19
BFE8
C005
3F24
3B3A
3FBE
3F29
3EBA
4026
3F7A
BE21
BF73
BF5C
BFD3
4006
3EF7
BF0F
3EB7
BEC9
BFC8
3DC5
3E96
BE2F
BF0E
4064
3FC4
BEA9
BF9A
3F8E
BEEF
BFBA
BFE7
3B30
3E6F
BFA8
BFBF
3FF8
3E9F
3F68
3F20
3FA8
C013
3EBF
3F73
3FB5
BF7D
3F9C
BEDE
BEDF
BEFD
3FD9
BF0A
BEE1
BD2D
3FB0
3F02
3F7E
BFDF
3F7A
4014
BE15
C037
3FB5
3ECA
BF56
BE69
3F53
C020
401A
C027
BFAE
C022
3CDF
3F0C
BFE7
3FB5
3DEF
3EAA
3AC0
4026
3DE4
3F1A
BFF7
BFAC
C090
3FAA
3F9F
BF74
4017
3F15
3FEB
C019
BFC6
BF8A
BFF0
BCEC
3FFE
BFD7
3FF9
BD75
3D7D
403F
3DCC
BFA8
C03F
3F77
BE80
3F39
3E12
BF8B
BB6E
3E94
3F61
BE9F
BEE2
BF99
3FEB
3F06
BF95
3F58
BF56
BF95
BF1E
3F62
BC70
C000
3FCE
BF94
BECB
BE77
C00F
3D5C
3F7C
BF67
C0F0
BF12
BFA3
BF21
BF36
BE27
3DA2
BE4B
BF76
3F45
3F04
3E5A
BE89
BFA1
3EEA
BFE9
3FCB
4080
C046
3CFC
BF07
3F9A
BF9A
3F88
BF5F
BFF4
3FA5
3FCB
C00E
3FBB
BE8F
3D25
3F6D
BF80
3FED
BF77
BFAB
BE6E
3EED
4043
BFD0
BF49
3B30
3D94
BED8
3FE6
BE4B
3F91
C09D
408B
BF33
3FA6
BF2B
3FD3
3F25
BDB5
3FEF
3EF1
3EE0
3EE6
3D19
BE5A
BEF1
3F70
C052
3FC5
C003
3C80
BF8B
BF9A
3CB7
BFB3
3F56
BEB2
BE5F
3F46
3E48
BF42
3F41
3E51
C028
C02E
BEDA
3F55
BF64
3F90
3F87
BFF2
3C99
400E
3E25
BFD4
BF59
3F2E
3E00
3FEA
BFA5
4015
3E4F
3D0D
BF55
3D61
BFC0
406E
BE70
BFB7
BF5D
3ECA
BF96
3DA7
BFF5
BF23
3F6D
3F96
3E36
3F21
3F93
3E3C
BFBB
BFC1
3FBC
BE71
401D
BF9D
3FDE
BD70
BE86
BCA5
3EBB
3F8D
BEBD
3F53
BFE3
3F1D
3EBE
BF5A
BF1A
4001
BFE0
BEAE
3F8D
3F90
BEF1
3FEA
BF0D
4013
BF53
3F20
BF88
BF77
3E3C
BFDC
3E0F
C02E
401C
BF5E
3D0B
BF2C
3F46
3F0A
3D35
BF24
3F99
3F0E
BF3B
3F45
3DD3
3F37
BE01
3FBE
402E
BF29
3FB1
3F28
3E27
BFC0
BFED
4029
3F8A
BD30
3ECC
3E03
BE3F
3FE1
3E91
4016
4042
3F21
C024
BF64
3D9F
BDBE
BDDB
3FC9
3EC9
BE95
BDF2
BF58
BF81
3F46
4019
3F3C
3F5C
BF6E
3EA6
3EC8
BEC8
4003
BFE8
BF05
3DCA
3FCB
BE88
BF32
3F66
BF14
BF7F
BF79
BD91
3E0C
3F9B
3E8B
BFBE
BFD2
3F0B
BF37
4024
BF21
3EBC
BFC4
BD57
BFA1
3FE9
BE88
3F22
C021
3FB4
C020
3FEA
3E4C
C01F
3F07
BFBA
4012
3F17
3F7E
3FF6
BE0B
BF1B
3F2B
BE97
BF5B
BF25
3F1E
3FD6
C062
3EB1
3E81
3F66
BC25
3EA5
3E82
3F10
3F7D
BFCB
BEBD
BEA2
3DA1
402E
BF51
BE34
BEFF
C03B
BFB9
C020
BF78
3FF9
3E2C
3E76
BFFF
3D7C
3EC7
3FE6
3F8D
3ECB
400E
BE6A
3FAF
BF50
3F4F
3F16
3D20
C01F
3F76
3F32
3E71
400F
4012
3EDB
C024
3FA5
BF82
BFBA
BF58
3FAB
BF13
BE16
3F30
3F34
BDB6
BF8E
3FDA
3AFE
3FB2
4026
3F84
C017
3FD7
BF28
3F93
BE2E
BFE1
3E76
3EAA
3F51
4009
BE87
BF38
BF9F
BE3A
BF91
BF3F
BE76
BFEB
3FB3
3F1E
BEDA
400C
3DC5
3E8C
3FB9
3E75
BF7A
4074
3DA1
3F74
BF8D
BF71
BF91
BFA1
4041
3F14
3D94
3DDE
3F3E
3FBD
3E21
3CF8
3F61
3EB8
BF23
BF18
3F98
3FFA
3D83
4095
3F28
BE80
BF9F
BF86
3F88
BEBE
3F5A
C006
3F31
BF12
3F38
3ED1
3F28
BE5F
3F2C
BEB3
BF2F
3FAC
3E90
BF39
C003
3FD5
3FA8
BFB1
BD8A
BFB7
BF01
BF2D
3F0A
3E7B
3F49
C004
402B
3ED9
BFBD
BF32
BF50
3F55
4074
3F68
3F66
BF6E
BE74
BF09
BF05
3E8B
3EDC
3F8F
BEF8
C037
3EF6
3EB7
4024
BF2D
BF6E
3FA1
BF81
3F84
3EC4
BF5B
BE1F
BF7B
BF15
BF83
3ED6
4016
3FF7
C047
3D43
3F0F
3FBE
3F91
BF8D
403E
BF41
BF84
BE9C
BFD0
BF8C
BF37
3F3D
C014
BDA1
BF55
3FCA
3F94
3F4D
BF24
3CC0
BF5F
3F2C
3F4E
C015
BF7A
BFDD
3D77
3FF6
4031
BCFA
3F48
3FC4
BFD9
3D6F
BE37
BE25
404A
4004
3D2F
BF10
BEC6
BFE1
3FFB
400A
BE11
BFEE
BFDF
BFC7
400A
3F56
BF57
4022
3F20
BF62
BF9A
BFF9
3E67
3FD8
BFC2
BF22
3F93
BF97
3F5A
3D95
3FE3
408D
BF2A
3F2E
BFB0
3F73
BDD5
BFA1
3E40
3EAD
3E94
3CCA
BF11
3DF2
BE8A
3CC8
3FB2
3E19
BF89
3F29
BE82
BF97
3D0D
3E0C
BFA3
3F7D
BF71
3FCB
3F90
3EB2
BEC2
3DEA
BE84
BFCC
3F67
3D39
BF03
BF8C
3D57
4002
3F81
BFD6
BF8B
3F12
3F9F
BFE3
3E58
BF9B
BF55
3F75
3F04
BE89
3DA6
BF58
BF92
3FD3
3DC8
BF24
BFB1
3FC6
3EEA
BDE7
C0AE
BF8D
3F68
BF00
3EEF
3C46
3FFC
BCC6
3F99
3FBE
3EC7
3FD7
3F23
3E9D
BF4F
3CB6
BE3A
3F10
3FB5
3E87
BEDA
BFA7
3F6B
BEBA
BF05
3E18
BF91
3D16
3FDB
C076
3F46
3F18
3FCE
3EB7
BE15
BDF3
BF88
BFD9
BF86
BF99
BD33
C036
3F58
BF97
3F74
3E17
BF3A
3FBF
C02D
3FAC
BFD4
BF4B
3CD0
3ED0
BFFE
3FB7
BF2C
BFD2
BFC6
3F97
C0A7
BF33
3F33
3C47
BFC3
3F0F
BE76
3E0A
3EB7
BF2C
3F79
3E52
BF27
C021
BFA6
C00C
C001
BF5F
BE30
C017
BF80
3EB5
3E0C
3FCE
BFAB
BDDB
3FA9
BF27
BF27
C067
3F87
C010
BED0
C012
BFF6
BF31
C036
3F99
BF73
BF17
BF49
C065
C06D
BD1D
3D5B
403B
3F02
BE39
BEAC
BEF1
BFF8
BEA9
3FEB
3E30
BF27
3F92
BEB6
3FAF
3EE2
3FA5
BF67
BFA8
3F41
3DC6
3E63
C01A
C00C
C001
BEE1
BF91
3E3A
3F2D
BD5B
BE49
3F75
4087
BF48
3F82
401E
3FCF
BE3C
C00D
3F2E
3E53
BCD8
3FEC
3E69
3F1F
3E5A
4026
3F3F
C02A
3FDC
3F8A
3E9E
3EC2
BEEB
BE8F
BFCF
BDE3
BF0D
3F8B
3F20
C026
3F1F
BEC8
3E12
BE9C
BF63
3EF0
3E52
3F51
3D74
3F85
3F6E
BFAE
3FC5
BFC6
BB25
BF88
3ED2
3E9A
C019
3F16
4030
BF2D
3FD1
C016
3F06
3FEE
3FB9
BFCF
4002
3F82
3F07
3FC4
BE8F
3EA1
4042
BF37
C0C9
3F83
3FD9
BECA
3FF6
3E6C
3F92
BF23
3DB2
BFCA
403F
3F1E
3E68
3F83
C01F
BED9
BF89
3FC1
BE81
BF96
BF96
BF0B
3E82
BEA4
C034
404C
3F4D
3F38
3F60
3E87
3F19
3EE9
BF3E
40A5
BF84
BE34
3F69
3F21
4067
BF7C
C0B5
BFE3
BF6F
3FA7
3E9B
4021
BFB9
3F9F
404B
3E62
4009
BF09
4028
405A
3FDE
BEE4
BE97
3F99
3E81
BE33
BEDC
40C0
BEAF
BFCA
BE90
BFD4
BF0F
3DA9
3FA2
C0A7
3FBE
3F5F
BEC5
3DB6
3EC8
3F63
BF97
3FE1
3DBB
BF63
BFAC
BE0E
BF7D
3F1F
BE68
3FF6
3FAE
BF40
BFCC
3DC4
C089
C027
3D47
3FAC
C020
BFE6
C05E
BFD9
3F67
BD98
3FC7
4000
BFD8
BE04
4038
3F7C
BF1B
3F65
4057
3FF6
BFBD
3F33
BF9C
BE98
3EBE
BFC1
C002
BEEA
BF88
C049
BF30
3F0B
3F7B
3EC5
3FA2
BFDE
3F5B
C01C
3F8A
BEAE
3F3A
3F54
4004
4088
C00E
4092
BFBD
3D45
3FD5
3FAB
3FAA
3F61
3EEF
405A
3F69
BFB0
3E76
BEAD
3F8C
BF87
BFD7
4001
3F31
405A
C05A
3F0C
3F01
BEB7
3E9D
C034
4086
BEAC
3F67
4040
BFEF
BF9B
BF32
BF1D
BFFB
BED2
BF58
3F19
BF31
3F7C
3F65
4014
3F5C
C099
3F8A
BE70
3F5F
400E
BF4F
BFAD
BF7A
BF37
BDFB
BF30
3FA7
3E81
BFE5
404D
3F21
BF7D
3F82
3F6E
3F21
BFCC
BECA
3FB5
BF23
3DAE
BFEE
BEED
BF7C
BF4B
3F4C
3F96
4012
3FB0
3D5C
3FE0
3F59
4011
C052
4027
BD34
3D6D
3F13
3EC4
BFD7
3E47
C003
BF22
4029
3FC2
3F9F
3E6A
BF28
C040
C023
3E01
BF6C
4005
3ECB
400E
3DC6
BFC3
BF7B
BEDD
BF81
3FA2
BEED
3FA6
3EFA
BFA4
BD78
407B
BEA9
3F05
BDF1
BF83
BF9D
BFDE
3FC4
3FD1
C02C
4001
BFF4
3FC1
BE15
C029
BF41
BEA0
4067
406A
3FE6
4021
BEB8
3F0D
BFEF
BFB2
3FA1
3FED
BFEF
BFA4
BF80
3EEA
BF92
BFE1
3FD2
3E95
3F3F
3F54
C049
BE72
3FE9
C01B
BF5C
3E51
C006
3EB7
C032
3F86
C017
BEE7
BF6F
3EBD
3D3B
3D92
BF26
BFC8
3DD8
408F
3F3F
3FD1
C08D
BF81
BEC5
3F34
3F1F
3F82
BF11
3F79
3FC6
3FA8
BF42
BF6F
3E8C
3FE4
BFBD
BF63
4083
4061
BFFD
BF98
3F6D
C029
BF1B
BF23
C012
3FF1
C088
3E97
3EA7
BF57
BF9C
C045
BF9E
4094
3F3B
3FFC
3F66
C012
4054
3E22
406A
C022
BF9E
BFCF
3FC6
3E31
BDDE
C00A
3F13
3F7F
3DC3
3EAD
4093
4049
BE46
4029
BF1F
C10C
3FC4
BFA5
BC67
BCFA
3F39
3F56
3F85
BFFA
3E10
BFDC
BFE4
BF1B
C023
3DC4
3DBE
BF2D
BDA3
3EF5
3FE4
BE12
3F9A
3F70
3FC7
BF29
BFB8
BF8D
3FE9
402B
4041
BEAA
3FF8
BFD0
3F81
BF6C
4078
3F6C
3FB1
BFC6
BEDE
3F94
3FBA
C00E
C06B
C040
3FF7
C025
BF4C
3FCA
BFE7
3F9D
3F73
C022
BF52
3EE7
C011
3D9C
4050
3F7F
3E38
403D
BE93
3FB2
404C
C030
C045
BFAC
3F30
400A
BEC5
BDFE
4079
4015
3F80
3F8B
C02F
C008
405D
3FC0
3D57
BFD0
C037
C015
BF6A
3F0B
C015
C014
3DF6
3F86
3F16
3FF2
3FEB
3E44
BFAE
BF64
3FEF
C003
3F3D
BDAB
4002
BF07
3F91
3FA6
BEAE
3D03
3F44
3F3A
3FCD
3DEA
4004
4030
C02F
BE71
3FDE
3FA1
3F32
C009
C058
BFFA
BF82
3C79
3E22
C009
BF92
BF8C
BF32
BE2E
400B
3F26
4000
BFE4
C07F
406E
3F30
BF28
BFE9
3E0F
3F6C
3EAA
3F99
BF15
BDEC
3F80
BFA2
3F5A
BDA6
3FDD
3F62
4023
3F6C
BF77
BEF7
C050
3FB9
BED0
3F82
3FA1
BF1A
3F1B
3FF0
BF56
BF3B
C057
BD66
BEA0
400F
3F41
3FBA
C061
407F
BF68
BEB8
3F76
3FDE
BF4A
3F10
BF08
3F25
4020
BFD9
BF95
BF82
3C6E
3FC2
3F8C
BFB9
3F81
BF17
3CC2
BFE7
3F50
3FB0
BF2B
3F50
3F90
C00E
3F69
BFEF
BF33
3FF8
C06C
3F0A
404D
C02F
3FA0
405E
BE2C
BF84
3E2B
3F3B
401D
404E
BF75
3E8F
3D12
BCC9
BF9C
C04B
BF05
BFCD
3ECF
BF18
3F28
3DD3
BEE3
3EE8
BF09
3F96
3FC0
BE91
3FE0
BEC6
3F8E
3F4A
C007
C016
3DEC
3F06
3FE0
BFF2
BFE8
C060
4039
BF2E
3F4F
C013
3F8E
4026
4035
BF19
3FC7
3D94
BED3
BED8
3F43
3F6B
BF20
BFA7
BF88
BF86
3F8A
3FBB
BF55
BF85
4070
3F25
3FBF
4077
3F0F
BE30
3E6C
BF0B
BFC3
BF9D
3F14
C036
3EA6
C020
BF40
3F1C
C010
3F85
BEAE
3FF0
BFAA
BEA8
3FEB
BE28
BF86
BD9C
BF30
BD2B
3FF6
3EA2
BF6F
BED9
BFD8
BF82
3FF1
BE77
C098
BFB3
3F81
3F76
4040
BFAC
3DC7
BF24
3F4D
C02B
3DE0
BF71
BF57
3E0C
4087
BF6B
4001
4017
BF7B
C00E
BF0C
3F5B
4080
BFB3
4019
BEFD
BFBB
BF7E
3F1E
BF5F
BFA7
3EC1
3FC6
3F6D
3F17
C003
C000
3F96
C009
C051
3FB7
BF23
C010
BF4B
400D
3FBF
3F57
C060
C013
C00D
3F62
3F01
BF9A
BF20
BF22
BE78
BD18
BF2D
3BEA
BFA6
BFA5
BFC4
C05F
3F4C
3F8C
3F44
405B
400B
4019
BFE7
C058
3FE3
BFCB
3F79
3FD7
C004
BFF6
BE17
3ECA
4019
BFB5
3FDA
3E1B
3F88
C02D
3F09
3F35
BF97
3F01
3FA4
3F3E
BF8D
BF7B
BF96
4008
BF35
C000
3EF3
BF96
BE96
BF79
3E14
BE89
3F6C
3FD5
BF8E
3F60
BC87
C017
BE91
3F1D
BF60
4069
BF89
4073
BFFF
BD39
BB5A
BE41
4005
BFC9
3F0B
4011
BE94
3F05
3EDD
3F53
C00F
3FF2
3F16
BF78
400F
BF7B
4073
3EED
4067
BFC2
BFB7
3F0D
4020
BF50
4066
3E07
3DCB
BEC3
406D
BF3D
BFA4
BF9E
C013
4004
4040
BFF3
3F98
BF2E
3D95
BF1F
403E
BF32
4019
3F94
403D
BF48
BE7D
BEA0
3FB2
4009
3FBE
3FA5
3F78
3F21
3FFA
3F9F
BFD9
BF78
3F6D
407F
BF4E
BFBC
3F5B
BFEB
BF28
3DE6
C01C
3F7F
3D20
3F06
3F8B
BF5A
BF25
402C
3F5F
BFD2
BFE1
4056
3F47
C011
3F58
3ECA
C003
BCFE
4017
3E6A
BDCF
BFA8
BBBB
BC2A
4029
3F3B
40EF
3E85
3F90
BF57
3EB8
BFDE
3FFB
BF88
BD08
BFCF
BE0C
C08E
3E14
BF11
BF02
3FC0
3F07
4006
3FE8
3FF5
3F54
3E3D
3FCB
C077
BF91
407A
3FD7
3EAB
3F1B
BF9E
3D8F
4014
3D03
BE5F
3FDA
C003
3F4E
3E92
C030
BF40
4019
3F1B
BEAB
BF77
3FB2
3D06
BF42
4094
C02F
C01E
BFC7
BF28
BF81
BFFC
BFC8
3DF7
BF85
40C1
BF34
3E75
3E91
3FCD
3F1E
3E49
BF60
401A
3E2F
BFEA
402D
3EA5
3EB9
BDC6
3FBF
3E92
BF91
C037
3EBE
3F3B
3FB9
BFE4
C083
3F35
3EBC
3F7D
3E80
3D95
4062
3FCC
4095
C0A8
BF55
C03E
BFC3
3F7A
3FAA
BDB8
3F72
402D
C01B
BFDD
BF7C
3F85
3FDA
3FCB
3FA0
3F3A
BF64
3F81
3E2F
BD28
401D
C015
406F
406C
C046
3E98
BF69
3CC5
BF44
401D
C00D
BF7E
BF85
3FAB
C036
C032
C03E
3E79
4016
BE08
3FCB
3DE8
3FAC
3F37
BF8F
3F17
408E
3FDF
BFA1
BF59
C011
BEBA
BF2D
C004
BF6D
BFFC
4051
3F86
3EDC
3FA3
BD75
BEF6
4095
C017
BF96
BF47
BEAB
3FB0
4020
BE6E
3F59
3FC0
3D86
3F94
BE30
BDFA
3FA2
C005
BEBD
BE4B
3C54
4079
BFDB
BFBF
3F1C
4037
BFC6
C01C
C02C
4035
BD4A
BFE3
BFD2
BEB6
BF56
3FC8
3E27
BEA0
400F
3F54
3F89
BF1C
BFB2
4017
3F80
C035
C05A
3F0F
3FE9
3FF6
3E8D
BE47
C034
BE21
BFB6
BF97
BF47
4003
C019
BF4B
3F0F
BFB5
BF2D
3EF8
3F05
4011
3F89
3F87
406A
C0A0
3FD7
BFB2
3E95
BEB1
BFCF
3F87
405F
3CA2
400D
BF3F
C08C
3F58
BFEB
BF3B
BFA5
BF1F
BFC7
3FB8
4031
BF39
4032
BFE9
3FA1
3FA1
3F78
3E19
3F3A
3E87
3E3B
405F
BF73
BF18
C00B
3FC6
BF5D
3E74
3F38
3FE0
BFE9
3F90
C03A
3FBD
3FC7
BEC5
BF33
3F56
3FEE
BF80
C034
BE4D
BF74
BF5F
3EB8
3FAF
3F7D
3DAB
C069
BF11
3F22
BF5D
4061
4069
BDCD
BD89
3F85
405A
3FA9
BEC2
BF83
C03E
BF55
3F10
BDF1
BE0E
3F9C
3EE8
C020
BEE4
4075
3FCA
BF99
BECB
3FA6
BFBF
BF73
BF99
BF45
3FF4
3E7B
3ECD
BF08
3F09
BFDB
3E8D
3E4B
400F
BF33
C05D
3E3C
BF98
3F3C
4085
3FC4
BFC1
3F80
3DC0
3F82
BE76
BF53
BF99
BF7A
BFF6
402A
3F61
C054
3F5C
BF5B
BF28
BF2A
3F5C
3F7D
3E82
4030
BFC0
BF6C
3F29
BFF6
3EEB
BFB4
3EF3
C00B
BFB8
BF90
3FB3
3E68
3F7F
3E96
B8C0
BF43
3F8B
3F9F
C034
3F15
C030
BF97
4020
3FD9
3FC4
3F35
4034
3FCC
3FFA
3E76
BF93
3F9E
405A
4051
BE3F
BEF4
BFB2
3FF4
3FBF
BD89
BFEE
BFE5
3F94
3F9E
BE58
BF58
3FB8
3F2A
C032
3EA3
C01D
3F99
3EE9
3FB4
3E14
400B
BF8A
3F29
3EBC
40FC
BF52
4008
4004
BF6E
3F93
3F57
BFA4
3F09
BF83
BD39
C007
3E8F
BEDD
BE60
BF9B
3FA0
3ED5
BF74
3F12
BEF1
BFAC
3EB6
BFE5
3E05
3F86
C01C
404D
3FBD
BE67
3FA6
402E
3F96
BF95
4069
BE9D
BF3B
BDBF
BF15
3FF7
3F29
3F80
C05D
BBE3
405C
3E1B
BDE6
BFA4
BFB3
3FDE
4007
BE54
3D99
BF53
BFAA
BFFB
BFC6
C011
BF07
4008
400F
3F07
BFC9
BFC1
3FD3
3F83
4030
3F37
4030
BFDA
BF97
3F8F
3EB1
BEA7
3F32
BD96
BF45
BFE5
BF3C
BEF8
405A
3E53
BECB
BFDC
3F87
BE86
BE27
BF89
BFCB
BF11
408A
C054
3F39
3C58
BF9E
400D
3ED2
BDBD
BEA4
3F43
BE3D
C003
BE87
4003
3F64
BEF2
3F6B
BE8F
BF94
BF62
402F
3FF7
BFE7
C040
BE6B
3FBF
C045
3F88
BDAE
BFE5
BF54
4002
C0A5
BF1F
BF6D
C05B
C03D
3FFD
C095
3E42
C022
BF0A
406D
BE82
BF2A
3F82
BFC6
C020
C015
BF6D
BAB0
BBE7
3F9C
BF32
3F28
4015
BFDA
BF86
3F64
3D58
3F0D
4001
3FAD
C039
BF29
BFE8
BFFB
BF2F
4045
3FD9
C02E
BF23
BEAF
BF17
C038
C012
3EE5
3E10
BF77
BF58
BEDD
BF96
C046
3DAB
3FF8
3F59
400A
3FC8
3F0F
3FCC
3F8A
3F17
3F87
BF0D
4001
3E66
C051
C023
401C
BF97
3ED6
BF4D
BE7F
BE34
BE76
BF40
BF2A
C049
BFF0
3FCF
3E9D
4002
BFCF
4093
C09B
BFF0
BFB5
3F4B
3F6C
3FD3
BF40
BE6F
3F7C
BF8F
403D
4005
BF21
3ED9
BFA7
4006
BE5E
3EAD
3FAF
C05B
BF51
C08A
3F4F
3F1D
4024
BF95
BF2C
3F4E
3FEF
3F4A
BEF7
BEB2
4032
BF05
3FA1
C000
3CC0
BFFD
3F84
4002
3F98
3EEE
3FCF
3EC9
3FEA
BFD2
3FCD
3F94
BBA2
3FF6
BF35
3FB7
BF35
BDE7
BF08
3EFC
4051
BF66
4077
3FBA
3FF2
C057
BECB
407A
3E82
3FCA
3E1F
C008
3FD2
4035
3D4F
3F0E
C00F
3E92
400B
3F27
BE23
C053
3E57
C0C7
3FEF
3FD8
BE18
C039
406F
3F90
3F8B
400C
BDF2
4051
BDE5
3FDD
C031
BCDA
3E65
BF31
BFD4
BFAF
C07F
BEEE
C00A
4044
C01E
BF83
BF02
C093
4058
BF94
4080
BC24
3EF4
4062
401F
BEB3
3EFF
3FD5
BDE3
4007
3E18
3DB8
3F8D
C031
3CA9
BFD7
C0AB
BFAF
BF17
C005
3FEA
3D1D
BF0A
3F1F
3EF6
3FA6
3FBE
404D
3E78
3ED9
3FCD
BCE5
BC9C
BE52
3FB5
3ED8
400E
C015
BF7C
BE10
C030
BFD3
3E3F
3FFE
C017
3FBF
C023
C010
3FD2
BE74
3FC6
3F27
407A
3F2A
3F9A
BFAE
BF44
3D2E
3F89
BE90
3F34
3F5C
BF94
3E9D
3F3D
3F22
C013
BDE6
3E70
BFF4
3EBE
3FB9
3FAA
BF0A
3FB5
BFEC
3F31
C025
BEA8
BEE0
3FE6
3F24
4033
3F30
40D3
40B2
BFD3
3F4C
3E73
401A
3F97
400F
BFAB
BE44
3F19
BF44
C03F
3F2C
3FEC
3F8D
3FFD
4032
3DAC
3FD9
BF8B
3FBE
C010
C005
401C
BFF2
3F9A
BEEB
3FE6
C056
C002
3F34
BF41
BF68
BF8C
401A
C01A
401E
BF58
3EF4
3FE3
3EE4
3F16
BD1F
4057
C00C
3E39
BE5D
C006
3FE7
BF18
BF86
3FA0
3FF9
3F78
C038
C05D
4023
401C
BB60
3E78
3F22
3F72
C004
C023
4041
3F59
C068
BF9F
BD48
3FBA
C01C
3FB3
3F8D
3F48
3FAE
3FC3
3F98
C03C
3F71
C054
BFFA
3D57
3FCE
BFD2
3F54
3F56
BF53
C090
BFBF
3FEB
3FC9
3F40
BD88
3F05
BE64
3DF2
3F4E
C059
3F94
BFF5
3F45
3E9C
3FFA
3F8D
BF13
BF5D
C052
BF78
BF54
3FF0
3F39
BFE0
3CFD
3F17
3F6F
3FEA
C011
BFAF
3FB6
BF17
3F6C
C05A
BF39
C033
BF9F
BF04
C012
3EDF
3FA1
BF18
4050
3FCD
4072
C096
BF94
BF80
BF8E
BE38
C03A
3E4E
C008
BFB1
BF78
3FF8
3F94
402E
3F3A
3FDD
3FE4
C093
BCD8
3F12
BFC0
C062
3E20
3F97
BC25
BF72
3EB2
3F9E
BF52
BF1F
3F89
3F68
BF3F
3FBB
3EA1
BF85
BF0E
BF66
3F91
C018
3FAE
BEBE
3E02
3FDA
406E
3F39
3FAF
3F72
C01A
BF4A
3F93
C015
BF93
BFEA
3FB1
4001
3F45
BFB7
3EFE
3F91
3EA3
BF4D
BF57
3DAB
3F4F
BF7F
3F12
3FDA
C000
C009
BF07
BF33
404A
3F7B
4096
4087
C013
C015
3FD8
3FBE
BFAD
3F98
BE81
3E55
3E9D
C045
3E77
3F47
BE35
C05D
BF1F
3FAD
4056
BCEF
4048
C08C
C07B
407A
BF32
BEF6
BF3E
BE2D
3E43
3FEE
3CF6
BF95
BEDB
C009
BF85
C0D5
BC9E
4000
BF49
C032
3F58
BFA0
3EA4
BF0C
BE98
3FA7
3FD9
C043
4019
3FB6
4047
BF68
3F65
3E4B
BFAE
BFD9
BF24
BF9D
3C6A
4100
3FCA
BF06
BCFB
BF66
BFD0
BFE5
C01E
3EDF
3FD5
BFD5
3F2E
BFFD
3FA7
3ED5
BFA6
BF87
BEB6
3FCE
3E4D
BF54
C0A4
3F38
3FA4
3ED3
3E94
C097
C049
BF12
4012
402F
3F8C
BDE4
C035
3FE0
BFDF
3EF3
C006
C022
C00E
3E04
3FE7
BFA1
BFB9
BEF6
3E9D
BF5D
3E2A
4065
BFFA
3F46
3FAF
BC09
4009
3DF2
BDB9
BE29
BF9E
BC85
C016
3F9D
BF1D
4009
3F4B
BFA0
BF39
3E87
BF7D
3F2C
4009
3F06
3F78
3FCA
C062
C018
BF49
400A
C0C9
3E4B
BFF9
3E08
3F0A
BE50
C03E
3FE8
3F2E
3F66
3ED2
BF43
3FBE
4027
C041
3FD3
BFE5
40EE
3F46
C016
C084
BF91
3E6C
3F23
C05E
C099
C09B
4001
3F89
C07B
3EB3
3F1B
BDF3
3FCF
C06F
3F2E
3D21
BED3
4030
BFD7
BF8B
3FBB
3F9A
BEB6
400A
3FB2
BEB9
BEDB
3FB5
C013
3F51
3F84
3F9C
BFA2
BEB1
C011
C022
C0AB
BCDE
C06D
3D3F
3F39
BF28
4083
4017
BFA4
BE2F
BE04
3FE6
402D
3F8A
3F37
BFD7
C0A9
BDEB
3C1C
3F90
BE8C
C019
3EBC
3F62
BF7E
3F0D
3F93
BE68
C07C
3F5C
3FA0
402F
C010
3F95
4095
3F89
BE44
400B
BE94
3EDB
3E87
BC3E
3F80
3ED2
3F82
BF6F
3E7E
BFA4
BFF9
BF57
BD64
3FF0
BF94
3FB1
3EB6
BF67
BFAD
3FC9
C003
3F49
3E92
BF66
3FCE
BF42
BFDF
3F81
3FC2
3FB4
C028
BE33
C010
407F
BFF9
4002
BFAA
3D2B
403A
3FE2
3E39
BE97
3FAB
BDAE
3E9D
C023
C0A2
BED1
BE1D
BFF7
3E10
3F4B
400C
C02B
3F18
4014
BFA1
4077
406D
3F59
C01B
C006
C019
BF73
C08F
407C
C049
3FBB
BFB3
BFCB
3FB7
C03C
BF27
C02C
3F96
BE76
C038
3FFB
3F98
BFB5
3F43
3E73
BE67
BFBB
3EBB
BEC2
4002
BEA5
BFC7
3F2D
3FBA
3DAD
3E98
3F9B
3FD2
4056
3F78
3DBC
C003
C00C
BF3A
BD96
BDEA
BF74
3FF5
3FC2
BF69
3E8B
3F80
BF03
BFBE
BF62
3DC5
3FAB
BE29
3FC1
BFCB
BF24
BF62
C084
3FE3
BFA7
BE8F
4011
BD8C
3EAF
BFA2
BFD4
BF7F
4014
C048
3FD6
3F07
3E79
BE80
3FC2
BF85
BF0E
BFA0
BFF6
BFC4
3FBE
BFC5
C034
40CB
BF0A
3F72
3D9C
4045
3F80
BFD5
C005
BF80
BF9E
3FB5
3F92
4039
C079
3E2E
4035
C028
BF28
BFE7
BF2A
3F83
4020
C029
C04D
3F2F
3E58
4060
BF49
BFFD
C056
3FD3
4003
BE16
3F95
BF19
BFB2
3F9A
BEAE
BFC7
3F59
BF1C
BF3B
BE3D
BFBF
3F33
401F
C04D
3F42
3FAF
3DCD
3F0D
4011
BFAA
3F7A
BD59
BFCF
BF92
3F62
BF23
BEDD
BE75
BFB2
BF68
BF2A
3FE5
3F89
BF83
3F2A
3EC7
3DC6
BF66
4022
C025
BEF0
BFCA
BF85
40B9
4016
3F92
3DD5
4081
BF20
3FED
3E0C
3F8C
3EDE
3FDA
C039
401C
3E76
3F26
3F0E
BE8F
40B1
BF92
BFBD
C008
4097
3F8A
C00B
BEA9
BEE7
3F3E
3FC8
401D
BEF7
C061
C0B0
4043
BFBF
C042
3F02
3FA6
4007
403E
401B
BF04
3F7B
BEB5
3F26
BF78
3E8C
3F4D
4048
3F83
BFBA
BE06
C052
BFC2
BFB9
3EF7
3EDE
3FDB
BF91
4045
C0A2
4048
3F35
406B
3F9E
C054
3FEC
3F74
C024
3F03
BFD6
BFE5
BD5F
404B
BF3A
3FDF
C03A
3F81
BF6A
3FC8
BE87
BFDC
BF14
4063
BE41
4008
BF5C
C009
3E49
4035
BF9C
BD83
BFFF
BD2E
BF20
BDB0
3FF0
3DEE
3FB6
400F
3FAA
3EB0
3D1E
3FF9
3F93
BFAD
4039
3FA6
402D
3F63
C023
BEFD
3F6F
3F8E
BF90
BEAF
BFCC
3FA4
BF8D
BE3F
BFBD
3F55
C059
BDE3
4004
3EA6
BF46
C085
4093
3FFF
BDDC
BF4D
3EE9
BF94
BF70
BF95
3ED7
BFBE
401F
BECE
3F7F
BF8B
3F6E
3FF2
BF52
BFAE
4031
BF49
BFB4
BEB9
3FA1
3EFF
3F09
3DE0
BF1A
BF2C
3FE7
3E75
3E9D
4090
BF69
C00E
3F94
BF62
BC6D
4033
BEA1
3F73
BF25
3F82
BDF4
3F83
BFEA
BF42
C01E
3F4A
3F2B
404A
C02E
C044
3FD7
BF4D
C00F
3FBE
BEAB
400D
3FAE
C029
BF5C
BFF4
BF3C
3E12
BFAF
BF3C
3F30
BE31
3F44
C00F
C016
BF32
C089
BD9C
3FB1
3F73
BD7D
C05A
C08E
BF35
3F1F
3F67
4043
4022
BEFB
3FF2
BDE4
BF27
4040
3F95
3FBB
C06A
BF13
3EA4
C061
3F32
3F97
C06F
3F9B
3FDB
4020
3F8C
3EE2
3F86
3E53
C0B8
BEAA
3FFA
3FF5
C095
3FCF
C01A
3F84
3F8F
402C
C019
402F
3EFF
3FEC
4076
BFF3
3FFD
BF31
C00F
4016
3F44
3ECE
3EA6
40A8
BFB3
C0B7
403F
3FFA
3EB1
400E
C03E
3D38
BFA3
4015
3E2E
BFBD
3FE0
3F21
3FAD
BFB1
BE50
3E43
403B
C005
BFDD
3E94
3DCB
3FDE
BF6D
3EB5
C04B
BF09
3F0E
C027
3FD3
3F91
C061
BF9A
3D58
3FDE
BF08
3EE1
3FCC
C0AA
3FE6
BFA7
C020
C057
3F99
BF5C
3F01
BF1C
C001
40D3
3F53
3EDC
3FA7
3F01
4009
BE59
BF5F
BF88
C05A
C024
C033
3FB0
3F81
BEFC
4048
3DA8
3EA0
3FFD
BDA6
4059
BEC0
4012
401F
C0A8
3E8F
BFB4
BF97
3FA7
BFFD
BEA4
3EF4
40A3
BF16
3F81
3BAB
3DAB
BE45
BFC9
BEBE
3FB1
3FA0
3BE6
40E5
3E9E
BE90
BFE5
BF96
3F9B
BEA2
3F03
C074
3F3C
3E5F
C027
3E17
4045
BF0B
4036
3F38
3F82
3FA7
BD9B
BEED
C014
3E16
3F1D
BEA0
BF94
3EAA
3EB2
3EA6
BE1B
4042
4006
BEE9
C030
3F78
C005
3F0D
BFB2
BEB6
BBB0
3D67
3FA9
3E4B
3EC7
C012
BE94
BBBF
BFD8
3EE8
C0A3
3E06
BF5C
3F8D
4062
BF9D
BEE6
3F9F
BFB6
BFD9
BF10
3F93
3FB3
BF80
BF41
BE88
3D49
4030
BF84
401F
BEA7
C050
BEC1
400E
BE96
BF56
BF1E
BF4C
3FF1
BD6D
BFEF
C03E
3FD8
C043
BF1E
3E81
4010
3DBC
BEC1
BF76
3F72
4037
3F83
3F4C
C049
BF35
C068
3FB3
BF17
4071
3F24
BF54
3FD1
404F
BFDB
BF1D
3E0D
3FF3
401C
C019
3F0E
BFB5
C053
3FFA
403C
3EB5
C00D
BFEB
3FF7
3FA6
BCC8
BFF1
3F5E
3F0B
BF8A
BF48
BF9D
C078
3F6A
C035
C022
3FC9
404E
BEFB
3F8A
C02C
BFF5
BF5E
404A
BF6A
BEC3
3F7D
BFA0
3EB8
C032
BECB
3FC0
3F59
4033
BF07
C095
3FDC
3F7E
BF2A
3F8C
3FDF
BF84
BED2
C081
C017
BF49
3EC5
3ED2
3F28
BFC8
3EC1
BFF2
402A
BD3E
3F8E
3E24
3E8B
3F8C
BF45
3FC7
BF55
3F56
3F12
3FA1
4029
BFED
BD5B
3EC4
C02E
3EC2
3F66
3E22
3E82
B9E5
3F87
3FC2
4014
C033
BFA8
406C
C00A
3F73
3DC8
BFEC
BF31
3D1E
3F17
BF97
40A7
3F6A
4098
BDA4
BEC6
4040
3F7A
BF50
BF27
BFA2
3EC1
BECD
3FC1
BFB0
BF31
BF15
3F5F
BE8C
3FAA
3FCE
BFD0
C0B7
3FCD
C079
BFE2
BEAA
3F3B
3FE5
3F2D
3DE5
BFEE
C009
3FA3
BEAF
3E3E
4011
3F14
BF7C
3F8F
4069
BF03
3FF8
3FC9
3FD6
3F0D
BFD3
BFCD
BF29
C095
3EEC
BFDD
BF3B
BF29
3FB9
BF91
3DFF
4069
C04C
3F01
3FF3
C060
BFAE
C021
BEB3
4045
BD57
BF56
C017
BE8D
3FC4
BFE4
BE2A
BCB0
BED5
BF9C
3FAD
BF8B
4048
BFB1
BDB0
4041
BE48
3E1F
404A
BEC1
3CD8
3F96
C048
3E8C
3F31
BED6
4019
3EB7
BE8E
BF6C
C031
3FA1
BF51
3E54
C053
BCB1
C045
BFC0
BFE8
C0A8
BEB9
401E
3FAE
C055
3F99
C03F
3F8C
3ED9
3F65
C012
BF82
3FD5
C01B
BE64
3FCD
BF98
BF1A
4034
BFAF
BEFB
BF4B
3F3E
BF3E
BF19
40C7
3F3C
BF39
BE91
C04D
3F1D
BFB0
C04D
C033
C0C2
3F89
BEAB
4005
BF76
BFB0
3F57
3F6F
BFBA
3FCD
BF85
3F08
3E12
3F23
3FAE
C065
BFEA
3FC4
3D78
C08D
4055
3F21
4011
C044
C00C
4030
3E8B
3EEA
402A
3FE8
3F7E
BF1F
3FF1
BEFA
3F2F
3FF6
4014
BE39
4010
3FE7
4090
3FD9
402F
C054
BF15
BF29
C023
C00B
C04A
4040
BFB2
BE8A
BFC9
3FF2
BEDA
3F9C
4068
3EFC
3E99
3E1C
C064
BF9E
C06E
BDC8
C049
BF88
C093
4057
3FB6
BEE9
3FFE
BE5A
3DDF
3E6F
40A0
C054
C016
40F5
3FA0
3EE3
BFB5
40B9
3FD4
3E54
BFD7
3FAB
3D9C
3FE7
BF33
3F94
3F06
BF1A
4000
3DC6
3EF7
BFC4
C048
BF61
BDDD
3FA9
4058
3F9A
BF7C
C024
3F8F
3E4A
4101
4019
BF0C
4080
4080
4019
3F3D
4014
BF84
C09C
C042
C0B3
BF6B
C032
3E2D
BFAE
C001
C09B
BF16
C091
BF86
3F84
3F1E
3E08
BFB7
401D
3FBB
402B
BF4A
3E1F
C088
404F
BFB2
3FFD
3DDE
C04E
BF99
3F5F
BF92
403C
BE8B
3F9E
BDD0
BEE6
4018
BED6
3EC4
BF7D
3FC0
BEC0
BFB3
3F77
BAAE
3FAF
3ECA
BE13
BE9C
BFB0
3F24
BF3E
C038
3FA6
BF96
3F2C
3FC4
3F1B
3FCE
BF02
C026
C0AC
BB9F
BFFB
4042
BD7C
3FB9
C055
C05D
C038
4001
3FB5
3F13
3F8D
4094
40CD
40B6
3EB8
BE91
3F25
3F0B
BF75
3FB3
4053
BDB6
3FFA
4016
BFF8
3F6C
BEA5
3ED6
BF98
4037
3F56
BFE7
4060
C086
BF84
3F45
BF67
3FFB
BF2D
C080
BC8C
3FF9
C10F
C020
BE42
BE88
BEAC
C02D
3DAB
BEF1
3DC5
BEFF
3F2F
402B
3ED7
BDCF
40B0
BFF1
BFB8
BF9B
3FAC
C046
3F08
3F9A
3E84
BFDA
3E03
3EE9
C089
BFB4
BFDF
3EBA
C012
C0B5
3F77
BEA8
C05C
401B
400D
3F1E
BFBC
BF57
3E2C
BFD8
C025
BF95
4000
C0D3
4004
BF8C
BEF4
3FAD
3EC1
C03F
C02E
3FA1
BF12
3FA4
C039
405E
404A
C09F
3F73
3EF4
3FD7
3FEC
3F54
BF4A
BF8A
BF05
3F49
BFF7
BC38
3EAF
3F80
4011
BF19
3F41
3EC0
BF5C
40A6
BF94
3F72
40CC
C026
BFE2
BEAD
BEAA
C08E
408D
C069
C02D
BE89
3FF5
BF82
C094
C062
C00A
BFC8
BE1C
C028
3F97
BFFB
BDB3
4081
408A
C02E
3FD9
BF82
BEF2
BFA6
3EB1
3FA5
C027
BE51
BF98
C099
3FBF
C008
3FD0
3FE6
4030
BE0E
C033
BF1B
BF8D
BF94
C055
BFFC
C017
BE82
BF4C
3F87
408D
BEBA
3E91
3F80
BFF2
BFA1
3F0E
3ECA
BF63
4066
BE7E
4071
C073
3FF5
BF9E
4042
4007
4032
BFA4
3E18
3EA6
BD51
C07C
BF8A
BFAC
3DC1
BFCB
40C0
4080
3E5A
BF71
BB1D
3FBA
3F73
BFA6
BF07
3F7F
3FED
3F85
3FB4
BE3C
BFDF
3EED
3F15
C003
402F
3FD7
3F8F
4045
C0A4
C04A
BFC0
4027
BFCA
3FC8
3F3D
BF06
3C13
C02B
3EEE
3E07
BF1B
4050
BE0E
BE90
3F27
3FAA
402B
3E8E
C067
403B
3F52
BEE5
3F07
BF81
3FC1
BF5C
4058
3F8D
C053
3F15
BEAC
BF15
BF44
BDD9
BF64
C01E
3EE7
BFCE
3E85
3FE9
BFD2
BFB7
3F12
3F95
C053
3FBF
BFA2
3F0F
3F63
40E4
BF06
406D
3F75
3FA7
4064
C030
4007
BF97
4017
3D90
C052
C0A0
3F95
3F50
BF85
3F76
C04E
BF8D
BEC9
406C
3FB4
BF51
3F8D
C125
3F41
3EF6
C0B9
3F76
C04E
3FE7
BEA0
C065
BFB1
3F8A
40CF
BFBB
BF8E
BFA9
BEF0
C039
BF34
3F63
C04A
BDCD
BF03
4007
C001
C017
BFCA
BF68
C081
3F6C
BC58
C03F
C01A
3F25
C015
BF12
4008
400E
3EFE
4025
4043
3FB1
C002
400F
BF0C
40B0
4012
BF40
BF15
4013
3F63
3F90
BF17
C007
BF78
BE99
3F56
BF6A
3E68
BE51
4091
BFF0
BFF9
BFA5
C080
4033
402A
BFE9
3E1F
C016
C00F
C01F
3F91
BFE5
C0ED
3FA1
BFC6
BE66
4091
3FA7
3F70
BD3C
BC25
BE85
BEF7
3FC7
3F4A
BEDA
C08F
C0AA
BF1D
BEA5
C010
3FDD
4019
3FF9
BEC5
BF66
C020
406F
BF25
C00D
4014
BF37
3FDB
4008
3DD7
C06D
C084
3EFF
C00D
C050
C003
BEF4
C0D2
3DA3
3DC0
4054
BD3F
3FC6
BFF7
3FA8
BED3
BF3D
3FD0
4037
BEF5
3F25
C00B
401F
3FC4
3F19
3F9D
400D
C005
C005
BFAC
C082
C00D
BFA7
3F4B
C035
3FA0
BF90
3ED4
3FA2
3EE1
4082
3FD7
BFAB
3F1B
405D
3FF9
C065
3F40
BFCD
4069
405F
C04D
BFA3
BF4D
3FC2
3F8F
3FEF
BD41
C080
3FF8
BEC0
BF9B
3FB4
BF96
3FE8
BE95
BFF4
4016
BFA4
3FEC
3E14
3FFE
3F9D
3F41
3F8F
C026
BF38
4045
3EBD
BDBE
C07D
402C
BFCE
3E57
3FA7
3F3F
4068
3F97
BE4F
BFA4
4088
BFD2
3F91
BF9E
C02C
C028
3D94
C098
BFD7
3F76
3FF0
3F9A
3DFB
3E5D
3F82
40BB
3FEB
BEC3
BFB5
3CF5
C0B3
BE7F
C066
BF62
BF70
BF77
3FE2
3F55
BF34
408E
BCA8
BF6D
3F6D
BF23
3EE0
3F2B
3E91
BF72
4013
407E
BFEC
3E98
3FA0
BE83
BF0A
C05A
C00F
3F27
BF7F
C013
BF27
4031
3F95
C009
3F98
3DDB
3FC2
3E21
C029
BFC7
3D1B
C04C
BF1D
4083
C009
405F
C03F
BDDC
C095
BF49
BEFC
4096
BFD4
3D28
3FC8
40A9
BDBE
3F4F
BF32
BFC9
C014
3FA3
3EF7
4027
BFE8
3FB9
40AE
C00F
C059
3FCD
BF09
3F93
BFF1
3EBC
C05A
BF12
3EB9
3F68
C024
4012
4030
BF52
BF52
3F85
4031
BE76
3F94
BF7D
BFA2
BF81
BF87
C047
3F50
3EB9
3F8A
BE96
3F4D
3F97
BF93
C07E
C00B
C023
BF23
3FE6
3EB9
4051
3F3A
BF73
4089
3FC2
C005
BDD2
4078
3FE6
3F17
BFFB
BF22
3FAA
400E
BF46
3EC9
BF1D
3F2D
BF97
3F39
3FD5
40B9
3F2C
3FB6
3F82
3F3E
3E9A
C037
3F2D
BF90
C040
BFE4
3F2A
3D91
3F1B
BFB4
C0D2
3E48
408B
BD73
3F26
4033
BF51
3FA6
3F71
BFD9
4027
4029
4041
3EC8
3B2C
BF3B
BFF5
4096
40D7
404E
BFC8
4052
BE8D
4098
BFA6
C037
3FED
BF9C
BF5E
400D
3F86
BFA9
BFD3
3EAA
BFEC
BF4F
C014
3FC0
BF53
C01F
C017
BEE4
C048
3F8B
C0A5
4020
3F79
C09D
BFE9
40B0
BE46
3F02
C05B
3FF6
C00B
4035
4057
4012
3F81
4010
BFBA
C009
3FA2
3ECA
3F1A
40B0
BF91
4016
C047
BF3B
BF59
3FD4
3FB9
4029
3EFB
4091
403C
404D
3FA6
3EA4
3E06
C01D
BF26
3E29
3FCE
3F51
3FD3
BF02
3E85
BFDB
BFD4
3FE3
3F8D
3FE9
BE3A
3FEE
BF8C
C066
3FDD
C052
BF7F
BF63
C001
C061
3F26
400B
BF5F
3F34
C088
BE15
BFBC
3E90
3EAA
3E0E
BE59
BEE1
4006
BF52
C0AC
BD6E
BFA9
C08C
3E2F
401B
402C
3FCA
BFCB
3F84
C022
3FDB
C01B
BE09
BFFE
BED9
3E8C
BF9B
BF87
3FF3
BF8C
4057
3FE0
3F72
C018
3F58
BFA7
C061
BF6E
4024
BFBF
3F19
BF4A
BE8E
BEE3
4028
BF38
BF7A
3FB4
4063
BFEB
3FC4
C009
C019
3FC3
BF66
C090
BF52
3F99
3E23
3F28
3FD0
BE4C
BE51
BF55
3FE1
3F9A
BB88
400E
3E97
3FA7
BF04
3DEF
BFD3
3E32
BF46
3EBF
3EA8
3F91
BE07
C08D
BDD6
C031
3F7B
3F82
3F91
C015
C01A
BEDF
C020
BF44
BF84
BFEE
4034
3F84
BF89
BF1A
BDCE
3F9C
3D9F
C076
C056
3EAD
40F9
BF41
3D14
C047
3EF0
4064
BFD1
BFC4
BF49
3F0F
BFD2
C107
3FFB
3F8F
C005
C044
3FBE
3E7D
C09D
BF62
3B35
BF9D
BF30
3FB3
4027
BF9B
BF48
400E
3F9E
BFA1
4067
C059
BF15
4060
40A0
BEFB
3F27
4010
3F5F
40E5
BFD5
3FD6
C059
3FC4
BFF7
BEBA
3EA8
3F88
3D19
3F85
3E83
BFA1
4064
BFB0
BF48
3DE3
3FCD
3EE7
BD26
C02A
C035
40C1
BDCA
C099
3F72
411B
3C9B
BE66
BF08
3F86
BEBD
3F2D
4030
3CAD
3FA4
3F59
4044
C088
3E8B
4079
BF47
3E82
C028
3E01
3EE2
3EEB
BFBC
3DB9
C05B
401B
4044
C035
BF09
3F23
3FD6
BFCA
BE54
3FF9
BFDA
C021
BED5
3F14
3F6B
3ED8
BF04
C040
3FAB
3EA6
3F5C
BF57
BDFD
BE8B
409C
3FB0
BDE8
3FEB
C091
BFD2
3EA8
BEB4
BEB7
BFF7
3EAD
4036
4074
4018
4040
C051
4018
4041
BF27
3FA9
3FEC
4025
3F15
402C
402D
BFB2
C045
400C
BF6C
BE55
BDC7
4082
4006
405B
400C
3E8D
BF71
4073
BF6C
3F8F
3F4B
BEB5
4061
BF1F
C092
3EB2
3ED7
3FB0
400E
3FFC
C093
3E67
BFE9
3FFA
3FD4
BF8B
BF29
3F78
3EF8
BFE7
3FEA
3F49
3FB2
BF6A
4008
BF05
3F16
C011
BF9E
3BB3
BF92
BFD3
4089
4003
C001
BFCA
4010
C008
C03B
3D5C
3FA5
3FB6
3F9E
BF0C
BEFA
C035
BF90
BEB7
3EBA
C086
408B
BFC7
C0B2
401E
4025
403E
BF05
BBC1
BFD0
BF2C
3F33
BFFC
400A
BEB5
3EAA
C040
3F64
BD8A
C039
4031
3F83
3F36
C04F
C014
BD00
3FB6
3FB2
BF39
BF36
40A4
BFAB
BFF4
C014
4010
C025
4030
BFA1
4038
3FF6
C016
BF3C
BF53
3F1C
BF47
3F24
BF1B
BE5D
BFCD
3FE6
C082
402B
C04F
4001
4018
BF3D
3F6F
3F46
3FEF
4032
4037
C06D
3CF8
BF4C
BF54
3FC6
4016
3ED4
C005
BFA6
4006
4093
BFE4
3F51
3F62
4013
C023
3F4E
BF5C
C0C0
3FFA
4031
C061
BC1C
4015
3E8F
4085
BF8D
3DBE
4009
BFB4
BFF0
3DF0
3FEF
BF94
BF43
BFD4
C02E
BF6F
BFC0
4068
BD2C
C0CC
3FD6
BF8D
C013
3E9F
3F1D
3FEF
BF6E
C064
3FF2
3F98
C040
BDD6
3F98
C001
BF61
3FD0
3FCD
C021
BFB5
BFE6
3F2C
3F9C
C001
BEFD
3F54
3FC6
C077
C080
3FE1
3FDF
BF55
BF8F
C03A
BD85
3FC9
3EB5
BF32
BEC4
401B
3E59
3FA7
C0A0
BEF5
C07F
C009
C039
C089
BFEF
3FF4
3FC4
BFC9
BF6F
3C22
3E84
C0C7
C01C
4021
C018
3FE6
BE62
BFAE
BFA3
BFD0
3F39
4078
BF2C
3F1D
3F8E
3F8E
BEB1
BF98
C01F
C01C
4007
400A
C0A8
BCD4
3F50
3E05
BFC1
BFF9
BF63
BFD1
4007
3EBC
3E19
BDFE
BFE6
3F7A
BFDC
3FB1
BE9A
BE2C
4019
C09C
3F7C
BF88
BF3A
3FE4
3F30
C05F
3EF8
BC62
C007
BF37
3FA3
4042
C00B
C031
C048
3FAA
BF04
BF01
C079
BF8F
C038
4012
3E42
BF9E
BFEE
4002
404F
BFDA
3E64
BEEF
BFAA
3FC5
4007
3F09
BFDA
BF04
BF8B
3EA0
3F33
BEA9
BF35
BF50
C076
400F
C067
C00E
BF44
409F
4010
C047
BF3D
C004
BEF7
402E
C0D3
3F3D
3F9C
3F78
3ECC
BEED
BFAB
C093
BEBA
4034
3F5D
3F89
BC27
BEAB
3E02
3EDD
3F8A
3F3C
BFB7
4021
C005
BEF0
C056
BE35
BFB9
4032
BF96
3F88
3F39
3F23
3F7C
3FBE
C039
3FA5
3F29
4010
C014
C06F
3FDE
C071
3FAC
C09C
4035
BFBE
3F82
3E8F
4039
C040
BE99
BF7C
4026
3EA6
3F9B
BFBE
3FB1
C095
C07B
BF8E
C01D
BF2C
C0A2
3FF6
3F1D
BF4B
C00C
BE83
3FE7
BFC4
3FC7
BE19
BD33
3E4B
BF54
3FA7
BF84
3F94
3FF3
3EA1
3EEC
3FBB
3FA6
BFD8
BF93
403E
BEE2
3FC8
3D4A
3F05
BF08
BF8B
3F83
C02F
BD00
BEDB
C026
C045
407D
C050
3FE5
3FC0
BFA8
BEDA
C08D
C012
3F48
3F86
3F8B
3FB7
BF49
3F79
C044
3F5B
3ECE
3E8B
3F9C
3F8F
C013
3D42
C006
3F47
3E53
3EB8
BE3B
BEA3
3FDC
C05D
3FFC
BF45
C00C
3DC3
C026
407F
BF02
BEF1
3F86
3EF7
BFA5
3F25
BF8A
3D78
408B
BF11
3FB3
C02B
3D3A
BEFC
3F20
4031
BFE8
3FE3
4058
BFC1
403E
BF1A
409E
BFB3
400C
BFBF
409B
3E0F
BFAA
3F10
BF7A
3F6F
BDD8
C060
C0CD
4022
BF70
3F57
BF30
3EA8
4054
3F8E
3FFD
3E87
BF5B
BF85
4085
C08E
3FB9
BE32
4033
BFEE
3F5B
C006
3FB3
3FBE
BFC7
BE95
407E
3F9D
3FC4
403E
C001
408C
3F1D
4072
3DCA
C01B
3F44
3FA6
BEA0
BE42
3E8C
4050
BF0C
3F22
3F11
C014
BF2D
BF08
BFEE
BE97
BFB2
BEFF
BEB5
C08E
3F1A
4041
3E11
3FDE
C009
BF90
C07B
4009
3FE1
3F67
BE38
3FEF
4070
C05B
C05E
BF93
3CE6
3F93
3E1E
400A
BF68
3F94
C078
3FF0
BEAD
3F97
3E83
3F9E
BFD8
3F71
C003
3F42
3D1E
BF8B
C030
3FB4
BD59
C096
C05C
40DB
3DD8
3FAD
C10E
C00D
BF93
BDBA
BE86
C017
BEB7
3E07
3EFE
BDAB
3FAF
3FAE
405F
BFC4
4115
40CB
BFA3
BFB9
4051
C058
BF13
BD68
3FDB
BE98
4080
BEC9
4040
C019
3F64
3FAD
BFB5
404B
400F
C007
BF3F
BF40
3EC7
405E
BE6E
BFA5
3F2D
3FFA
C005
408E
3E12
C018
3FB7
BEBB
C031
BED3
3FDB
C013
BF1C
BF94
BFBA
4007
BE3D
401F
BEA6
BF4E
3F88
BFA3
3FA7
3FC3
3F8D
3FD2
C0CB
4028
3FBB
3DAD
3F85
BF87
401A
BE86
3EEF
BF25
BFC9
3E97
BEE4
BF60
3C5F
3F8C
C065
C008
C00C
3FAE
C00B
3FAA
C01E
BF59
BED2
BD34
4079
C012
BEBF
C024
BF0B
BF94
C031
BFA0
BF92
3FFB
3FCF
BD6D
40AE
BF0D
4029
BFF1
BEC8
3F21
C013
3DB5
C0E2
BFFA
BF48
BFA0
3FC2
3FDA
4017
4097
3E88
BFF0
3EEF
3FD6
BF3F
C01F
C081
BFC5
3F2D
BF6C
3FC3
C095
C01E
BFBF
3F91
3FE6
3D53
3EA5
3F75
C019
3E36
4015
BF81
BFE6
4003
BFEA
BEC0
BFC1
4092
3F4B
3DE8
3F5F
3E58
C077
BF2B
BF90
403F
BF8C
402D
405D
3F8F
C016
C06F
3FAC
BF92
BD9E
BF93
BF55
BF83
3F64
408F
BF81
BF38
3FEB
BE71
3ECE
4028
3FCB
408E
BFEA
C062
402A
BE16
BF35
C024
BF84
3FFD
BFA8
BD0A
3FA3
402A
BEC1
3FA1
406E
3F64
3FBB
4035
BFE1
4024
4098
C0A3
4002
3EB8
3F01
3FEC
BF8A
406F
3FA7
4051
BE77
C06B
4043
BE87
3FA9
3CEA
3ECE
C0C1
3E31
3F28
3FBB
3FA7
BFA8
BF66
BFE1
BFAE
BF16
3E8F
3FD7
40CA
BFD2
3EF5
BE15
C019
C026
C000
C05E
401A
C0C0
C09C
3FB5
BF99
400B
BF86
BFC6
BFC3
BED4
4058
C026
C009
C038
4060
3EC9
C081
BF70
BD83
40B2
3EE0
3FDB
BF9F
BF1D
BFC8
3FFF
BFB5
3F8E
C004
BF6E
BEA7
3FFD
4012
C009
3F58
4097
C069
4006
40AA
C070
3FC2
3E83
4078
BF03
BFC3
C031
C088
400E
3F12
C03E
BFEE
BF60
C08F
BE24
3FC4
C09C
C0AA
BEA3
4002
3F38
C057
3F29
BC84
BFEC
3EA7
3FF8
BF4E
405E
3F8A
3D84
C063
BF85
3ECA
BE38
403F
BFAF
4069
401B
C03C
C039
BFF4
BF0F
3DDB
BFB4
BBC6
4066
3EBB
BFAF
BF84
3E91
3F2A
4054
BF83
BFDA
C061
C064
BFFC
BE98
C043
400D
3F9C
3F9C
407D
40B0
C0B9
4003
BF34
BF56
4022
4016
C016
BFF9
4072
4057
BFC5
3E65
3FA2
C02C
BB17
401D
3FA7
BFE9
3E13
3FAF
C06A
3F30
C099
C007
3FCD
4009
4009
3F85
409F
4080
BFAA
C066
BF9A
BFCA
3D11
3F0B
BECC
3F05
3F99
C036
C026
BFCF
C06A
4097
3F99
3FB9
3FE6
3F4E
BB87
BFC2
BF76
C0C5
BEC2
3E38
3FB8
C038
4047
C020
3EA5
C09B
C090
4024
BF16
BE8C
3FD5
4011
BF91
401D
C003
C047
402E
BFE6
BF91
404E
C038
BFE1
3ED5
BFF5
3F9A
BDF8
3EEF
BEBA
3F5F
400A
3FDF
4013
3F41
C02E
400F
BFC6
4013
C013
4020
400C
4005
C009
BF9F
4007
402D
BF3A
C002
4031
BFC7
C010
4075
BFC5
3FA5
3F9A
3F23
C031
BF35
BFF3
BEE0
BF8F
4001
408F
3F98
BFF6
BF95
C04C
4017
3FB8
405B
BFAB
3FB0
BFB9
4069
4005
C010
4081
3E33
C08B
C088
BF0A
4085
C082
3F4D
C0AC
BD9F
3F3C
3FC7
BEB5
BF4B
C01F
C022
3E3B
3E9B
3F71
3DCB
C01D
4085
3E67
3F41
BFA9
3F1B
3F80
C051
C03E
3FE8
3EC9
3DCB
BF6B
4055
3E12
401B
BF07
BE89
BF7E
BFA3
BFB8
404E
3FDA
BFE2
BF21
BEC9
BF84
3EB0
3EDB
C01B
C0C3
BF06
BFC8
3EDF
BFB1
405B
C007
4016
3DB1
409F
C004
BFD2
BFA4
4033
3FAE
3E13
BFDB
C03C
4069
3F3C
C03D
3F77
BE8B
3FB5
3FC9
4052
4050
3EBA
3EDC
3F95
C057
BFAB
40A2
C012
4064
BF23
BFE2
BF41
BE08
404F
BF21
BFBF
C014
C00A
400E
4012
BFE3
4011
BF7B
C081
C029
3E82
3FE8
C015
BE8C
3F9B
4073
C033
BF44
3FB0
BF19
C028
C028
C0F6
4019
BEF7
3F97
C0BE
C00F
3F83
C00B
3F2D
BF45
3EA9
BF81
BF35
3FD3
BF44
40C9
C097
C022
BEAC
3F81
BFFF
BF0B
403F
BFAC
BBC8
BD7F
3FB1
3F1B
BFCC
C022
BEAC
C073
3FAE
3F2D
BED5
3FF9
3F96
3FB1
C092
BEE3
3F4C
40BE
3F63
BF8F
3E73
BFCF
3F89
3F00
400C
3FCD
C024
BF5E
C02F
3FB4
BEFE
C044
3EDB
403D
BFBE
BCC9
BF9D
3FC7
3FE0
C05B
406A
BF0E
BFEE
4035
BFAD
C010
3F27
3F9B
C011
BF03
3F1A
4036
BEC0
4009
C014
4074
BFCC
4088
BFF5
BEDF
BF96
4044
4033
C00E
3EF8
405F
3F5D
3D06
BF93
3FAD
C0B4
C02B
BF2E
405D
C060
BFE6
400D
C0BA
BD46
3F61
BF6F
C04A
BFFD
BF1D
4059
C007
3D0B
BFBA
4093
4001
BF23
3F94
BDE8
BF6D
3E63
4099
C010
BE7D
407B
3DE2
BE82
4001
3FA4
BFDB
BEFE
BCFE
BFE1
3DC8
C02E
BF9C
BF5C
BFD2
BFE9
3FD4
C054
3D3D
BF30
BF5E
3EE3
3FC1
3DBD
4059
403F
4000
407F
4021
4046
3D4F
C02D
3F54
BD07
401D
3FDA
BF85
C042
3EA8
3E2F
BF9C
C001
4003
BF06
3FA7
3F02
3F6D
3EAA
3F7C
3D7F
401F
C0B2
BEB0
4099
4004
3FB5
3F3F
3FEA
3F8E
BFD2
C00C
400D
3FA6
3FC8
3F77
3F64
BF87
4067
3FC8
3F20
C066
3EFD
3F3D
3F8F
3CAE
3EE5
BF31
3FD4
3F86
4005
BE95
3F95
3F90
C019
C034
BF14
BFC4
3F71
BEC6
3F87
400E
3F71
BEC1
3FCE
3FD1
C06C
3F4D
BF72
3EA3
BE64
3F93
3EEB
40C5
3F03
3E34
3EA8
3FD7
BEAE
BD99
BE60
3FE6
3ECB
BF86
3FAC
4007
3FBA
3F72
3E97
C086
3FD3
4028
BFCE
3F5A
BF12
BF5A
C05E
3F54
BF2B
3F5F
3F03
C018
C11F
3F1D
3FB2
402C
BE6F
3F9B
BE92
BEFA
BDCB
C021
C09F
4072
4009
C059
BF9B
C007
3F07
404C
C0A7
3FFF
3FB7
4066
402B
BFE2
3FE6
BF5D
C01F
C01D
40AE
BFC2
BFBC
4009
3E94
BFDB
3EFF
BF9D
BE72
C0BF
BFAD
BF11
BF2E
3D84
C000
C005
BECF
3F96
3F14
C07A
3ED0
C0A7
406A
BF97
C0DA
4033
40C8
3F1C
C01C
BEF3
BF67
BF3D
3FEE
400E
3B7C
4085
BE1F
3F84
C0C7
BF98
3E7D
BF35
4044
BF0B
3D8B
C019
3D20
BEE7
3FD2
BFFE
BEA6
3F33
C039
C0C4
4010
4063
3E9F
BE89
4080
3FC0
BFE1
3E54
4042
401D
3EEB
3F07
BEBE
3A9A
3F4D
3E49
BFB7
C03F
BFBA
4106
3F9A
3F8F
3E95
BFAD
C00D
3EC3
C01D
BF91
BFD4
C001
C02E
BE79
C08F
4077
3FC1
4002
4092
402A
BF90
3F91
C038
3FDB
3EC8
C099
3E6A
BFCF
BF8D
3F14
BF95
3FFB
3EDD
BE53
40FB
3F74
3F9A
BF90
C08A
BF72
3E9F
BF43
402B
BE0B
BE6E
3F20
C040
C005
BF36
BF08
4020
C046
4043
3F44
BDA2
40E6
BEE2
BFB2
BFD6
BFF7
4028
3FD2
BF84
BFCA
C029
400D
3F9C
401E
BFF7
C051
BF48
BF9A
BF2B
4036
3E7A
BFCC
4015
401D
C0A1
3E3F
BF41
BEF2
BEBB
3CF5
3FA3
3DFF
3FAD
3F02
BFA3
4030
BFFE
3FCE
3F53
C0AB
4030
3FE9
BEE3
BF27
BFE6
BFA4
BF4D
404D
BE9D
BF33
C003
BEA8
3F8D
BF92
BF19
4097
40C5
C062
BF9A
BE87
BF6A
3FDB
3F2D
4021
3E2B
BFD5
4059
C06C
3EA4
C038
BEBE
C041
3FBB
C0A9
3F35
3FC8
3E6B
3EDC
BE9C
BF35
3FFC
3F74
BD7F
BFE1
C0A8
3F65
C0A9
409C
4038
BF83
401B
3F73
3F45
3FCB
3FF7
BD2A
4047
400E
3FF0
3F73
C060
4062
BFAE
3FBA
BF9B
BFCD
4081
3F47
3FD9
3F34
403C
3F3F
BFC9
3CD4
C027
C075
3F5B
C088
4050
3F1B
3FA4
3F27
400D
3FCF
C025
3ED8
3F7A
C02E
4020
3F98
BF71
BFA2
BF03
C032
BFC8
C02B
C008
BE32
C0EA
3FC6
4036
C003
3F82
BED1
C049
BF5F
BF75
C06C
3F5E
BEFD
40B9
3D4E
BF93
3E86
C043
3F63
C014
C002
BFA4
BF3A
BE9C
BF48
3F7D
BF2A
3FE2
405E
4032
C08F
C01A
BFC2
BFAC
C00F
4017
4043
3F6A
C060
3DA7
C069
3F8D
C026
C05D
BFE2
403F
C062
BE16
BFEA
BE9B
403A
3FA0
4068
BF75
3F68
BDB1
40B2
BF40
3DE0
402C
402C
3FBA
BD7A
C00E
3FAD
3FDE
4082
3F11
BFA7
4072
406C
3E3C
BFA6
4024
BFCB
BF12
BDD7
C089
BFFD
3FCC
3FA9
3FCE
BF9B
3F8A
4040
BFE0
BF9B
3FC2
3FCC
C007
400A
BEB1
3FA1
4051
BFD4
3F32
BFAD
4016
C02B
C00F
C032
C00E
C03A
BFAE
3F48
BF97
3FEF
BFD1
3FA6
3F0E
BF95
C04C
C08D
3F99
C07F
BFD0
C06D
BF19
BEF3
BFB7
BF15
BF8E
3FA6
BF68
BFCD
BF98
3E88
3FBE
401C
C010
BF56
408A
C001
3E81
BFB2
BE98
3FDF
C08A
3E41
3FF4
4025
3F96
3F70
C024
409D
3DDE
3F3C
BF3B
BF8C
BF88
BF95
4038
BEDB
3F50
BEE2
BF10
3F10
C021
C057
BEFD
4009
4037
4023
BEA4
3F0C
3FFB
BF33
4026
BFD5
C07C
BE4E
C0B1
BF6C
C09F
BF17
3E8B
4020
BFBB
C03B
BE54
C068
3F0C
BEBB
40D2
C00A
BFF5
3EE2
BD82
BEB1
3F37
BE94
BF85
3FE5
3EE9
BEFF
BFE6
BF81
BD8B
BC8A
BF5C
BFD1
3F29
C05B
BE5A
BFA1
3D0C
3FD4
3F35
BED2
C0A4
BF13
C0A6
4006
3FB5
C01E
3F57
BFBA
BF83
BE92
4041
3EA3
BF1C
4052
4008
3F59
C03F
3F06
BF1F
3E37
4051
C037
BE42
402D
3FE6
4051
C05F
BE90
3F93
3ECA
BEC9
3F8A
3FBB
BEE4
BF05
BF21
4086
4007
4027
BFE2
3FBA
3E36
C075
BF2F
C005
BF75
BE6D
BF5A
4014
40B6
BFA4
BE59
BF61
BFC7
3FA1
3FA7
BF49
4070
BFF8
BDF2
4097
BF51
3F81
3E79
3F7F
3FDB
BFE2
C00A
C0A5
406B
3F9D
BF71
3EA8
4013
BE72
C0DB
BF38
3FE2
BF55
C002
C024
BCC4
3EAC
3FEB
401B
3EB1
BF5B
3FA3
3F8B
BF8C
3F81
3FE2
4001
40B4
3FEF
3F04
40B0
BE90
4002
BFBF
3F94
BE03
C03C
4009
BFA3
BFD7
C00A
BFE6
C0AD
402A
C048
3FED
BFA4
BF94
3F37
3FB2
40C9
3F60
BEF8
401A
4045
BE88
C070
3F7E
40B0
4073
BE3D
C021
3F1C
C0A6
3FCB
3F8C
BE4A
C035
4056
3FB7
BFF6
4091
C011
40C3
3F49
4052
3EBF
3F39
BFBD
BED9
3EF3
3F8E
3F8D
C016
3FD9
BFF2
BF86
402D
3E4E
3F04
BE27
BFE0
C045
BF9A
3F6D
BF8B
3FCF
3FE7
C008
C025
BFF7
3F0A
3F6B
BFB8
3F3B
C032
4025
3F3E
BFD2
3E28
3EA5
3FB0
BD77
BFB6
BF9B
C021
3F3A
BCE7
BF99
3FB5
3FAD
3F8F
C0A3
4038
BDC9
3FE3
4097
BFEE
4004
C018
BFCE
C0A3
BEB1
C02C
3F21
4034
40A2
BD07
3E66
3EA1
BFBC
C005
BE7A
C044
3EC0
3E8B
3FC7
3FE7
4047
3FB9
BEDE
4005
BFA1
3F52
3F11
BE4C
3F99
BF60
BEB7
4068
40A4
4001
C044
C042
3F9D
BF70
BEC9
C05E
4032
3FEC
BF2E
C0B4
3DF3
3FDB
BFA7
C058
BFF0
404E
3EAC
BFA8
401A
4104
3F99
4019
C011
BFF6
BECA
C022
3FE0
3FBF
C03A
BEE9
3EE4
3F61
3FA6
BFE4
3E2A
BFD0
3FC8
3F62
4032
C008
BFEA
3FCA
3E8A
C0A1
3FE8
3F24
BB12
3FE3
BD87
C051
4021
BF81
4093
BFC6
3F7D
3E20
C053
BF09
408F
3F2C
4049
BFDA
3FA9
C085
3F2D
3ECE
BE05
C0B9
C0DD
C026
BEDE
BF77
C03B
C01D
BFFA
C085
3EA1
3FB5
BF87
C03D
3F0B
BF84
BF83
3EFD
BFF4
BFF5
3FBE
BFC6
C003
3F18
BE46
3F0B
BF3B
409F
3F0F
C01C
C030
3FEE
BF4E
BFCE
C004
BF58
402F
BE76
3E6E
C04E
3D69
BEE3
3E04
3F91
4026
BF92
BFB6
C001
4000
BE99
BEDD
C060
3F4E
C04D
BE3C
4065
BFF0
C004
3DB2
BEE5
3FD9
C02A
BF14
BFF9
C0A2
BE66
BF6C
3FB3
4007
BFD8
3FC7
3F6D
BEE8
BD3A
BFDC
C008
3E5C
BE57
BE9F
4068
C00F
3E12
3E4E
C053
BF1B
BDE7
BEC3
3FB5
4023
3ECC
C079
BF9B
C046
3FDB
BDE2
3DCC
3E3E
C003
3F23
4091
3EE2
BFB6
4025
3FE6
403C
3E88
4002
BF44
BF85
3E18
C0A6
BEB5
3FB4
BD3F
4062
BFAA
3FA0
4081
4008
4098
3FE3
4051
C028
BEEF
C04A
3FF2
BD9C
3FEA
C048
4017
405A
3F2B
4035
C082
BFCB
3FD1
3FB6
3F53
403B
408B
BF44
4025
BE73
BFB5
4062
C00E
40B1
3ECF
3FB9
3F95
C01E
BF70
C014
3F0B
BFA3
BFA9
405A
BF08
3FBD
3FBA
3EFF
BE87
BC1C
4084
BF2C
3FB0
BF29
BDFB
3FD7
3F59
BF71
C05C
BF17
C000
C038
BFB8
401F
3F94
C08F
3F9B
BF88
3F28
C051
BCFD
3E92
3F57
3FB9
BF83
C045
BDAB
3FBA
4088
3FDF
3FD2
C002
BD35
4058
BF04
3EC9
C058
3EC2
4001
4015
3E81
BFE7
3E43
BCC3
BFD5
4030
3D08
3F36
BF71
BF9D
3F71
BFB3
3EE0
3EB2
BF8F
C031
BF6F
3F59
3F29
BFB1
3F21
BFDC
400D
C011
C06A
C011
BF8E
BD2E
BF18
BF1D
C01C
3F9D
3FAE
BF93
BFA4
405D
40FF
4027
3FD8
BFEC
BFDF
4017
3D0E
BE66
4051
C087
4095
C00C
C057
BF9B
3F3A
C06D
40A1
C055
3FD4
4016
BFC0
C06B
3FB1
BFC8
C008
3F9A
3EF6
BF6E
3BDE
3E6D
BFCB
405A
BFA3
3F2C
4043
4032
BF17
4011
C064
408B
BF34
C08B
C0DB
BF8F
3F02
C00C
403A
3E9B
C088
3F6F
3EEC
BE9F
C03F
3F21
4059
C038
BF7E
BFF6
BF97
BFC9
C054
403C
BEF6
BE9B
BF37
3F88
BDAC
4004
BFDB
BF3F
3F47
C023
3F87
400F
4017
BFA6
BE98
3F09
4067
3FE2
4095
BFD7
3FD2
BE88
C01A
3F94
C04F
C049
BFBD
4082
BF23
3F28
BEC9
4039
3F19
BCD9
3F83
3F12
C05F
3FC0
4034
40C7
4046
C004
BE8F
404B
3F2E
C002
BF86
BF87
C01B
BE96
BF51
BF53
BEE2
4001
3F4E
3FCF
BF5A
BE18
3FD8
BF34
BFF2
BFBE
BF42
BFAC
C03D
BF60
BF17
BE84
3F59
3FE9
3FF0
BE9B
C066
403E
3FB3
C093
C03C
3F55
4078
C08E
4037
BFE2
C06D
400A
BE38
3F71
4082
3FE5
BF72
BFB6
BFB8
BF61
BEFF
3F07
BF5B
3EBD
BF52
3F94
C009
3E7D
3FC6
405D
C06B
BF81
BF91
400C
BF2F
3F62
3F30
3E1E
402F
3F77
BFAA
BF36
BF4B
3FCA
C052
BF3C
3FF3
BFB6
BFDC
3F5C
BF48
405D
3D86
4046
BEB3
BF17
BF34
3F98
BF4D
3FDE
4011
C0B6
BF74
3F56
BD9D
BE49
3F1A
3E9B
3BA8
3F30
BFD2
3E64
3F6B
BFC2
C046
3F05
BF1B
40E0
BE56
3F1E
BDE0
3ECA
BFE0
3D81
C089
3E63
C0A1
C043
3EE4
BF30
40DC
3D43
3F87
BFD8
C054
BF82
BFA4
C06F
BE7E
4052
3F0D
C02A
3F9C
C02B
BF8B
BF0F
BEA6
BF09
BF5B
3FFA
3E65
BF51
3F72
3E68
3E09
BFDE
3EED
C014
3FA1
BE97
3F5F
3F5D
C03C
3FD1
BEC8
3F2C
BF70
BF84
BFE9
3F20
BEF0
BF92
40AB
BEEF
BE82
3E96
3F85
3FD0
BF2E
4003
C003
C10F
BE8D
C01A
C029
BD4A
BF91
BF5E
3E97
BE6C
4020
3F82
3FD4
BF06
3F46
BFBF
BF0C
3FEF
3F9F
BE7C
C001
BF63
BF4D
3D41
409F
BFEB
402B
3FB5
3FCE
C066
4067
3E49
402B
3F81
4040
BFC7
C00C
BE20
BF97
C008
BF61
BF8F
BDBE
BFF4
406A
C05A
4016
BF67
4026
BFEA
3E9B
4031
3F9E
BDDE
BF83
C075
C054
C064
3D5B
BE66
4038
4001
4012
4031
4025
3E4D
BF52
3ECA
400A
C025
4002
BF28
3FD4
BD0F
402B
C027
BFA0
BFF3
BFC0
3F14
BF14
BF01
4016
C09E
C066
BE77
3E0E
C08A
C073
3FC0
BF70
C025
3FC2
BECE
C049
BE41
4040
C05E
BF10
4009
3E91
C01E
3CB8
C02B
BE85
3F46
BFF6
3F68
4046
C010
402E
3EDD
C002
C060
3EA5
C03A
3F4E
BEC8
BFB7
BF04
3F8E
BF94
3F8C
406B
4047
BFB4
3F85
3E4D
C049
4047
BF05
404A
BD80
4074
3EE9
3ECF
3EE9
4011
C00E
C08D
3F64
BEF0
40B6
BF65
4084
C05E
BF70
4040
3E9D
3F32
BE34
BDF1
C073
4082
BDB7
403A
BDEE
3FDD
C043
BFFC
BFD8
4018
BF65
3F92
3F93
C05B
4088
3FD6
C084
3FC6
3F17
BFC8
400D
3EC5
3F3A
4009
3FED
BFEC
BFA1
BFD5
BF63
BF97
BFAB
BF4E
BF88
3F95
3DF2
BEA1
3ED9
BF9C
3E68
3EE4
3FBA
3F2F
BEF5
C048
BFEF
4036
BEFB
3EB1
40CC
3F4E
3E7F
C010
BC95
C095
BCAA
BF9A
3F32
3ED4
C033
3F8C
3FF4
4036
403B
BFE8
40E0
BFCD
C01A
BF4E
C05C
40B2
BF92
BFC1
3F35
3F80
BE88
BF1E
BF88
C02E
3F13
3FCA
3D76
3EFE
4000
3F3E
4077
3E2E
BF13
4093
3F5B
4003
C0B3
C039
C004
3E58
406D
C042
BFB3
3D1D
40BF
3FBC
C081
4046
C00F
BEB1
C007
3F0F
3F84
BE0D
BFA7
3FB2
403B
3F43
404F
3F9D
3EB9
3FCE
BF37
BFB7
4007
BEAE
BE8A
BEF4
3FC6
4006
C004
BF9B
C09A
405C
BFF3
C0E3
C03A
4088
3F94
3FD6
BD8D
3E89
BD91
4017
BF2F
3CB6
4019
BF4C
3F9C
3F01
BE67
3FAA
401A
405A
3EE5
BF7E
3FB1
BF5A
3F6F
3FFC
C03D
4033
BDCE
C065
BF7F
3F10
C023
3E83
3DB5
4098
3F9E
BFE5
3F68
3FAD
3EF7
3F13
BEF3
C012
4030
3F84
4023
3F45
3F02
3FA9
4027
3F94
400C
BF41
3FB9
3F87
BE9E
C035
3F69
BDF7
3F83
3F0C
401E
BDD2
40AE
BF6C
400A
408A
C084
3F3D
404A
C084
3FA0
BF36
BFCE
BF29
C02D
BE45
3F11
BF0A
BF39
3ED3
BF6E
40DB
410B
BE7A
BF8F
4065
BEEE
4001
3F03
BFC0
40AE
BF6E
C071
BE13
3FEC
BFF9
3C43
BED8
C08D
3F4A
BF76
C032
C030
3F0C
BFFE
4014
BFF7
C04C
3F87
3FE3
BDB1
3F33
3FBB
BF5E
C062
BF82
BD6C
C029
BF0B
BF09
3E59
BD17
BFB8
4027
4036
C050
C02B
3F98
C01B
3EF8
3C71
BFC2
3E17
406B
BFDE
3E98
BFAD
BE2F
3E29
C022
C05F
4026
3FF0
BFC9
C093
BF86
C017
3E84
C017
BF8C
C081
3FAF
3F9A
BFAE
3F22
3F9F
BF85
BF48
C0C8
BEB4
400D
BF15
C01E
BF0A
BFEC
403B
BF84
BE53
C063
BF95
C045
BE67
C02F
BFEB
3FFD
400C
3FD3
BF6E
BF9F
BDD6
C059
3F9E
BD8E
BF75
BFE9
BFCE
C00C
3EA7
3F55
BF96
40A5
3ED8
4001
BE89
400C
3FFD
3F9C
3FA8
4003
BDB5
3F4E
BFE3
3FF2
4052
BC75
BFBE
BFBB
4090
3FC9
4029
C06C
3F5C
3F1C
BF44
3F19
BFCD
C0E3
BF00
3FD7
401A
BDCC
3FA7
BF61
3FB0
3EA1
4083
4097
4034
3FC6
3F50
3F78
BFAA
BE6B
C06E
3FFE
403A
408C
3ED2
BF6B
C081
3F3D
3F26
3EF4
3F2F
BF2C
BFF9
BF8D
C06E
3FA4
BF85
BFCD
40A5
3F9A
BF3C
3F54
4012
402B
BE26
BFCA
BF1C
3F34
C072
BF70
3F61
3D95
4034
C10D
3E94
C07D
BDE8
3FC7
C042
BF53
3E05
C017
BDA3
BF80
3CD6
C07B
3D91
400E
3FAC
BD2B
3FEF
3C92
BFD9
C03D
BFAB
4042
BF44
BF98
3F0E
407A
BF7A
C08F
4016
4060
BEE1
4007
3FDC
3F38
C00C
4086
3FA0
3E6D
3F04
BEF8
3F7C
4099
BEFB
401E
BF9E
BF1A
BD58
3FFA
C044
3F8C
3FF8
3EF2
3E84
3EFC
BFE4
C079
C07E
3FF7
3FF0
3E58
C051
BFA7
BFF2
3FD7
3E91
BFFA
BF19
3F14
3FAA
402F
C045
3F91
BE8F
C08C
BFE3
3E89
BFED
C01F
4025
3EBA
BEB6
405A
C009
40AF
BFB8
3E32
3E6C
BF28
BF48
BE8A
3FBC
BF83
BFC9
3EA7
C01C
C029
BFF8
BE99
C029
408E
405D
3F9F
BEC9
BF7F
3F94
BFB4
3E05
4059
BFE0
BD68
C02A
3F84
C016
4041
C01D
406A
BD28
C02E
BE25
BEED
C011
BFC8
C0E8
BEE2
406E
BE2F
C013
3DB2
C091
C056
BF93
400B
C01A
BFBA
C006
C015
3D4F
3FC4
4005
BF62
C084
BF9D
C044
3FA8
BFBA
3FC4
3F2D
4030
BF5A
3FC6
BEF1
BFD7
BF4F
3EC9
BEAE
C00B
BE97
3F69
BE3C
3FA5
3F04
C0D0
3EA4
4005
406C
C061
BFBA
BF8B
3FAF
BF10
C02E
4023
3F90
3FAD
3E41
C002
3F64
BF85
BF7B
3F11
40D1
BE1B
C080
4098
BE82
BEED
BF81
BF8C
3F88
4005
4007
3F21
3F8F
402C
3FC0
BC39
BFCF
4020
3FEE
4009
BFDF
C031
3F1F
3EEC
3F63
4011
BFF7
BF07
3E90
C07E
C04D
3FA6
3F1E
3EAA
BFBC
BF70
4038
409B
3F4B
4038
BF71
3FD9
3FCD
C003
BF2E
C029
C071
BF14
3F3B
3F77
3F97
3D82
4032
BFFB
4049
3EA4
3DE8
3DC8
BFD5
3F84
3F89
BFAA
BF8D
3FAD
3E3E
3E04
4044
BF79
40EB
BF56
4061
BE8B
C014
BC7D
3F09
BF13
BE8C
BF07
BF40
C003
3EA7
BF44
C006
BDA2
BF5B
BFA9
3ECA
4063
BEB9
C03B
3FA8
3FF9
3FE4
3F36
BEF9
BEA1
40A5
BEAB
C0AE
4018
C005
3F9C
BF67
BF99
BFC9
BF7B
BFC8
3F30
C042
BF70
3FF4
BFAE
BF6F
BF1A
C03C
BE42
3F4F
3F69
BF27
BFC3
4049
BF25
C030
3F7A
4026
40C1
BF4E
C083
3CB6
BFE0
BE97
BE32
4056
C09B
3F9E
3FDE
C002
BEEB
3FD7
4065
3FD5
BE96
BF0C
3FBE
BF41
BED4
4044
3F5A
BFF9
4029
3FE8
C014
C092
3FD6
BE26
3FB7
3E1C
BFD2
400D
3F89
BFC7
C04B
403B
4008
C013
3FF1
C014
C017
3FEC
BE04
3FAB
C07A
4117
BF07
C06C
BCD9
BFB0
3EAE
3F0A
3FE2
C03A
401E
3F9C
3F29
3F23
BF3B
3F97
3F1D
3FAD
BFB9
3FFD
BFAD
3F1B
BF16
401B
3E0E
BFAC
3F28
BEC6
BDC9
BE92
3E01
410A
BF69
BF4C
3EFC
BEFC
C067
404E
3F56
4005
BEF0
3FF4
BDB5
401A
3FF6
C000
4090
3FC7
3CCE
3F80
404C
3F72
3EC9
BF79
BFB5
4009
4049
BFF5
C064
3FA9
3FAA
C05A
4057
BF62
3E2C
3F80
3FC1
BE5C
4011
4038
C01A
BF2A
BFDE
3FE5
3F12
3F9A
3F5E
4026
BFF4
BFD4
C014
C017
BFE0
3FDE
BFA2
C00F
BFAF
3E99
C018
3FB9
4051
C062
BFAC
3FDA
3FD1
403D
3FC7
C071
3FEA
3F40
BF17
3FB7
4078
3FE0
BF32
3FAE
3EE3
C01C
C040
3EF9
C002
3FBB
3DB2
BFF9
3FB6
BFBD
3F83
400A
4086
3F7D
3FF4
BEDB
3EE0
3F5E
C0B2
BEEB
C06C
BFC9
BF8B
C086
BDF8
C09A
402E
402D
3FFE
40AD
C01C
C01B
C037
BF80
3F58
40B8
BF89
40CD
3ECE
4049
BFF6
3F04
3FDD
3FFF
40A1
BE68
C0CA
C05D
BFBF
BCB5
C011
BF92
BFD6
401A
BFAE
3F85
3FD4
BE63
BEDF
BC2C
3FE6
40BE
3F5F
BFDF
BFDA
3ECE
3EA9
3F91
C06D
BF81
BED8
4009
3D9F
3FAA
BF70
3F6E
400F
C05A
C018
3F02
BF57
3FDB
C002
3F5C
4037
3FE1
BFB4
BF25
3F12
BF6E
BF71
BF90
3F2C
3FB9
3EBA
C003
C02F
400C
C05B
C004
3F8F
4096
4002
BE98
3ED8
C08F
C025
3F96
400D
C036
3FE2
3D4D
3FAB
3F0D
BF81
BF8A
BFE8
3F14
BF97
3F82
4099
3E5E
BE18
4006
BF73
3F3F
BE97
3FA8
BFBB
402C
3E84
4094
400F
3F2B
4044
C052
3FFD
BECC
C016
C0F9
3E45
C0CF
3F7F
3EB1
400A
BF69
3F2F
3F2A
3FCA
BFAC
BFF0
3F32
3FDC
BED7
3EF9
BEC9
C093
C02B
BF01
3FFD
BD01
BE29
C02F
3E94
C01A
3E1A
BECE
BF84
BFED
C043
3EDE
3F9F
401B
403A
C07E
BF83
C03C
BF4D
BCB2
BEAF
3F41
3F75
4017
3E3D
BF2A
3E8C
BF22
4049
BFB0
3F7D
3E20
3FDF
402B
4000
4073
C0B6
4017
BF18
BC71
C02E
BEE3
C066
4037
4079
3E32
BF1D
C008
C039
400A
3F99
C02A
BFD1
3F71
40E5
403A
3E7A
C105
BF92
3D86
C090
BFB4
C017
BF14
BEAD
C05D
BF27
C0C3
BF57
3FE3
C037
3D9E
C005
3DD9
BED8
3FD6
C041
BF71
400A
3F8E
3F8A
40B8
C070
3FCF
BF15
4078
BF85
401D
BE02
3EA3
BFA1
BDC4
C062
3EFA
C0BC
4075
C05F
C030
C004
3FC2
C01A
BFB6
3FE5
3F94
BFBC
3FC5
C040
C02F
409C
C019
BDAF
3DD4
BF2C
BF95
BD54
3E85
BFEE
BF88
3EA0
BF8B
3F95
4054
3F86
BFFE
4011
3FF6
3F1B
BFB3
C0BE
3F26
402C
BFE9
C012
3E8C
40AD
405F
3F00
C056
C042
3FCE
3E63
3F91
402A
BF91
4029
C025
C082
3FC4
BF81
BF8B
3F96
C008
3ED4
3F00
BFD8
C027
3E94
BF25
3EFA
3D29
BF84
400E
BEB1
3FD5
BE60
BF9C
C01B
400C
3E95
BF79
4031
BF0A
403C
C0D9
3CD9
4075
405E
C010
BF56
C009
C0D3
3FB1
3F94
3F59
C0A4
BC71
BF2C
3FBC
3F84
3F0F
3F5B
3F52
3EA2
3F90
3FA5
BFDF
3F81
3C96
4068
BF76
C00B
4092
BFFC
3F76
409B
C005
BFF4
3F88
BD03
BEDE
3F7D
3FF0
3F32
BF4B
4012
C001
BFE1
4086
BE90
BF8D
3F2D
4053
BE1C
C077
BF60
BFB0
402D
C010
C04B
C013
BF47
BF88
4033
4064
BFED
C068
3F79
4064
4013
3FDA
409D
BF81
BF61
C063
3DF8
3FD7
4020
3FFB
3DF7
C020
3FC3
BF43
3E2A
BE68
BDA2
BFD3
C005
C025
BF2F
3D69
C08E
C04B
BFE0
BFA8
4025
3ECE
3F2F
3E52
4081
3F3F
3FAF
BE4F
3904
BE61
C00F
3FF2
BD17
BF69
BF8D
C003
4029
BFBB
BF97
C078
BF20
404E
BE91
BF87
3F90
BF20
3FE6
BFF0
BF85
BFC5
402B
C001
BF17
BF96
4048
3FA5
3EBF
BF02
3F2F
3FEC
3F7B
C063
BF3A
3E97
4110
BE88
3D8F
BFD6
3FC5
3F1F
3F30
C051
BF44
BFE3
BF9B
BECE
3F92
BFBD
3FC6
BFC4
400E
C009
BFD3
C012
C089
3F3F
4047
4099
400E
3E2B
3F14
C08E
4069
4030
BFC4
4011
3FE1
BF20
3F8F
3F8D
C032
4056
3F40
3FE8
BFEC
3F56
C048
3E5E
4095
C005
3C8D
BFA6
3FF4
3FFD
BE32
BFAD
3F42
BFF1
BFC8
BF1E
BF43
BFAC
401C
3F5F
3FE3
C026
3FE3
BF98
BDBF
BF1D
C04E
C06E
C02F
BEA0
C009
3F97
BFC2
BE27
BF3B
BF8B
402B
3F4E
C094
3FCC
BEA3
C00C
3E0C
BEED
3F9E
BED6
C03B
BCC5
BF69
402C
3E5C
400C
400C
3F30
BFD1
C01D
3F44
4018
BEF8
3FCE
BF02
3FBD
BFDB
3F8F
4084
BEAA
BFEA
3E93
C05F
BE9E
403C
4058
BEC2
BEFE
C081
BFCE
BECF
BEFD
3F03
3FC1
C03D
C00B
BF9D
405D
3F52
4004
4006
3F25
3ECA
3FF2
C002
3F54
BFD4
3F7D
BEB3
404C
BFEF
4061
C076
BB80
BFE4
3EC4
4003
BF11
3EE1
3E08
3EAE
BEBE
400E
BF73
BFC0
BEAC
C023
4082
BCFC
3ED8
BF66
C021
BFF6
3FC8
BF62
3F8A
3FAD
BEDE
BF82
3FD9
BFE6
4027
3EAB
4031
C015
3E28
BFB0
3FE9
404C
BF23
C060
3E88
C002
BE7D
3E63
BF5C
3FB8
3F82
C02A
BF1C
3FB9
BE89
C00B
BF62
C048
BE10
409A
BD6F
40A8
3F84
404C
3EA0
409F
3E9A
3EA2
3F7F
BE63
BFA5
3D95
BE0F
4024
4022
BFF5
C082
BEFB
3F8B
BF98
3FED
3F26
4040
4062
4083
BF95
BF35
BF70
BF04
406A
4008
3FD3
3E84
3F76
C071
4063
BF11
C0A3
C06A
403A
3D83
3FED
3F0D
3DC9
3F21
3BBE
3FC6
3F98
BCE0
3F17
3EBE
3EC4
3ED9
BFBB
3F22
3F4C
3F4D
3E2A
BE7F
BE0B
3F3D
3FDA
C00B
3F53
BE64
C034
BED2
3FA1
3FA9
BE19
40A8
3F9D
3D81
3F17
3FD3
BD97
3DCD
3FB7
C069
BFA1
3ED8
4098
407B
3FA3
4033
C02E
40D3
C06D
3FDD
3F91
C01E
40D4
C014
3F5E
3F12
BFAB
BEF5
3F5A
C01F
C064
3FAB
4033
3F12
BEBD
4006
BE87
C00C
BE22
C0AF
BF85
4077
400D
BF75
C000
BFBE
C04A
3FD1
3F86
3F5C
C024
3F6F
3FA8
BF24
4051
BFEA
BF4B
401B
C069
BF08
BF0D
C01F
404C
BFA8
BFCF
C05B
3F92
3F67
4004
3E16
BFB9
4094
C054
BF17
BE8D
BF85
401F
BFAB
BFCE
BFD5
4030
BFBD
C078
BE09
3F8E
3DF6
BE1B
BF3B
404E
BFEA
407A
3EED
3C02
400C
BF08
4065
C0EC
3EF2
3F0D
3EA3
408A
BF31
3EF4
408C
3ECE
4001
BE1B
C004
BF25
BFBA
BF96
3FDE
4032
C094
BED9
3F71
4039
BE82
BF8A
3FEC
C056
3F04
3FBA
C07C
C042
4086
3FB4
4006
3DE8
BFFE
3FE4
4110
3F78
3FBC
3E5D
C0C6
3F4E
BEF4
C09B
BEF6
BE91
C02B
4037
3FE7
3FF3
401F
BF2C
BFA1
3FE1
3F0E
40AD
3F92
4005
BEEF
4083
3FDC
BDF5
BFAA
3FA7
C053
BF36
3F30
3FD9
3FB2
3F41
C0EA
3F92
BF8A
C01E
BFC0
3F4D
400A
C092
BEC5
3FB0
3F8C
C043
BFC4
3E6B
4004
C024
BF33
3FA2
BFEA
3F18
4098
BF5A
BFFC
3FDD
3FCA
C059
3F32
3F4C
C055
BFD5
BF5B
3FD2
C02D
3FDD
3FA4
C026
C006
BE7C
BFC7
3FE4
C060
C08E
3FC7
3E58
BF8A
3F0F
BFE2
BEAA
3C69
4003
C087
C098
BFCA
BFDD
3F01
4003
3F58
BFC9
C0D1
4009
C01E
3F71
40A7
C00E
3F3B
BE70
3EB9
3FDE
BFEC
BF63
BE12
C078
3F25
3F51
3FDA
BF2B
BF9F
BF8E
3F83
4021
3F13
BF1B
3FD2
3F8A
BE3E
3EF9
BFF8
BF5B
3F89
BFEE
BFE9
C05E
3F9B
4077
3FEC
3FD9
3FE6
3C30
401C
BF45
403A
C011
BF5B
C01D
BFF5
3DF4
4099
404B
3F83
C06D
BF8D
408D
3FB0
3F1F
4031
3F0D
C013
BFAE
BEFF
BFFA
409A
409B
C04D
BFE1
BF99
3EBF
BEC4
403A
BFC6
BF07
C00D
C02E
BE31
4045
C0EB
3FA0
C04F
C004
4001
3F13
BF35
3FFE
40D7
4015
C006
C00F
3F6D
BDB3
3F4D
BFBA
3F60
3F0C
4051
C013
4023
3F81
BF64
4008
3FC5
3F9E
BF54
3F76
C070
C005
BFA4
C08D
BFBE
402D
BF93
3F19
3F41
BEFB
3F57
3EB4
4024
BF5E
3FBB
BECA
3FEA
401D
BE38
3F87
BE1C
3FAF
40AB
3F82
BF2F
3F12
3E8D
C0B2
3F43
4002
3FF3
3F30
BE97
BF8A
BF3C
BF08
403E
BF89
BFC8
4045
BD53
BF57
4067
BDC3
BD22
401F
3EC3
3FA3
4013
3F1E
407D
403E
BF9B
BBC4
3F04
BE09
C029
BFE3
BF7C
4065
4086
3EF1
3FDF
4032
4051
BFA3
BE18
C034
BF09
BFB2
C05A
C08D
BF81
3EE1
BEEC
BE38
3F9F
3EA1
3F66
3FDB
4065
BFA4
4029
3D27
3E13
BEF5
4023
BFCF
BFB2
3F22
3FA6
4019
BDDC
BE83
BF2E
C028
BF35
BFE6
3F91
BFE9
408A
BF67
C011
BFBE
BFEC
4055
C055
C004
C064
C029
C01C
BE71
403B
BFFB
400A
C033
BFBA
BF89
C041
BFDC
BF21
3F88
3E60
4067
3ECE
4050
BD8B
BC96
C053
3F66
3E23
BF07
3FA7
C08C
BED3
C03C
3F19
3FE7
40A7
3E85
3F19
BF72
C069
4069
3FB0
40C0
BDB5
3F50
BE93
BF41
BF35
C029
BFE7
BFA9
3FD7
3FA9
404D
3E38
BFC0
3F45
3F51
BE51
BFE0
C0D7
BF03
C0D0
3E92
BFC0
C038
BE89
400E
C00F
C001
4020
3FEB
BF19
3F3E
400E
BF92
BD55
3E06
BECD
BF4C
BEC7
C003
BFBB
3F33
BFFE
3F19
BF04
BF46
3FC6
BF2A
BF96
3F36
3F8E
C053
3FAD
C011
BF51
BFBD
BFC7
C023
40AC
BF55
C091
4093
3F85
3FDE
C06B
BEBD
3E88
3F83
BF31
BF38
BF1B
404D
BFA4
3F16
3D39
C01D
BF73
BED4
3F6F
C035
BBE9
4043
BF1A
3F8D
BFAF
BF9E
BD98
3FD7
BF4F
400A
3F8D
BF90
3C97
3F13
3F86
C03F
3F35
BFD3
3C5E
3F56
C077
C06A
BFB1
BD98
C08A
BEA6
BFB5
3FED
3F19
3FAF
4009
BEB0
BCC2
3E9D
BFE8
3FD0
BFC0
3F1C
404A
BFEA
4009
C062
40C3
3FB0
C040
BF3C
C100
3FF8
3FDA
BEAC
3E82
C011
BEBB
C090
3F66
BF87
BF03
C080
BEA5
BF9A
402F
40B1
402B
C001
BE87
4074
BE47
407A
BF2E
BE2C
4053
4064
3E75
3E78
40A3
BF59
406A
BF0B
3F3B
3FC5
C028
4089
BFB2
C068
C035
BFD0
4003
3FF5
4030
BFEB
3F4F
3F71
3FA3
BD71
4082
3F84
BEEA
BFCE
401D
C004
3EE0
BF92
BE9F
C03E
BF4D
BFDA
C0CD
BF1A
4041
BDB3
3FCB
C080
4047
BC8B
BFF6
C09D
BF61
C004
BF60
3F00
BF29
3FB2
3EC5
BF3C
C02A
3F89
BF2A
BFDA
404A
BFA6
3FAA
3F5D
BF19
BF37
3EAB
C00E
BE3E
BB85
BDCC
3FEB
3E2F
3FE4
BF9F
3F53
BFB6
BF9B
402E
C024
3F0F
BFDF
407E
C039
BEF8
BF4F
BF5A
4046
BE60
3FEB
BF0A
BF82
C04F
4015
3F37
3E9E
4037
3FC0
C026
BF9C
3FB4
3F0E
4083
3EFB
3F09
3FB9
BFF4
403B
C07E
40F0
BEE9
401B
40FC
C010
BFD0
C037
3F1F
BE39
3FC5
C098
3EEE
BEC0
4004
3F87
3F81
BF24
C096
4007
3EA2
BFCF
3EB8
3EF8
BF64
BD8C
3EC8
BF36
4036
C0AC
409D
BFFA
BE9D
C00B
3E82
BE01
BF08
402F
BF95
4012
C01A
3EC0
BFDC
C00E
3FDB
3F9F
3FEF
BF2A
BFFD
C061
3F46
3F5D
3FCF
3EFE
4098
C024
BF07
C104
BF68
3F9A
BD75
3F31
C006
40AC
3FF2
BF76
3FAA
3E41
3F8D
BEAA
C0E7
4029
3E7F
3FAD
403B
BE22
3FD9
BF4F
BE82
3FE1
BFC5
BF6C
BE93
BFDF
BF9A
3F50
3FA0
3F7A
BFE9
3FFE
C041
40A0
BE7E
C085
3EF6
BF48
3F83
3F28
3F92
C055
3AF9
BFAD
C09B
403E
4085
3F6A
3F24
BEED
C003
C037
BF92
BEF3
BFE0
BEC8
BEF7
C03F
C061
BFCF
3FCD
3F88
C028
3FA7
4009
40A3
4055
C0AC
406F
BD84
BF6E
BFE9
3EB8
C03A
BED1
BFE1
BE82
3F84
BFDA
BFD2
3F91
C072
4050
BEB9
3FDD
BFF4
3F44
BBF2
4024
C0E0
BF46
BF77
3EBF
BF1A
40C8
3F73
3F84
3FE0
BF0D
C046
C022
BFB6
3F82
BFAF
4036
4025
BF08
C07F
3E8A
BE27
3FD4
BFF8
BFAB
BDEC
4028
3EEB
BFF0
4023
BF9F
3FD7
BFFD
BFED
3EFA
3F4E
C05B
4000
BF6D
3F9B
3E8B
3FB6
C020
C049
BF07
3E17
3F08
3EB6
400F
3EFE
3FA0
BF5E
C008
3F0E
4002
3E86
3FCF
3F85
BE58
BD91
BFDF
3F2D
4029
BF8B
402E
C01A
402D
BFC6
C051
3FB3
BF31
C0A7
3F62
BD30
C02A
403C
3F4B
C0BB
3FDC
BF33
BFBB
BEF6
3FC1
BF33
C04C
3FF0
4117
C055
BE9C
3E81
BFF8
4006
C084
C01A
BE24
C00B
C02C
BFEF
3EB6
BE4F
3FDF
BF4A
BE01
3DB5
3F8C
BFB2
BF3C
C029
408F
BEF4
C02E
BFE2
3F10
BF84
404C
BFC8
BFC5
BE57
BF57
3FFF
3FB4
C03E
3E92
40B3
BF9A
3DC5
3EBC
4027
3FCC
4099
3F33
3F94
401E
BF9E
BFA5
BF6B
BFE9
BF23
C03E
BF9A
BFCC
3FFC
3F7F
BFD9
C005
3F53
3F8B
405D
3E89
3F1C
C018
BEC6
3FEB
BF15
C020
3FCD
BF0B
4000
BF31
4087
C003
3F97
4014
3FD7
BFE9
3CDD
3C7A
BF19
4050
BEB3
BF30
3F2A
BFE6
3FC1
C054
3F8A
BFC4
3F0F
C028
3F29
BF41
BFE8
C0AF
C00D
C008
3FFA
C09B
3FE4
3F0E
4024
4046
BF8A
C04E
C00C
3F61
3F8E
3F92
4096
C093
4096
C08C
C073
4044
3E0A
3F50
3F04
3E44
3F94
BFCB
4016
3EF5
3D67
3F25
3DF7
BEF5
BF87
3FAF
3F97
4011
3F5B
3D66
3EAF
3F56
BEE9
C027
BF5F
C054
BFA7
C015
404C
C06E
405C
BF31
3EAE
C00D
BFA1
4047
C087
BF0C
BC62
C0B3
4126
3FAC
BFAF
3BFE
BF0C
3F19
C037
C015
3E0F
BEB7
3F0A
3FD9
4017
3F63
C012
C058
BFD4
BF3E
3F81
4038
C045
403A
C05A
C00A
4034
4003
BDBA
C075
3FA6
3E58
3F7B
C07F
3FB3
4027
3F1A
BFDB
BFB1
BEA6
BFBB
3ED9
4005
402D
400A
3E01
3FC7
4046
C043
3F28
4009
C0E3
3C1B
3FEB
C010
BF3E
BF96
3F2F
BF45
C086
3EA1
C03B
BF95
BF40
3E08
BFAB
3FD7
3F29
C04E
C02A
BFC7
BE22
C009
BF6E
4021
C00C
C062
4004
C024
BF50
BFC7
BFDE
C054
3FF0
3FAF
3FB6
4009
3F40
4000
3F88
C02C
C00F
40D2
C06B
C096
BF18
C052
3F67
3E57
3F85
BFE3
BFF2
C026
404F
3F23
4005
C020
403A
C034
C022
C013
C0A2
3E67
4032
C04C
401D
BF59
3F14
BFA8
3FF7
BDA2
3FEB
3E95
3FEA
3FB0
BE13
BF82
3F89
C0CE
C090
C022
BF80
BFCF
4012
4018
401D
BFCD
3F08
3F04
BEEE
BFA6
3DF5
C022
3F5F
BFE8
3F9F
BF77
BEF9
BF3F
3F5D
BF33
3FCA
BE97
3F4E
C05C
C031
C019
C000
C096
4000
3FEB
4088
3FA8
40A8
BFD5
4001
3D29
3FF8
BFE7
B9D4
4082
BFF8
40C2
BE9E
4033
BEAE
C004
3F90
BE81
BF4B
402E
C088
BF06
3FA9
BFF6
409C
3F7F
408F
C01A
BF6D
3FC5
C00E
3F7F
3F8C
4042
3FBD
C026
BFCA
4082
3F25
3F57
BF29
3F1F
3FDD
3ECB
C08B
BF03
3F39
4003
3FAB
3F10
BEEF
BFAF
404E
4063
BFFA
3EB7
BF70
BFB1
406A
3F90
BF8D
BFB5
3F14
BF9B
C0D1
BFDA
C08C
BFD3
3EA4
BFC8
C012
BFC3
3FD1
3FB8
BE5A
3F34
BFF1
3F86
C019
BF86
3F4C
BFB2
C044
BC7A
BFC9
BE09
C03B
BCD4
3EFC
3FFD
C07A
BD92
C0F5
3F9E
C01C
BF8B
404F
40CE
BFE9
406E
3F32
3FAF
C05E
4004
3E57
BDFE
C010
BFA6
3F52
C050
3ED1
BFD5
3F25
C045
BFC6
BF89
3E0A
3FD5
C0AE
C07B
C044
3FC5
BF7B
3F83
3F75
4088
404D
BFDB
BFA4
3FDD
BF3C
4050
403A
3FDA
3FF8
BEF6
3F3C
401C
BFB5
3F59
BFAA
C024
3E03
BF99
BF1B
3C95
BF87
3F95
3F7D
BF1D
BFBF
C024
BE64
BEC1
C026
BF89
C004
BE91
BF5C
403C
3EC0
401D
BFEA
C03F
3F83
404A
403B
40A7
BE0D
3FB9
C04D
404E
C029
3EB0
BFB3
BFC1
3FE2
3F08
C010
3D38
BF8F
3E7A
4010
3FC9
BCA4
403E
3F81
3F19
3F8C
BF84
3E87
3F1A
BFA0
4046
4036
402E
BFA1
C0A6
BDD0
3F02
BE5A
4032
BE81
4033
BF83
407C
BFE6
3F92
C036
C09F
3FEA
3FE4
BDF0
BD66
BF73
C03E
3FF9
C004
BDBA
BE0D
C098
BF6C
BFD0
BF13
C06A
C00C
BE3E
3FD9
C099
BF14
4036
BFC3
3FF1
4005
40C2
C002
3F91
3FC4
3E87
BFBB
BFF6
BFDD
3F1A
3F97
3FAA
BF12
BFC2
C02F
3F1F
3FD3
4066
BEBE
3F19
3FE2
3FE9
4087
BF9C
BCD7
BDC4
BF98
C06C
4035
3F03
4086
3E8B
BEF3
C024
3F2E
BE74
BF57
407C
C064
BCB2
BF25
3F4D
BF9E
3F40
3F1C
C050
C04F
3F3A
3FED
3F0B
BF7D
3F8A
3D9B
3EC4
BF9B
C036
BF1A
3FE3
C054
4027
C018
3FF7
BECC
BEF3
BF02
3CB4
C031
3F56
C06B
BF57
3F95
BF10
BFC2
3FAC
C005
C045
402C
3F15
4008
BFB0
C051
3D13
408B
3F95
BDE6
4027
BE9A
3FF0
3F69
C01A
C08F
4062
C08F
3E3C
C04D
3FD3
3FD8
BFAB
3E38
3EE3
408F
BFCF
3F99
3F17
C04A
BFAA
BF13
BED5
BEBB
BFD3
C02B
C090
3FBE
3F4D
BEC7
BEAF
C046
3F90
4008
3E0C
3FC1
3EA4
3F30
BE2F
3F98
3FA2
C034
3FE4
3F59
408F
3FDB
3EE9
4062
3FA4
4027
3FB9
BFD5
3DA2
3D64
C0B3
C027
4072
BE70
3D39
3FFB
3FB8
BF55
3E99
3E9B
C00F
4018
3D5B
BF98
C054
3F85
3FAC
3E91
BFF0
BE54
BD49
40B3
4009
3F12
3FED
BF67
3F6D
BEFF
C082
BFAD
3F94
C03A
40B0
BC40
BFFD
3FE7
3F75
3F92
3FAB
3FFF
BFD2
BF86
3FC1
400E
C06E
BFBA
BF83
BFC9
3E2F
BFD8
BF56
4017
3FF3
BF49
C061
4070
3FDF
BEDC
3F6D
BF8A
3FE7
3F18
3FDD
4039
BEC3
C09A
BECF
4013
BF17
3F8D
BF62
C077
BF20
3F52
3F85
C017
BEEF
BEE4
3DA1
C081
3F4B
3FD9
3F47
BFF6
C022
BFA4
BF84
BE33
4096
BF5A
C00F
3C8A
BEBC
BFA3
403F
3EA2
404B
3FEF
BFA4
C001
BFAD
3FC5
3F06
BF0D
BF3E
C06F
C0C0
BFAC
3E04
4088
4004
3F91
BEAD
C010
3F01
3DBC
401D
BF7A
BEBC
402A
BDEA
3FC1
3EFB
3F97
C019
3F31
C0CD
BCA5
3FEE
BF97
3FA9
3FD4
3F3F
BF82
40BD
3F5B
4012
4014
3F98
BF35
40A4
BE91
4001
BF80
BFB6
BFA2
BF0C
C052
405C
3FF3
4019
3F5A
3EEB
3F6F
3FA4
401E
C075
3EE2
C014
C07A
BE56
3E74
BDF5
4041
BFEE
C043
C104
3F2D
BFAF
401A
3E6E
40F7
BF1A
BF51
3EDB
40A1
4018
BF3A
BFBA
BFCB
BFE4
4029
C050
3F73
4042
C064
BFD7
BF89
C08D
C06B
BFC5
3F86
BFE7
3E39
BF2F
BF2F
3DCD
3FFE
BF85
40CF
4000
3F96
BB81
BF7D
BF82
BCDE
3FA0
3FE4
3EAD
BFBB
BFE5
BF59
4034
3FF1
BFBE
3EFF
3F33
3FF1
C053
BFCF
C07C
C03A
BF8E
BFC9
3FF0
3F34
BE0F
BF23
4046
3FD2
BFFC
408D
3F82
3FC5
4001
BF96
3FA0
BFBD
C055
C03B
BD84
C052
BFCC
BFCD
BFFD
BF4F
BF4F
4073
3DD3
BEA4
BF6B
BF11
3FDF
BEE5
4060
3EAA
BE75
4006
4020
3FFA
BF0B
405C
BFD3
3FE8
BFC7
404E
4040
C057
3F75
BFE4
3FAF
BD79
BF9A
BDA4
BFBC
C074
3FF9
BF87
BF05
C010
4081
4010
BEC0
C01A
409E
BF61
C072
4039
C092
BF03
3F1B
404C
401D
BF39
3F91
400D
C094
3FC3
BE9D
BFD8
3EE2
40B7
3E27
3F22
C051
BFA9
40AD
BFE5
3FE3
3FFD
BFEB
3F1D
BFE3
BFFC
BF1C
3EE4
BD4B
C0E2
BF9E
3DE7
BFAA
BFE8
4022
C0D1
400B
C017
3F4A
3E34
BF39
4088
406E
BFC2
3FB3
BF41
C004
BEC6
BE8D
3CE2
3FD7
4038
BF49
3F0F
3FF7
C062
BF8F
C065
BFA0
C032
C017
BF6E
C086
BF30
C08E
409E
403E
40BC
3F4D
BFF9
BF50
3F6B
3EE7
BDF0
C0B1
BF1E
BEA7
BFF2
BFB9
BF05
C003
3D02
BF8B
3F87
3E82
BFB7
3FCA
BF4F
3F5C
3F1D
3DF2
4021
C0CE
401E
C0C8
BEB6
BF18
4054
3D1C
3F9B
BE9E
3F2C
4017
3FE4
BF7B
BF56
4019
4001
3C08
4048
BF0A
4062
3FCF
BF5C
BF2C
BE65
BFC8
3FF8
3F5E
3FE2
C059
3FFF
3E16
3FBE
3F48
3FDA
BE5F
C00E
4006
3EB9
BFAD
C0DE
C06D
BDEE
BFD8
40DB
BFCD
BDC0
C08B
C026
3FCC
C040
3E0C
BE8B
4009
BFF9
3F11
4018
C01D
4006
BFC5
C013
C000
3FE3
3FEF
40D6
3F85
3E9B
BE4B
4029
3ED8
BCEC
C003
BE77
3FE4
BEA4
3E9E
BED1
BE1C
3EB5
408F
4027
C031
3E9A
3F5F
3E38
C05C
4003
C017
BF89
BF94
C023
BD30
3FC6
3FE2
BF8B
403F
3F86
BFF6
C0B1
BE34
3F3D
3FFF
3F38
3FCD
BF38
C011
BFC5
409E
BFBB
40D1
3FF6
BEC2
BFEC
3F75
BF9F
3F0B
3FC4
400E
3F22
BF1D
C011
C092
BDC5
4028
3FA2
BEDC
BFB7
C029
3FF2
3F14
3E8A
C018
3F00
4091
BED9
3FC2
BF6C
3FE9
BF74
BC09
BFE1
3FDC
3FA5
3F5C
C01A
BECA
3F8D
BE3B
C025
C003
BF4F
3F18
BF42
3FA4
BFBD
40F7
409A
C07A
C084
BF9D
3FBC
3ED3
BFCA
3F45
BF9D
BFAF
3F1E
3F58
BE27
C0A6
C096
4085
3F4C
4003
BF29
BF0C
C053
BFCC
C076
BEAB
3F0B
3DAB
3F31
BF76
3FC2
402C
BF94
C09C
3F24
3F5D
BF73
3F81
3F0E
BF84
4081
3F98
BFDC
3F1E
C002
4058
C022
BFF8
40C5
3FEA
400F
BFC4
C07A
C00D
BF4A
C044
3FF0
3F7B
BDDB
4053
4012
BF68
BECF
BF51
4016
BE9C
3F49
3F09
4039
C07E
3FB7
BFFD
3F0D
3FE0
BF21
3F96
3F8C
BE66
BE18
3F90
BF9B
3F12
C042
C099
BE82
3F0C
3E07
BE03
3E26
C0B7
C004
3E7D
BF35
BE72
BFC4
BFCF
BF0C
4030
3FB4
4016
3F7E
3FB7
BE35
3E9E
BF21
BDD4
3F17
BF25
C045
3CA0
3FB7
3F77
BDA6
4097
BE02
C032
BFE2
4038
400C
C050
BF5E
3F09
3F59
C089
BF66
C00E
3D8B
40C0
BFB9
BF38
BF8A
3FAC
3F55
3FC4
3FE4
4026
BEB1
3FC5
C03C
3D9E
C038
3FFD
3F29
BF64
3EE0
4082
BF8D
C03B
C017
3F0F
BF16
3F31
3F60
3E7E
400E
C05A
BE51
3E1A
C057
4004
BD68
3F3D
4068
BDDE
BFB7
BF35
BE91
BEF8
BFA2
3FFB
BFA4
3F09
3FB3
40E4
3FDE
C084
BF03
3F49
4042
BFB5
BDDB
3E8E
40C1
4061
C031
3F37
BF17
C082
BFBD
3F55
C044
4032
4099
40BD
BF8C
402B
BF12
3FA8
3EFC
C0AB
BEB1
3FF5
C002
C023
BFA7
C045
400B
4071
407C
4013
C0A4
BF97
BFA5
C025
BF6A
BEA3
BFCA
BFD4
BF8F
BEEE
BF83
3F89
BD94
BF1D
3FBE
3FBE
3F85
3E30
BF54
3FEA
3B0A
3FDB
C004
C033
BF3F
BF97
403A
401D
3E6E
3F6F
3E51
4020
C07E
BF81
3DF9
BF71
3EF7
4011
4047
3ECC
BF87
BF12
BE8C
4022
3F87
BFD6
BFD9
4010
BFC2
BFD1
BDAC
C0A4
BFFC
BF0D
C000
BD6D
3FE1
BF2E
4044
BFB1
C08D
BC6D
3FCB
C041
3FC6
BE92
BF0C
3ED0
C03C
3EF7
3F8B
3F9D
4027
3F82
3E60
3FF9
3E68
C050
BE6E
3F7E
4085
3E5B
3F70
3F86
BFB1
404F
3FED
BE1F
BF6A
BE43
C01C
3F94
BF19
3F7F
3F82
C08A
3FB3
3F80
4080
BFC6
3FB2
4015
3F87
3EDC
3E8B
BE58
3FDA
3F50
403E
BFCC
3FBD
BF0B
BFDB
BF2F
3F26
C07A
3F47
3FEB
BFA2
BE24
BF27
C00B
C082
3CE5
3F20
C07A
BE11
BFCD
BE54
3E73
C020
BDF6
4011
3F31
C056
C036
C000
C045
C04B
C063
3FFA
BF9A
C084
BE3A
3FEC
C07C
4035
BF93
BFFC
C075
BFCF
C045
4013
BF81
BF4F
BF25
407B
BF20
BF6C
C037
BFBD
BFA5
BE08
3F6A
3E22
C015
402C
C002
3FF2
3F2F
403F
C01F
3FF2
3F5F
3ED6
C012
BEA8
BE31
BE8F
BFB6
C05B
BFEA
BF76
C023
406F
4090
BF8B
BE2A
3FB0
BEA7
BF8C
BFDF
3F27
4090
3E83
C02F
4090
3FF8
3EF4
3F52
3F40
C057
3F3C
BFB5
3E1C
C009
BEFE
C0B4
3FBD
3F3E
3F07
3FD8
3F87
C031
3FDA
BFCF
3F6E
BFCE
402D
C006
C020
4118
BFA6
C032
C0B2
403C
4023
4045
3F90
BCF8
C041
C02E
BF13
BFAD
C00D
3F90
BF09
BF0E
BF89
4052
C001
C06B
C00D
3DFE
4004
4063
4020
3F9D
3FD6
4063
BF8F
C010
3F46
BFA3
3F5B
3ECF
3FFD
3E3A
BF60
C005
3FD0
BFFD
BEF9
3F9F
3FB4
3FD4
BFCA
BFAC
3EA8
BF65
3F3C
BFA6
BED6
BE73
BF82
3F81
3DFE
BDA5
BFAC
3F9B
40A1
40FE
BFA6
3FFC
C077
C023
4051
3F67
3F51
BFBF
3F0F
C036
C023
C082
3F16
3EE7
C04E
3F92
4036
3F97
3F2E
BEDB
3FCC
3FC9
3F95
BF80
C003
BF9E
C077
3F31
BFCE
4096
4084
3FA4
C02D
BCA8
3FEA
4031
3E81
3FE6
C01B
3FEA
C012
3F50
C0BC
4022
BED8
3F25
3F22
BF76
BCB1
BFA4
C034
3FC2
BFCE
BF9D
C06F
409E
C015
3F7F
BFC4
3F90
C020
4044
4009
BF5D
4029
BE4F
BFAE
3F0F
C029
C014
3F8B
40D2
C036
403F
C024
C051
3EF0
C0B6
4072
C082
BFBA
C023
3F9C
4043
3FEA
C03D
BF64
BECE
C064
BF2A
4022
BEED
3FA5
40E0
BFB5
3F6F
3ED9
C0B9
BF56
3FB3
3FB9
408D
3F4A
BF94
BFD2
C024
BDF9
BF14
3F49
BFF7
4027
4093
407C
3E48
BF70
3FE4
C050
3FA2
3F01
3F87
BCE8
BFAC
403F
BE16
3F30
4001
BFFC
3EA0
BFCD
4005
3FAE
3F87
C082
3FAE
40C4
3FBF
C027
406B
BF96
4097
BE7A
BF1C
BE79
3FB8
BF9F
BE79
C05B
BEA1
401B
C026
C03E
C025
C01C
C077
BECC
C07B
3F23
BFFF
C0A4
C0C5
BF06
3F3C
3F3B
BFC6
3F81
400E
C040
3FCB
3F8B
BFBC
3F52
404D
BFB8
C046
3FDA
C064
3F9E
3F36
BF6E
3E40
BD92
C08F
3F0D
C0B8
BF9B
BD24
3DB0
BE89
BFBA
BE81
BEA8
401E
C015
401A
4011
BF83
BFBF
4077
BEBE
400E
3F85
405B
BF94
BF3C
3FC9
3F81
3EF5
BEAC
BFC5
3FFE
BF94
3FF9
BF8B
BD8E
3ED0
3F88
3F71
3FBA
3FC6
3F2D
40E6
C0C9
BFFB
BFBB
BFD8
3FDA
BE0F
4068
3FE7
3FB7
BEBF
4023
4024
3F96
C024
C011
4045
C003
401A
BF4E
C025
3FEB
4035
3FE0
3F28
BF7A
C033
C04F
3FBF
BFD9
408F
3FC3
4004
BFB2
404C
BF4C
40D5
3FAC
C08E
BCCC
3FB5
3FBC
403D
4002
4082
402A
4021
BFE6
3EAA
3E64
3FEC
4067
3F74
BF55
3F75
C057
BFD1
BFD3
C025
3FC8
3FC9
3C8E
BFAF
3EE3
C071
C0C3
400D
401B
40EE
BFE9
C0AF
BE1A
3FA7
3F99
3F4E
3F83
3E14
BF84
3EE1
3F9D
BF6F
C02B
BE86
C00D
3F8B
BFAE
40F0
3C36
BFDF
BF7D
3F17
BFB0
407B
4016
3F16
BFB1
BDBE
C053
BF8E
BF17
BF76
402A
3FC3
3F9E
BF61
3F8A
BD65
C0C0
BF27
C05F
BF21
40FB
BE99
BE9A
BE81
C00B
3FAB
C00F
BED1
C031
3F64
C050
BE74
3FE6
4051
3F9D
4033
C059
C046
4001
C012
4092
3F49
4030
BFE9
BF3F
C052
3E23
406C
3EBA
C024
BD78
C024
3F55
BFA5
3E86
3FDD
405A
BE8B
BFE3
BF9C
4045
3F38
3FCD
3F0A
3FA6
3FB3
3EBD
BF8B
4004
BFDE
BF17
3FEB
4015
C033
C07D
3FD5
3FBC
3F1D
BF60
3FB7
BCF4
3FB1
C02C
BFB7
3C68
3F90
3CF4
3BCF
BD92
BFC1
3D9A
BDC0
BFA7
BF43
3FA9
C01D
BF94
402F
3FEA
C028
BDA3
BF79
C003
3FAB
BE9C
BFF6
C07D
C05B
3FA8
C01E
BDE3
3FE2
C05B
BF91
3F49
C020
3FDE
3E48
BFD3
BFAC
BEBC
BEA0
3FB0
C073
3FA9
3F8D
3D79
BFAE
3ED8
3F87
4061
401A
3FB6
C015
3F46
C08D
400D
BF8B
BFED
3F3B
3FA6
4089
BE82
40AF
3FBB
BDF4
4044
3F89
4051
C005
C038
3FC8
404D
407C
3F37
3E5B
4017
C005
BFBF
3F63
C019
4082
3D86
3F13
BF5E
4082
BFCE
3FB9
BF88
BFC4
3F57
3F5C
BDD7
BFCE
406C
BE66
BE69
BFF1
BF57
40C4
4002
3F9A
BF10
408B
BF9C
4003
C08D
3E43
3EA7
BF28
4096
3FBE
3FF3
4031
3FCC
3FF7
BEC4
C0A8
3FD6
3E83
C075
C001
C007
BEEB
BFA9
3F60
3FAE
C03D
4084
4058
40A8
3FA5
BFAE
406E
C088
4002
3EF2
BEFA
3F86
BF9C
BF09
408F
BE2D
BF84
4008
3FF1
C036
3F65
C013
BF60
C006
4047
3FBD
40AD
3F93
4013
BF9D
3E1B
3F80
3FBA
3ED6
4060
C05C
3EC7
4005
3FE9
BFAC
BF9A
C002
BE5D
3ADE
3CCD
404B
3F8E
3F11
BFD0
3E1C
3DF8
3E61
BEF6
3F78
4076
4014
3F63
BF47
BE39
C038
C087
BD8B
BE6F
BF05
C089
BE82
3F8E
3D7D
4068
3E8D
3FFF
BEB3
3F05
BF97
4036
BFCB
3FEE
BFD0
4021
3F1D
BFAE
4054
BF38
4009
BF9F
3CC3
C03C
4021
3F48
4036
3DB9
4011
3F51
BEB0
3F27
3F0D
3F64
3FD6
BF0D
406F
BFAB
3F81
3E40
BFAA
3F32
C027
3D86
4040
BDE2
C001
C072
3F9B
3EA7
BFA5
3DB6
3F98
BEAE
3FF4
C052
C004
3D0A
BE9A
4002
3F15
BF87
BFAB
3BDB
4003
3FA1
3C86
BE9C
3F88
BF98
40B7
3FCB
3BC3
C012
BF14
C063
40B1
400B
BF40
3F0F
407A
C00A
3D06
3F93
3F99
BF7F
C06B
3F7A
BFAF
3F9B
3F67
3E43
BFE6
3E35
402D
3FDC
409C
BF77
4007
402C
4027
C015
C02A
BFD5
C061
408F
408F
3EA3
BFD0
BFE7
C008
406A
403D
C03D
BF61
BFA9
BFFE
BFDF
C017
C0C9
BE55
3CE3
BFB2
4060
400A
3F43
3F1A
BFD8
3F7F
C00F
3F55
BFA1
3F54
BE42
BF82
4010
BF8D
BF86
3EFF
C066
3E59
BF6B
BF98
3FA0
3EBA
C016
3F21
4016
BFE6
BFA6
4056
BFEA
4053
BF56
4038
3F12
3ECF
3F13
4074
3FE3
BFE1
40D3
BE9C
BF8A
40AA
BFC0
3F1F
3FAC
3FF6
3F1D
BCC4
40BF
3F6C
3F3E
BF17
C00E
BDFA
3FF8
3F83
3F18
C007
3FB6
3FF3
BFC7
C046
BFAB
3F91
BFC3
BFB1
BD5E
3E1B
3FCC
4027
C034
3EAD
BF0E
3EA3
3D3A
3EBF
BF77
3F4E
3E80
BFE0
BF0A
BF7D
4017
C08D
BF36
3F0B
3EBD
40AF
3F53
BF6B
400E
C089
C04B
C082
4004
C06E
C031
4002
BE21
3E32
3FDD
BFA0
BE4A
40BD
BF40
4051
BDA8
C057
BFFF
C043
4043
4011
BE3D
3F74
3FC0
3FE4
BF52
C05A
BFFA
3ECC
C016
3E8B
BFC9
BF8E
4015
4092
3E8A
3DF7
3F93
BF88
40BD
BFA2
3F7F
3EA6
BD6C
C000
402A
C029
BEFB
C08E
BFA1
C024
C00F
3EEF
BF04
C033
4082
BFCC
3F44
3F5F
BF6E
BF8C
BF5E
3F37
BEA0
BF2B
3F87
BEF6
3FD9
C082
3EEC
BFA7
4062
3E92
BEC4
3E4C
C08B
409B
BFC7
3F9E
3FFC
3F9C
3F06
C058
BF2F
C084
C01F
3C97
3F8F
404C
3F69
4030
BF06
3F8E
BE4A
3F94
C057
BED1
406C
C062
3EF0
40AE
BFE6
3E57
BEA1
BFEB
BF70
405B
3F8C
3E39
BF78
3F55
BFA0
3F24
3F1D
BF54
C05B
BF0A
40DA
BDC3
C034
BEC7
C014
3F4E
BFBB
BEB6
3FC1
C004
4039
401C
3FBB
BE22
BFD0
3F0B
3E62
C0A3
C10A
3EAF
BF67
C028
40EF
BD43
BF63
C00E
3F12
3FA8
C045
3FF0
4050
4054
402A
4024
3EC2
3FB1
3B88
405A
C0A1
BF86
C0A8
BFB3
BF78
BF90
3DE5
C03F
3E53
3F41
3FF6
BF05
BFD7
BEE1
C035
3F96
BEF1
4077
3FC0
3FBD
C093
BFE1
3FB3
C043
3F13
3F03
40E2
C020
4087
BE6D
4068
BFAC
4006
C02C
C08D
3F90
3F03
4089
C0A5
BF47
3FB7
40B9
3DFE
3F9D
3F96
4063
BFF1
BFB3
BF8A
BFB2
BE3A
4003
3F75
3D44
3F89
3F20
C06C
400A
BD3C
BEFE
BEE9
BF02
BFAF
3FD1
C022
3F98
3D01
BFDD
3E0F
BFC6
C018
3ECF
401B
4097
4090
BEB1
BDCF
407D
BEEF
BFB0
3EE3
C000
3FAD
C067
400B
BF9F
BCC4
4073
BE36
C08B
3F54
BF3A
BE25
3EF9
BF72
4082
3E9A
40D4
3F6F
BF25
BF34
BFF7
C09F
3EFF
4010
3E51
406C
BE89
BF7E
C018
C043
3FBE
BEAA
3FCF
BF10
3FE6
BFD4
BFF3
BF66
3F84
4028
4004
3FDF
3EEE
4084
BF87
BFAF
3FFF
3EB8
3FF0
BFC6
BE49
BF1B
BF8A
405A
BF12
BFAD
3F80
BF82
C052
C03A
BF8D
4040
BF17
4019
BEFC
BF30
C039
BF1D
C045
BFAD
4030
4055
40D0
3E87
BE0F
BFB9
3F78
4086
3EBF
4060
BFAF
C077
4013
BEFE
BED6
3FBD
3F97
3FFB
C041
4013
BF4E
C0A7
BED3
3F36
3F26
BF87
C088
4035
3F09
3F40
BDAC
404D
C104
BF96
BF4E
C096
400D
3FC1
BED1
C067
3EB3
C05A
4000
3EA9
400D
3ED9
BFE5
3F98
3F59
3EAE
3F3A
C036
3EE9
4052
BF35
BEEC
404B
3FCF
3EEB
C017
406E
BF3A
406A
3FD0
3E5F
3E2F
C06A
BFE4
3F9D
3F9D
BF66
BFA2
BFAE
3FAB
BD1B
BFA1
401C
400A
3F73
4036
3F88
C016
3F6A
C04C
3F58
4020
4036
C022
4061
3FD6
C0B4
C004
3EAB
4001
BE4E
BF4D
3F7F
BE0F
C106
C011
BF07
BEC1
3F7F
C081
405C
3EE0
3F6B
C005
3EA8
BDFE
BF48
BF98
3E74
BFB4
BEF8
404A
400C
3F99
3FD9
BFDD
BF2D
C0FB
3E90
BF12
BF33
3FDC
4084
C041
3DF3
BFC1
C09C
C079
BFC3
3F81
4014
40D1
3F81
C09F
3EF4
BE8C
BF62
3EB9
404C
BFBC
C0A8
BFF8
C08C
BE8D
3FCB
3FAB
4083
3FFA
3EEC
BEDC
401B
400D
BF28
BF8E
4081
BF50
BF1F
BF76
3FE7
BF30
3FD1
BFB6
3E95
4086
BF9C
BD9D
C012
3E15
3FEE
4081
BD9B
BF30
3F16
3EBB
3FFD
BFAC
3DFD
C010
3FA8
BF2D
C041
BEE6
BDF6
BEC8
4096
3F16
401A
3F53
3F8F
BFE5
C059
3F98
BFE7
BDAE
BF3B
4047
3F15
BEC2
3EC9
3EF7
C03F
3FC5
402F
3B54
4017
402E
3F95
BE23
BFF9
403F
3FB5
4004
C000
3E96
3FEB
3EFB
BF3F
C04A
BF34
BF37
3F06
4046
BE33
3FAB
3EE8
3FB3
40D2
BFF8
3E23
4085
C03C
BF0E
3C0A
BF7E
4020
BEE5
C086
4076
3FAE
C036
3F7E
C03E
4075
3F66
BFFF
404B
3FB3
BFA3
3FAE
BE82
409B
3FDB
3F83
BE00
BFC9
3FDE
4094
3EB6
BF7E
3F02
BFD8
4054
3F16
BFFD
C00C
BF47
BF6C
3F89
BEE5
3FFA
BF0E
3EF8
C050
3F75
BE6D
C079
BF36
C002
3FA8
3F50
C03E
4029
3F86
3FA5
BFD7
4077
C030
C0C9
BF55
4057
3F22
404A
BF00
C09D
402D
3FB1
4097
BFEA
BF8B
3F6F
405D
4026
3F76
C028
C090
BF2A
3FAA
403B
BFA1
BF84
C07D
400E
3FF2
3FAF
C003
BF1D
BFB7
3F9D
3DA4
409A
C01B
BE8A
BE94
BFEE
BFD3
3FCA
BE96
3FB9
3FC9
C00E
4006
3F51
BFA9
3FFE
4099
3F59
BF05
BF8E
C08A
C04B
3FD8
BF26
3F80
404B
C089
BFD3
3EE3
C021
BF24
3EDA
C044
3EAD
BF04
C03A
BFE0
407F
4015
BE3F
BFA5
4085
4013
3FA8
BF78
BFD4
C031
3EF9
3F27
40DC
C037
4097
C08C
C05D
3FFD
3E84
3F1A
BFA8
BF8F
3F8D
C093
BDF4
BFE1
3EEC
BF67
4000
BF10
BFE6
BEE6
4055
4105
BFD7
BF36
BF94
BFEE
3E69
401E
3F7A
BF9F
BF29
3AC6
BF02
BE03
C087
3EF7
3F22
BFAA
3FBB
3FAE
BD01
BF7A
BEDC
3EA1
3F2F
3FF8
BF94
BFFA
BFD0
BFBC
C0D7
3F75
3B90
3FC0
3F84
BF38
4030
3FCD
402E
C08D
3FB6
BE98
C000
40CA
BFA6
3F58
BF9E
405A
BF66
BF89
BFAC
40A7
3FC2
3F82
3E3A
C04E
BF99
BFA0
BFCA
3C68
4086
406D
BF96
3EB5
3FF0
3E2A
3F27
3EB5
3D81
3E43
C059
3FAC
C060
408B
3FCE
400B
3E84
3F73
3EEE
401E
C055
BF1B
BFB5
BF61
C00E
3E9B
C010
3F2E
4010
3FA5
3F06
3F0B
3FA0
BFE8
C038
C020
3F2E
3FB5
BF7A
4044
400F
3FAA
C09A
3F9A
3CFB
BFB6
3FFC
405B
400C
C018
C005
3F21
C021
C06A
BFCF
4007
BF83
BFB2
BFE0
BF93
C05E
BF02
4000
BF9C
3F89
3E43
C053
4012
4009
4050
3E50
3FBA
C07E
4058
BE98
BFAD
BFA3
408E
C00F
4086
BF18
3F2D
3E1D
4019
3FC6
BFB4
C025
3E39
C079
3FD0
BF85
4035
409A
BF9A
3FBA
3FD9
4084
40A3
401D
BF52
C099
4019
BE7A
402F
404F
4082
C07B
BFC9
3F2A
3FA3
3F93
BEBE
BFCD
4033
4039
3FCA
3F13
3F4B
400C
BFF2
BFD2
BE0A
BF9E
406F
3F81
BF1C
BED3
C036
BFB8
3F82
BFE5
4058
3E40
C04A
40E2
403B
4099
401E
BFE7
4050
3F11
C01A
C010
BFCF
3F83
BF91
4029
BFDF
3EEC
BF44
C03D
3F5E
4034
BFA7
BFB7
BE08
3FBD
C0C5
3F80
3F3D
3F5B
C045
C09B
C0C0
BF74
C033
3F69
C035
BFC7
BF07
BF7B
4018
3FD7
BF1A
BFE9
3F45
BF22
3F41
4098
C02B
3E7F
403B
3FC8
C003
C006
3F97
BF20
C029
C036
C00F
3FB2
BFC8
BF43
BEF8
3F8E
3FFD
3E94
BF0C
3FBE
3FE3
406C
C01E
3EFE
4004
408D
3ECB
BD81
BFBB
BFCB
3FD1
BF63
C0BC
4006
BF94
3E0D
4020
4027
C00D
BE2F
3FBF
BF6E
BFE0
BF01
BF6A
3FCA
3F09
3F2D
3F69
3DB1
BF2B
BD9F
40A3
402E
3F07
BFCE
3D4C
402D
3ED7
4089
3E83
407B
C078
C057
BFD0
C062
BEF9
BEA4
3F12
403B
3F99
BEC3
BFC7
3EB4
BFC9
3FDE
C040
3EB7
3CE9
3EB8
BF06
3FE5
C025
BE68
3FB0
C0ED
402E
BF61
BF30
BFD4
C0A4
3FB4
3F05
403E
C108
C04B
BF0A
C047
BF17
4039
3F09
BF8D
BF25
4019
BF37
3F9C
BF18
3F45
4049
4016
BF9C
406D
3ED3
3EE5
4016
BF5F
BF4B
C053
4083
3FB2
BF88
BFE8
C06B
3FAD
3F0B
BFA5
3FA8
3F3C
3EE5
3F23
4013
3FB4
401C
C067
3EDD
C028
406E
3F6D
403A
3FF6
BF1C
3F07
BF76
3F60
BEA7
BED1
C059
3F87
BE7D
C014
C033
BCAB
BFD1
C017
3F1C
40C5
C060
BEC7
407C
C016
BFAA
405C
3D64
3FF2
BFDC
3CA8
3EFB
BE94
4047
BFE2
3ED3
3F53
BF5A
C05C
3F53
3E59
3FA5
3E6C
40A0
4011
3EB7
3CCC
BE88
4004
BCAE
3FCE
BE25
3F2B
4067
BFBD
C07C
BD64
3FD0
3F80
C001
BF12
3F4B
3E9F
3F31
4059
C017
BE67
C09C
BE7D
3FE3
404F
BEAE
C01E
40A8
BF74
C044
BFA7
400F
3EA9
BD52
C0A5
4068
3F23
BF27
BF53
BF30
BFB5
C02A
3FE4
3ED5
BF91
C01B
C00E
BF2A
BF2A
BEB8
BFD5
406D
BF0D
3ECF
C037
C025
BE9F
3F8F
3EAE
3FA9
3F10
3F33
3F9B
BF09
C072
3F7C
BF7F
400F
C102
BDF9
C048
4080
BFF6
BF32
3F73
BF41
3FD0
BF35
C083
3FB0
4079
BFCA
3F10
4098
BF6A
BFD1
BD2F
4003
C068
BFB4
3F8A
3EAE
4080
BF4D
BE1E
BF18
3F79
C04A
C007
BF1A
C091
4057
C007
409D
C09C
3FA6
C00D
C01D
BFAA
4082
BF4A
3F49
C04E
C003
406C
3FD5
401D
BF35
3F60
C03C
3F6F
3F85
3FA1
BE8E
BEB5
405A
BF26
BFBB
4025
4041
3F25
3D87
C0BC
BFBE
BE47
C08E
C087
BE54
C033
BFDA
C006
3F15
BE14
C043
BF9D
BF91
3F38
3F7F
BEDA
C0BC
BFB6
400B
3F20
BE45
BFBF
BE99
40A8
403D
C013
3DC5
C071
BDDB
BE0A
BF37
C07D
3D0C
BFBD
BF4C
BF3E
3FA7
3F9E
BFEF
BE8D
3F93
BD80
3EE2
404B
3DB2
3F6B
40B7
3FC2
BFA7
BFC1
BF90
3F0A
BF99
3F54
403E
3FAC
3CE0
3FDE
4037
BF94
BFB5
BF51
3FAF
4000
BF0D
3F6B
BE08
3F83
BED1
3F91
3E82
3F2D
3FBF
BFA6
BF87
BFB4
C00F
BE8B
3F37
3EC3
C000
BF3D
C02A
3FD9
409D
BE2D
C06D
3FF7
3EA9
BF41
C03A
BF17
BED4
BFA0
3F35
C012
BEDE
C000
4042
BE53
40BB
BF65
3E62
3FEF
BF9D
BF02
3F00
BF68
408A
BD5C
3F7B
4000
C095
3FC0
C050
C06B
408D
3F95
BF40
3E11
BF1F
3F20
4053
400E
BEB3
C066
403A
BFA4
C037
3FC4
3EA8
3F71
4085
BFAB
C00D
3F9E
BFDD
3FAB
3F9F
3EBE
BF5C
BFDF
3F9F
3F09
3F1A
C003
BEB9
BF59
3F16
4056
BFF1
3E23
3F46
BEC9
3F58
C004
3E97
3FCD
BFCC
3E6B
3E73
402C
4047
3EA5
3EE9
BFCA
BF5E
3F87
4087
BE08
404E
3F9B
3F77
C0A0
BF2E
BFC9
3DFE
405C
3FF1
3E74
BFD0
C03E
BF6D
BED1
3DE8
BF60
407F
C084
BFC8
3F1C
C0C7
C030
BFAF
3FFA
3F1C
4055
BF2D
403D
3F26
407E
3FCB
40D9
3F85
C005
BF78
BFD8
BFAA
3F30
403D
BFEF
BFC5
3FA1
C021
3DCA
C0B7
3FA9
4012
C014
3FA0
BF8B
409A
BF3C
4085
BF61
C06B
BFC0
3FE4
3C0E
3F5D
BE70
BFD1
3F2C
3D41
C08B
3F0A
3F04
3F9C
BFD6
3F85
BFB9
403B
C0A1
BE95
BE14
C06B
3F9D
BFD5
BFEC
401B
3D98
BEC1
BE10
BF21
BFB9
BFED
BF5D
3F74
BEAD
405B
C003
3F66
40A4
3DA1
3F35
3F26
403E
BF49
3FDF
3FBC
4092
3FA8
BDDE
3F33
3F6A
BF24
BFAD
BFF1
3F46
BF20
BD64
BEAD
BFDE
3FA0
3FD2
BFD3
3DA5
BF92
BFFF
BFF3
3F87
C06C
3FA1
BF75
400B
4024
BF94
BFA9
BFC0
C09B
C03C
C02A
401B
4013
BF8A
BE98
BFF7
4018
BF85
3D68
C00D
4046
4011
3B66
400D
3FA1
3FDB
3FA6
BF44
BF98
C0CC
3F2D
3FCB
BF5A
3EB3
BFF0
C086
3F80
C097
3F07
BF33
BEDA
3FF8
3FBC
BFEB
BF19
3DDF
BF87
C003
C005
BED2
3EBD
3FA0
BFA3
3EC0
4003
BF6F
BF12
3F02
BE21
BF72
3FA0
C0B7
C0DD
400C
C017
3F7A
C00E
4054
4003
BFDD
3F58
3E9C
4091
BFDC
4038
3F15
BF1D
BFFC
C054
BED7
BFAB
C06A
BF77
3F8D
3F1B
BFD5
BF6B
BC9A
4009
3F9C
4017
403B
C0B0
3FCC
3F46
C04C
C063
BD6F
BF06
3F88
BF7E
BFA6
3F71
BFAD
BF32
3F49
3FA7
C046
C01A
3F59
C0A2
C067
BF1D
40DB
3C28
BD55
3FAA
3F85
BEEE
BE75
4098
4025
BAA0
3EE5
3FC3
3FC7
3790
BF99
4055
BF7E
C026
C08E
4084
3F66
BFEA
4098
4037
3FF6
4004
BE98
3FAE
BF18
BF65
BFA6
BF92
4054
C07D
3F38
BEC9
BFAB
BFBD
C03F
3FCD
BF21
3DA5
40AF
400B
3F3B
BEC3
3F55
3F66
BF64
BF48
BF92
4065
BF14
3EBF
3FBD
C009
C089
C036
BF45
3F06
401C
BFD5
C07B
BE2F
C0BE
3E8F
BFBF
BF93
3FC4
4016
4023
BFDB
BF6E
3FB2
BEB3
BF90
BF7E
BE47
C008
4084
3F82
BF10
3F2A
BEA0
BF3B
406A
3EFF
4065
3F32
3FD9
BFB2
C07E
4020
BE8C
404B
BFE6
BE7F
BF39
C034
BFAE
3F44
4012
3EF4
3F1F
C08A
BE35
3F88
3FB5
C024
BFDA
BF95
403E
BF9E
3F56
BF39
4010
3F0B
400C
3F14
3D02
4087
C0DA
3F8F
BF31
BFCE
4081
BF14
3F7D
3EEF
40AA
3E9D
3B66
3F90
C0E2
3F24
4083
4086
C05D
C008
C010
BDB3
407F
BFAE
3F8D
3FFB
C082
BF5A
C053
BF86
3FA7
3DA2
4009
C018
BF58
3E5E
BF84
4080
3DE7
405D
3F45
BED9
3FD1
3F6B
3A83
BF88
4054
4033
BF5A
4001
BFB3
BE0E
BF7A
4018
BFAB
C052
BECF
C043
C002
C08A
BF4C
C084
3F6B
3F98
C040
BF61
C02A
3E10
BE98
3FD4
3F85
4026
409A
3F1E
4076
BFBA
3F61
3F94
3F82
3EA0
C033
4088
3F08
BF47
BF11
3F68
40AD
4023
C067
BFCE
3F57
BEE5
3FF1
BEB0
BEC6
BF2A
C0A4
3FBD
C080
3FE4
3EAC
400C
C084
3E70
BE39
4010
BD6E
3E9E
3EE5
BFEF
BF69
C00C
3FE4
3FCC
3FBF
BF93
3DF0
4115
BFB9
BF87
3F94
C031
BFC7
C011
C013
3F82
3F91
BD7F
3D9C
BFF4
BF10
3EFB
3F23
BFAF
3FA3
C004
C095
C080
3F2A
BDB8
C06D
BFBA
3F47
3FD7
401D
4003
3FC2
3F71
3FBC
BDEE
3F3B
C008
403D
C024
4075
BFFC
3FFD
4003
3E8C
3FF7
C0A1
BFB3
40AB
400E
3FE5
BE78
404C
BD42
C104
BE2D
407B
3FE8
4042
3E65
3FC6
3FFA
BF2A
3EAA
BF71
3DF5
4037
BE84
BF5E
BFB4
C085
4027
BFC5
3F6E
BF3E
3FC9
BF5E
4046
BEF1
C029
4035
C04E
BC0A
C021
3F03
BF8F
C051
3F63
BF24
406E
3FD6
BFBC
3E4C
BFBB
3F92
BDBE
3FD8
3E90
3B2D
C005
C01B
BFEC
4099
3FAD
C011
3FE5
3FAE
405A
3F97
BF99
C0A6
BE19
BEED
BFF8
3F7A
BFC9
3F59
C022
BF90
3EB6
BF1A
BFAA
3F3D
BF37
3F14
3FF6
BEC2
BFD0
BF10
3FB3
BEF5
C0D5
400D
3F0E
C010
3F88
3F8B
BE2F
3F7C
4052
4069
BE2D
3FA7
BF65
BF3E
3EA9
3FF2
BE29
3FC7
C036
401F
3F8B
BF47
BF3E
BE8F
3D9B
3D8A
3FDC
BDE5
C001
BFB4
4041
C01E
BFE8
4035
3FAC
40B1
4084
BFF5
C01F
3E24
3F65
BEA3
BFE6
3F4B
3F40
3E23
BEFE
3FB5
4033
BF41
C08C
4021
407D
BE7D
C004
3E81
3FF2
3E59
3F4A
407C
3FB6
BFB4
BF0A
4010
4047
3C79
3D9F
C026
C08F
BF3D
BE08
BF50
BDC9
BF8F
3FD3
3FD9
3FA8
C001
3F7E
BF3F
4008
4084
BFF4
BFAA
3FD1
4007
3F69
3F29
405E
C032
C04E
3D96
BFB4
C012
C01F
3FDB
3DF0
401D
3E25
3F03
BFFA
C044
BEAB
C013
3E86
3F7D
401C
3FEA
BFBB
C03F
4011
3F05
C0A1
BEF0
3F0B
BFF4
C0B6
3FD7
3FE2
BF36
C058
3E09
BF92
3FD2
403F
4001
BFFC
BFF1
4033
C0A9
4007
3D25
BFC1
BFA7
4050
3FB8
3EE6
BF9E
3E81
3E71
3FA9
3FEE
C082
C012
C00D
BFB2
3F94
3EF2
3F25
4021
3EA2
3F2A
3F5E
BF7F
3F2D
BFB4
4033
3E70
407F
4060
C008
BF38
3F32
3E8C
4015
BF90
4057
3E8E
BFA7
3F48
407A
4095
BE00
C050
403C
3FA0
4096
3FB0
BE48
BFC0
BFA5
BF51
BF5F
3FF6
403E
4001
3C8A
4047
BFC0
409C
3FFC
C020
BFD3
BFD5
401A
3F12
3FAB
3FA2
3F0D
3F9B
C097
3F9A
C05B
3FA8
C02A
BEA6
BF52
3E72
3E9F
4006
BE92
BF2C
BE20
3F25
3DDC
4011
4001
409E
BFE1
C019
3FA1
BF86
C024
C02B
BF0A
BFE4
BF99
C05C
BFFB
C021
3D40
C040
3F30
3F7F
BEE1
BE87
C017
403C
3C51
BF9D
401F
4014
3FF2
3EF1
3F97
4056
4057
4015
BF7A
BF86
3E1E
BF6D
3FAC
BE25
3F41
C0AC
BFCC
C02B
BF95
409A
C06D
3F95
BF9E
BFFF
C04B
3FBE
C088
3FE4
4063
C004
BF96
C0DA
BF5A
BFF7
3FC6
C008
3FD4
C01E
BF62
C040
4048
3F53
3F52
BF76
C039
400A
3ECE
3FAD
C02E
C0A9
C004
C022
C073
3ED2
3F16
BEA7
BEB5
C05C
3FDF
4013
BF79
4019
4021
BFAC
3F93
3FD9
C001
BD99
3F82
BF39
BF5B
4004
BF2E
C000
3E8B
402D
C030
3F65
BDE9
C093
3F25
BE91
3F19
BFAF
3F54
BFA8
C014
4005
4088
C019
408E
405B
BFA0
3FC9
C03B
BFFD
3F9F
3FA7
4080
3EE8
3EF5
3F3D
BEEE
402C
3F3B
C017
4018
4081
BF28
4057
3F13
402C
BFA3
40CD
BF74
BFCB
3F74
BFDD
BEAD
40A7
BDE5
4015
BF35
3E8E
4006
C048
C08A
C055
40D2
3E17
BF71
C00C
C00C
BF32
3FA1
4046
C083
3F85
BF18
C00B
C05E
4079
BF93
C047
3E25
4035
3E26
BF3A
400F
4009
BE56
BF8B
BFED
BF58
C00C
3E61
C008
3FE2
BF06
4017
C024
3F04
C014
BEE7
3FE5
3FE8
BED8
4023
3FBD
BF04
BFBD
BFDD
40B2
BFB6
BEBA
3F9B
3F9A
BFF5
BEAB
BF88
3FFC
BF9B
BF31
3FFB
BF0F
BFA4
C073
C00C
BFDD
C017
C027
4045
3EDC
C062
3B90
BF09
4036
C01A
BE89
3DE2
BFEE
C08D
3F98
C001
3F10
BFCC
4004
400C
BFC5
BF9B
BCE0
4001
4063
3EDA
409A
3F83
C00C
C03E
BE1D
BF82
3F0D
4027
BF94
BEA2
BF56
C049
3E54
3F35
C006
C035
BFFB
BF24
BF6B
3BA7
C011
BF4B
BF36
BF63
400D
4076
BEF1
BF34
BFB5
BFCE
C01E
BF25
BE03
C0EA
403C
BF1E
401C
3DDE
3F48
BF01
BFAA
4082
401F
BFB5
3E81
C044
BF00
BFF0
3EDF
400B
BF61
BFBE
4054
C0C3
4060
C027
3E22
BF04
3FDD
BFF8
4028
3D62
C028
BFE8
C0D1
BF6A
BF0E
C03D
C005
BEE4
3FC7
4037
3F52
BF55
C00D
BFFF
4015
3EC4
3E05
C0A8
3FAD
BF5C
BF7C
C093
BE9C
BFE7
4081
3FB3
3FA9
C064
4094
409E
C00A
3F74
401C
3E87
BF46
3C46
4025
BFE0
3FD8
C039
BFE9
BD5E
4002
BFD4
4019
C09B
C001
3FCE
40BB
3FB9
4012
BF08
403A
3F84
3F6A
C039
BF97
BEFB
BFBE
C006
3F45
C03D
BE98
C022
3F88
3F63
3FB3
3F8E
3F05
4001
3F43
3FE2
3F7C
C059
3F4A
4007
3F35
40B6
402C
3F0F
C007
3FEE
3F24
3DF6
3E72
BD2D
3F9B
3EA9
406E
3F18
4034
BEA4
C035
3F26
BF25
3F7F
C015
C036
3FBE
BEAF
C02C
3FB9
BE9D
406D
C022
BFDA
3F84
C075
BF84
BEE9
3F26
4003
3F51
4031
BF97
BED6
3EF6
3F24
3F9B
3EE1
3F8E
3E25
3F82
C04D
3F03
BEA0
3F26
BE8B
3FDE
403D
C04D
3FA5
3F63
406C
3DC7
3FBA
403C
4010
3FDD
BF9C
BDB2
C054
BE8C
4071
BE4E
3F2B
BFF9
C005
BED5
BFA1
BE3D
BF7A
3FBE
BFC1
C0AB
400C
BF9A
C018
401F
BF2B
4021
C077
3FFB
4037
BE65
C03E
BF31
BD26
BFF0
BFD7
BF61
BF84
3F6E
3FAA
BFC2
3D0E
BE94
3F11
3F91
BFE3
4060
3E0B
3ED0
BEE6
C001
3F51
4032
BEC9
C0CB
3F6E
BF69
3F29
BE40
3FB6
3FCD
C00C
400A
3E03
C001
4020
3F08
C03D
BFEC
C04A
BFFC
BEE8
BFF0
3F9A
C0E6
4049
3FA4
401B
C07C
BF99
BEB2
BFD4
3FA1
BE68
3ED8
3E7B
BE58
4094
C016
C0B2
C0A5
407E
3E44
C095
C03B
4098
BECE
3D0E
BF97
BE0D
3CBD
4041
402A
3DCC
4029
BF8E
4057
BF12
C037
4041
3F01
3FD7
C026
3F7B
4076
BFD1
3F79
BEEE
C027
3D65
C00A
BFDD
BF81
3FCC
BF61
3F84
3E9C
3FCC
BE36
C08E
3FA9
BFB1
402F
3FB0
3E0B
BE82
4003
3FD3
3F93
BF90
C05E
3F93
3FD7
3F68
BF80
C043
BFC6
BFCE
BE28
C026
BF51
BFA6
C03B
3FA7
4083
3EEA
3FFB
3F36
C04B
3FDE
C004
C06F
BF2A
40C8
3F57
BFD1
BF53
BF27
BEC7
4009
BFF0
BF58
3FBC
3F53
3FD9
4004
3FDA
4086
BF65
3FA0
BF09
3FE4
403C
3F68
C012
BF85
C01C
BFD7
C07E
3F97
C031
4026
BFE9
3F5A
3FEF
BECF
3F8C
406A
3EA2
4069
C01E
BFA7
3FA6
BF10
3F59
C012
403B
3EC2
3FD2
C0C1
BF8D
3F81
BF49
3EF5
C08A
3F2D
C038
40BC
BF04
3F66
BEE2
BF13
3FFD
3F28
3FB0
3DD6
BFC5
3F4E
3F62
BEF4
BF15
C03D
BE3F
BE92
4014
4095
BFA9
C099
4094
BE43
BFFB
C08E
3F05
BEA7
C001
C0AC
BFD9
C06B
4092
3EAB
C056
BAE7
BFC8
405C
C002
3FBE
3F8C
BF93
4012
3FEB
BF9F
3FBC
C02B
3D3F
BED3
4050
C041
C082
C06B
BF50
3F2C
3FFF
3E68
4018
BFBB
3F17
4069
3E74
BEFF
C006
4095
3E57
BF3E
402B
3F59
3E6D
3F92
C04A
BF4D
3F9C
3EEF
3F01
3FD4
C032
3EE7
BFE2
4027
3F6A
C02D
BF95
BF79
409E
4089
3F9D
BF80
BF0F
BFCA
BFC5
3D7B
C0AE
40B5
BFF8
3ED9
BFCD
BF15
3F86
3F8B
3EE5
4076
BF08
C0F8
4035
BD7D
BF32
C062
BFD6
3FC2
3EE8
C01E
BEBE
BD08
4023
3E05
C01A
3FDB
4077
BE86
3EC1
C06B
C014
3FBB
40A8
BFBA
3FDB
BF71
4072
3F12
3E2C
BD2F
409B
C01E
BE20
BFFA
3EE7
BF17
3EFC
BF6A
BE92
BEA8
BF4A
BF9C
3FB3
403C
3F05
3E3D
400F
C03D
BF26
BE4B
BF9C
BFEC
BFC5
C005
3FC0
3F88
C03F
3F15
3FE2
BFBD
BEDE
3FFB
C058
BF81
3F15
4089
BFDD
4000
BFF4
BE86
3E9E
BF8A
403B
3E3B
3FBE
400A
C070
3F88
4024
BEDE
C080
3D85
3F25
4002
BFDE
BD79
BF15
C088
40C0
3F9C
C075
3F32
BFF1
BDC5
3E8F
BE3C
407F
BFC2
4086
BFCE
BFF7
C022
3FCD
3FE4
BEF6
401E
3FA3
C016
3F7F
BF93
3F9C
C00E
BFFB
C014
3FFD
BE57
3F2F
C030
C040
407C
4060
BF10
C00B
3F90
3F22
BFF1
405D
C06E
C042
4046
BFEE
4015
C04F
C031
BE8D
BFD3
BF56
C021
C04A
BDD2
3FAF
3DD9
3EEE
3EF1
BF0E
C015
BF42
BFE9
BD80
BFE4
BEC3
4097
BE6D
3F49
C001
3FE7
BFD0
BE78
4000
BEFC
BE17
BFA5
40E7
BF56
BE1D
3E6B
BF49
C02D
3FB4
BF12
BF58
C00C
BF6C
3F3C
3F97
BE25
BFA4
3E9E
400D
400C
4051
C079
C022
3EA4
405F
BF41
C01C
C030
3DBB
401D
BF48
BF2F
BEAB
4042
C040
3F3E
4053
BE07
3F90
3F72
3E81
4031
3F17
4104
C01A
407B
3FAB
3F7F
BE24
BE09
BFB2
C014
C040
400A
403B
BF96
BEA9
BFFF
BDB1
4092
BFA9
3FB9
BEA8
BF20
3F9E
40A3
BF33
4021
407C
C00B
403A
3D46
3E8E
3F1F
3E0A
3E1D
BF7C
3F9E
BFE6
3F07
C0B0
3F8C
3D9F
BF20
BF1D
C012
3FA6
3F4E
C004
3E55
BF3A
C016
3F9C
3FA3
BDD7
3F09
3FCA
BFAD
40BD
C00C
C026
3F8C
BE8F
3F1D
BFC1
405E
C023
3DEE
C07D
BFA5
BFD7
C01F
4048
C000
3FCE
C0A2
3F07
3F22
C04B
4002
C02C
3F7D
BD34
405C
BD0D
BE92
4032
3F5C
3EA5
3F48
3DDB
3F95
4013
3ECC
BDCD
4065
BDBA
4005
C09B
3FA0
BF00
BFBC
C022
3FDC
4034
401C
4015
C048
BE26
3F71
BDBA
BCFE
BF0C
3D8E
405F
4077
BF88
4008
4059
3FA8
BEA9
BCB2
3E8D
3D17
3DE5
3FA8
BD13
BFD3
40AA
BC42
3F1D
3EA6
3F57
3FA3
BF63
BEB5
4014
BFD8
3F0C
BFC3
C0AB
3F48
BFAB
3F0B
4006
4009
3F6D
BE8B
C034
BD3F
C05B
C041
BF0F
BEA6
3FBA
BFBE
C002
3FB7
C013
BFAC
3F91
40A1
3E8D
3FDF
4018
BEA2
BF8B
BFFD
4020
4011
C013
C00D
BF3E
BFAB
3DCF
4082
3C32
BFC2
C01F
BDD8
C023
3F81
BE91
C017
BFAF
3F45
BFE1
3EE8
BF2E
BFC0
404D
BFE8
4058
4037
BE32
408D
BEB3
BEB8
4024
C060
BFA0
BF84
C031
C01B
40A2
3B65
3E6E
3ED2
BF49
3FFE
403F
BEE5
3F27
40A4
3FCD
BE43
BEA7
4036
C0A1
C08B
BDF0
3F12
BF04
4031
3F3D
3EB2
BF0D
3D09
4023
BF79
402F
C003
3FDE
C01C
3FD5
3F54
408F
3F0F
3FAB
C083
BE54
BF75
3FE3
BEF4
3FD7
BE3E
3E4C
3F8F
3FA6
C07F
C0CF
BFC3
3E95
BE96
C02E
3FE2
3F9C
3ECB
C075
3F76
3F85
BE33
BE0B
BFAD
BF19
3F2E
3FDD
3F4F
3EFA
403C
400C
C004
BF9A
BF5E
4037
BFF5
BF7B
3F5E
BFAF
3FBE
4049
3F5C
BFBA
BF90
C07D
3F94
4017
3E7E
3CC1
BD6A
C0C4
3FDE
BE54
BFA3
3FEF
3F27
3F58
3F7F
3F58
3F7A
C01D
BEC0
3F02
BF16
4011
BF17
3DC3
4001
3FB7
4010
C0C4
409E
BFBF
C0C1
C016
3FFF
3FA1
C05B
3F5A
BF5C
BEA6
BF48
C02B
3FDC
BFBF
407D
4030
40CF
4078
3F76
BF8A
BFA3
3F39
3E9B
BFE1
3F67
4081
BFB9
3FDA
3F8B
BF49
3F44
3EF4
4021
BF11
BFAA
3F17
3FBB
BE8F
C07C
BED0
BFD7
4067
C036
BF95
3FDB
BF66
BDD5
3FE2
3FAC
3FF9
BEEC
BE38
3F9F
3F66
C032
4073
C04D
3F8F
3F56
3EA2
3F87
BFC8
C013
3FA4
BEA0
C076
C02B
BE32
3EDC
3DEA
BFEA
3CC4
4047
BF0A
C049
BFB3
3FD7
BF83
3E9E
3DBE
BE42
3F8C
3F91
BE78
3F6B
3E40
C05E
407A
BFF7
4026
400B
4022
409B
BF85
3EE8
3F33
405C
BF7A
3F8C
3F3D
3FF9
BE4D
3F46
BFEC
3DA5
3FBE
3FF5
C018
C024
3F96
3FC8
40E6
405F
BF9F
BF8E
C06A
BFB7
3DEB
3E71
401F
3FBF
401B
4059
C003
3F56
BF23
BF71
4037
3F9B
4005
BF40
3F96
BFAD
3FA9
BFBF
C085
BE98
401D
BFD7
BEDC
3FCD
40EF
4037
BFC3
3F20
C00A
4099
BF57
BFF5
3ED7
3FEC
3F36
3F3D
BF28
BFE4
BF0F
BF9B
BFA3
3F5E
3F59
3CD6
4006
C02F
3F93
BF99
C002
3FAC
BF5D
BD52
4068
BF97
BFE9
BFD2
3F37
C00F
3F87
C05E
C012
40A5
3F54
3E0C
BF24
BFB8
406A
3E8D
3F47
3FAD
408D
C03D
3F8C
3FE0
BECC
BDA6
C01E
BF7E
BF4D
4067
3F93
3FA6
BFEF
C082
3E69
BF56
3ED2
C017
BE02
3FE9
BF13
BD92
BFCF
BEEA
BF53
4060
BF95
C039
4029
4048
C00A
3B06
C01E
4018
BF58
BFA8
C018
BEBB
3FC6
3E9B
4047
C045
C013
3FD7
C05B
C06F
3F24
BEF4
BFFD
3FF3
BFB1
C00D
C015
3FE8
C0A6
3F86
4037
403F
3FE4
C04D
BFDC
3EF4
BDA5
4021
3E21
4104
C061
3DBD
BFBB
C09B
3F31
3FD1
BF4D
4082
BD83
BDD3
C05A
BF8C
C076
BF0F
C044
BED8
BF07
3DAA
4040
3F6A
3F8B
BF40
BF8F
BF43
C008
C00A
BDA6
BEE6
400C
3FCE
3E9F
BE27
BFC4
4109
3F10
3F03
C020
3F0D
3DAF
C06A
BF79
3FCC
3D6A
405E
3F90
4008
3FA1
3F78
BF0A
BFE8
3E44
3EF1
BFA0
BFD7
BDCE
C063
3F4F
BFC6
C033
3FA5
C05F
BFF9
4021
BFAD
3FCE
BFAF
3F67
403F
3F85
3EFB
3F2A
3F9D
4025
3FFD
C01F
BEA5
3EE3
BF3E
BFA9
3F95
40F6
BE64
BE18
3FF7
BF83
3FC1
BF46
3F96
BF51
3FD1
3F7A
C016
BFDF
406A
C099
3FA3
BFD4
3C9D
404D
BED3
C013
4010
405B
3F35
4004
BFBB
C06F
4033
4001
BF4E
BF51
408A
3DB5
C052
BFE8
BF67
BFBA
C01B
4096
3FB5
400E
3F2C
4007
C028
3F64
BF99
40BB
3F81
3FA9
C020
3F9C
4102
BF95
3F8C
3FC8
C00A
3EAA
3FB7
BF0A
40CD
3FDF
4013
BFF7
4004
3FED
BF4D
3F3D
3F52
3E1F
BFF8
4005
BF7D
3FD1
C022
BF94
C099
4109
BFB3
4086
3F57
3E57
3FAC
3DF7
3F9B
C064
BE87
3F74
C01B
BFAE
3F5C
408F
409E
C001
BF92
BFE7
C0F0
3FDB
BECE
BFAB
BFB5
3F17
3F3A
400A
C020
3FDB
BF8C
3EDB
BF7F
3FC9
3FDE
C005
3ED0
4002
3F93
403A
BD4A
3F9F
400C
BEB9
C09B
4006
BF18
402B
3E14
4007
3EA6
40E1
BFA4
BFDB
C05F
4084
BF1B
BE92
3FA1
3FB2
40D2
BE03
3EB5
BFBB
3EB1
C024
BFD1
3E39
40B4
BF3E
BEF3
3EE6
3F10
C00E
C049
C01A
4080
BF28
C047
3FF9
C00C
BFDF
BFAF
3F54
4003
404C
BDFF
C0CD
BF83
BCBE
BE99
BEB7
3F02
BFA1
3F84
400B
BF33
BEAA
3EF5
3F95
C006
3DA5
407E
4033
BC3A
C072
3F8D
3BDA
3FDE
3EE0
BFB7
3FFB
4024
C07F
BF5E
3FF6
BFCC
BE17
C034
C02C
C025
BF07
3F9B
3EAE
3EEA
C081
3F2C
404F
BFD9
C0B2
BFA4
BFBA
BFF6
3E4C
3F9F
C0A0
4016
3F61
3F39
BF17
3EDA
3F81
C00A
BF98
4098
BFFB
3DF0
C012
3EED
BFC3
C074
3FCE
BF13
BF94
4001
C00E
3F0D
BF84
40B0
BFCA
4018
3F5D
4029
3EC7
3E3D
BFC7
3F5F
3FBD
4062
BE85
4086
3FC0
BF30
400E
BE96
3F20
3FCE
BFA5
3FCA
BF24
3F16
4038
BF17
BECD
C012
C02F
C009
3F1E
C099
3FAA
3FFC
3EB5
40B6
C0D0
BFF7
407D
3E66
C029
C068
BF15
3F0D
3F52
BF8F
BF13
C031
BE49
3F2D
3F86
C00C
C089
3FD4
C016
3FD5
BFF4
BEE1
3F6F
BC92
C084
3EB3
C00D
4031
4034
3F8A
BFDC
3FD0
BFB6
3F96
BE84
BFB1
C014
4042
3FC0
3FF4
4019
BFC4
C09D
3FBE
3EB2
C03F
3FB9
C015
400D
3D81
BCDE
4053
4013
BF9A
3F0F
3FA4
BDAB
BE87
3FEF
4044
BFFD
3FE8
C0E3
BF82
3F71
BF65
BFE5
BEC4
40A1
3DAA
C05E
4036
BDDB
3F34
C00A
BF9A
3FC6
C00E
BEA0
3EB7
3EA8
C002
BFF7
C085
C018
BF1F
BFED
BEC7
C04C
BE91
3F7D
3EA6
BF58
BFE8
3F86
3F05
3FC1
3FC6
3E30
3F87
3F82
BF12
3FB1
BFBF
3FB4
4002
BFD3
3FDF
4021
3FD3
3F88
3ED7
BDAE
BFAA
BE9C
3E83
3E9A
C056
BEA4
3F9A
3F97
BF2B
C062
3CC4
3E3C
C025
BE22
BE46
401E
3F74
BF77
3FE9
BFC0
C03C
BCB2
4015
C02F
BF03
BFB9
BD82
400F
BFAA
BFB2
BFE2
3E2C
3F83
3E23
C05A
3FDC
BECA
3F91
400A
BE07
C063
BE3B
4048
BF31
3E9A
4010
4091
BE8E
BE0F
3D54
BF9C
BFC1
BF8E
3F18
4081
BDCA
403D
3FD4
BFBA
C09E
C0C8
BFC8
BF9D
BF2C
BE6E
3EFA
BFE2
BF26
BF8E
3F44
BF52
401D
3D63
BEE7
4006
BFF3
3F7B
BED4
3F3B
3F2B
3FC3
3FE2
C089
4076
C04F
C0BE
BF7F
BFD8
3E90
3F03
BFD0
BFD1
C059
3FC3
BF1F
3F7A
400C
C05D
3E8D
408A
40AA
C02E
BF17
3F47
BF42
BE64
3FC4
BF09
BDC2
BE97
BFB8
4060
3F53
BDC6
4097
4090
BFEA
BFD3
4032
BFD7
3EA2
40A3
4006
BE73
3F6E
3CD8
408A
C020
BF53
3F9B
3FB2
3E00
BFBF
C01C
3F53
3EE5
BF3E
BFCC
3F4C
406C
3E4F
3EA6
BF2E
3F7A
BDF6
3F50
BD97
BFA4
3FB3
BFCD
BEA6
402C
3F5D
4040
4046
4001
3EB6
4039
C000
BE71
C009
BED6
BDA4
BF05
3FA5
3FE7
3FEA
3FD3
3D9C
BFC5
C001
C024
BE70
3D05
4023
400B
40E5
BFC2
BDAE
C039
BEB3
BEB7
3F9D
4045
BC56
3F62
3F8D
3F69
3F0B
4083
BE3D
405E
BF3F
C05A
3F93
C08E
BFD8
BFD9
BE59
3FEE
BEBB
C045
BD7E
BFE5
BF2C
BF67
C00B
3FE6
BFF8
40B4
BFF6
3F1B
3E2E
BFBB
3F54
3EAC
BF8F
3E9F
4007
3FC8
C01B
BF4C
3BC5
3E50
3FFA
3E9A
BFD0
404D
4005
C06D
3F79
C094
3F80
4054
BFB0
BF37
400C
3FED
BE79
C054
C07D
3F9C
40EE
BFAC
3EA9
BEFB
3EEF
4084
3E1A
BFD5
4058
3F21
BFD6
BE9D
BFF4
BF98
3FD3
3FA4
BFB0
BFB1
C027
3FC2
3E07
C03D
BF16
BEAA
3FB0
3F0C
3DC8
BFC0
BFF1
3E2B
C0BD
4016
C00F
BE8A
BF81
3FD1
BCE2
3FE7
BF05
3F13
401D
3FD8
BEB8
BD99
BF1A
BFC0
403B
406C
3F2C
3E86
BFA0
BD8E
4029
C010
3FC6
3FA9
BC92
BFA3
3FA7
C03C
40F6
C00D
3FCB
BF86
3F5C
4028
BF36
BEB9
BD94
3F5F
40CA
3F9C
3FEA
3F57
BFED
BFE5
400B
3F2E
BFBD
3F95
3ECC
4084
BF23
3F7C
3F81
3D66
BF21
3F0E
BF8C
C01D
3F64
3F12
C0A8
3ED3
BF97
C028
3F2F
3F97
BF12
3ECC
C086
BED2
C007
BE68
BF87
C0D9
4042
BF4D
BF34
3F0F
BD8E
C01F
3FDC
C00F
3F06
BD29
BF48
3FA3
402E
3FA1
BF96
BF95
C07D
3F8F
3F9D
3FF4
3E1B
3EF9
BFE9
C00A
4084
C055
BF55
3F8E
BF32
3F9D
403E
4054
409C
BF52
3FA9
3E43
3F55
4053
BFF4
C03F
4023
C018
BFFC
BF67
BDB7
4025
3FE8
BFA1
3F29
C079
C03C
BFCB
40BE
C0A9
3ECF
BF3F
3EF4
3E0B
BE95
C00A
BED8
C095
403B
BFC4
3F9E
BFAF
3F8D
BF58
BE8E
BFD9
BEF3
3EB3
3ED6
3FFD
3E05
C004
BE25
3F0C
C044
3E97
BFA2
BFA7
C050
3FF7
3F54
3F34
C042
C016
C003
BD7C
BFC0
C04B
BFF9
BE1C
403A
403A
BFC9
C069
BF99
BF9B
C074
C003
3D6E
3F0D
3FED
3E38
3F81
4009
C00A
3F1B
BF84
3ED4
C057
C092
C0B1
4033
BE48
C08C
C008
BFC4
3FE6
3FC1
BFDD
C00A
C025
3F40
C00B
4093
BF00
3F3C
BF1D
C0A6
BFCC
BF41
C00B
C016
3FC7
3EC7
4076
403D
BEF1
3F7B
4002
401C
3F08
C0A5
3EB3
3EEA
BF71
3FD9
C019
BD83
3F9F
BFB4
3FE9
3F34
BFB5
C002
BF02
3DF6
3FBA
BFFD
3FCA
3F35
3FA7
BF35
40CA
BE53
3EAF
408F
C07C
BFA9
3F05
C072
C006
3DC4
BFA3
3FCD
BFE1
3F20
BF42
BD58
C032
C01D
4024
C01A
BE6F
4051
3FA9
BF98
407E
BFE0
C016
BEFD
BF79
3E50
3EB9
BF85
3FE7
BF8E
401F
3FAA
3E7C
BFED
BFBE
BF98
40AE
3FE1
3F18
BF17
3FAD
BF21
3D06
BCFF
3FD7
BF80
3F20
3FA6
BF8B
400E
3EE1
C08F
3FB9
4091
3FDC
40D2
3F3B
BF71
C09D
BEE2
BCE8
C035
4090
BF8E
4052
3E07
BF2D
BFC5
C035
4010
3EA1
BE90
40BB
3F43
BEDA
4031
3F8A
3FD5
BF1B
401B
3FA6
BD65
3FB7
40B1
408E
3CC3
BEC7
4011
C02D
BE87
C03E
3E96
BFE6
BF4E
C07E
BE96
C009
4089
3F70
3DDE
3E37
C06B
3E55
BF9B
C027
BFFA
4050
408B
C001
3FF4
BF21
4088
3FEA
4090
3FC2
40A2
4032
BF9D
BFE2
C04B
BFF4
40AC
3F86
C028
3EC9
3F88
BF80
BFBC
BF00
4080
BF8B
4031
BF76
C0BE
BD13
3E47
BE22
BFCB
BED8
3E9E
C012
3E8C
C02C
4012
3F3F
BEBD
3E00
400A
BF29
3DEC
BE9C
C012
3D93
3FB0
4073
4026
BE1A
3E22
402D
BFC7
3E9B
C0BC
3FA6
4013
3EDB
3FB7
BF81
3C62
4072
BE82
BDB9
BFBF
C032
404D
3E8D
BF2A
40C7
BF3B
3EAB
BFB4
C034
C005
3FA4
407A
3FF9
3FBA
3FC3
3F6E
BF8C
BEC1
BF9A
BE2F
402F
4013
40C6
BFD0
3E2D
C084
4034
BF99
BF50
40A6
3FE0
C069
4022
BD74
3FC5
3F81
C0BD
3FA6
3F91
BF84
C00A
BE83
40C1
BEBE
3FFD
4103
3F65
BF13
BF6D
C08B
BD8E
3FFB
BFED
BE8C
BF97
3FD0
4001
BFEF
BF7A
411B
4096
3EB0
3F61
3FB6
3EFB
BF7D
3FF9
3EA2
C025
403D
4050
C04B
C011
4023
4003
3FBF
C059
3F7C
BF93
C051
4090
3E66
3F91
3FE7
C00A
3E31
BEFC
4059
BEF2
3F9A
BE79
BE17
BF19
4043
C065
3EF2
C051
3EF2
4027
3FE4
BFF3
3E8A
4058
3F8D
C002
BF3E
BF16
3FC2
BECE
3F42
3F16
C098
3E77
3FB7
3FB1
3F66
BE77
3FB2
C043
BEEE
BFBB
BF1A
BE44
4023
BFE7
3F02
C038
BDAA
3F60
404D
BD06
3F00
BF7D
BFC8
4004
3E50
C050
3F9E
3FF1
4098
BD43
BFDE
BD99
C028
BFAC
404C
BF3E
40AC
4072
BFFB
C099
3FD6
BDF8
BEEF
3FF8
BF70
BFEE
C076
BF3D
4081
3F55
3F26
3F43
3F7E
3FFA
BFC7
C079
BF89
3F04
BF8C
BF87
C0A5
3F92
3E65
3EB0
4005
C04C
3FC2
BF68
4033
C024
3FB4
3E28
BE30
BFB9
3FEA
BDB9
3F8F
C012
BF93
3F6B
3E85
3F74
4073
3FB5
4005
3FDF
3E59
BF17
BF61
C01C
C0A4
BFE5
4019
40B6
3FDC
BFC2
BF3E
4020
3FAB
BDF4
BED4
BFEF
BE0E
C026
3F89
BF75
3F5B
BF9F
C089
3FB3
3FFE
3EC1
3FC5
BFE4
C0C5
3FE7
BFE3
3FCC
C056
BF70
BF70
3E1B
BE34
BFE3
401F
C022
BFB0
4005
BDFA
404E
4002
BF11
BFB9
BF30
3F51
3FD0
4094
C016
3CCD
3ED3
3F79
BFA9
BFAB
3F9B
C006
BFA6
BCBA
C066
BEC5
400B
40A7
BF3E
3D1D
4002
BE2C
BEA8
C02C
BF50
408F
BF51
BEA9
3FEF
405B
C05C
4012
3ECF
BEE0
C015
BFAD
BEBF
3FFB
40C3
400D
3F2E
BEEC
3FD5
BF0D
3F27
BFD0
3F49
4016
C001
3FD9
C011
BFF5
3F37
3E5D
3F3E
3F52
BFC3
BFA4
BECF
C041
BFCD
3FC1
409D
4014
C02F
C05E
3F3A
C00C
3FB6
3FC4
3E9C
C01D
3FC7
3CA1
4004
C09F
BFB5
3D8F
3F4E
BD0B
C00B
BE05
BFF6
C06D
401E
3EC4
3F74
BF02
BFF4
406A
BF83
BE30
3FD1
BF18
3F2A
BF25
3F79
C007
BF99
3C4B
3F55
3E3B
3FEB
402A
400E
3EDD
BE1C
3E52
3FCD
BF4D
3FB9
3F8E
BEC7
BEC4
BEAD
4007
4088
C01C
400D
3F9E
BF8F
BEC0
3EFB
3EDF
C013
C072
3E8C
C00B
3FFB
BD27
BF92
4009
3E32
40AF
4074
BE5A
3FFA
BE8D
3FB5
BE87
4048
3DB1
4045
BFBD
BFBD
BE7C
C028
BF8A
401B
3FD6
4005
3EF3
BFAC
3E87
BEFE
BF9F
3F53
3F1B
BF8E
4010
3EC3
C090
BF72
C018
C01F
3F93
C020
BE2D
BF29
C095
BE5C
4030
3F81
C014
C0A5
BFC3
3F81
BF98
3FB7
3FCB
C026
3F01
BFAA
3DE5
4028
3FF3
BFC8
C00C
C00E
3FC5
C024
3FCA
3FA4
C02F
BFAC
4006
3FB3
3FB5
4084
4008
3ED3
BE14
3FAF
406C
3F40
400D
BEFE
4037
40DC
3D6E
406B
C00A
406E
BFAB
BFEA
C09D
3F4A
3F80
C047
BFE7
BFEE
3E0C
3FD1
C02C
BE4B
3FCC
3F15
3ECD
3E29
BE8C
BE3E
3F28
C016
C01C
4017
404C
BE80
3F97
3EF4
403F
BEEE
3FE3
C03A
BF77
3FAB
40AB
BFF3
BEC1
3F6C
3F8A
C025
3E9D
4092
BF96
C06D
3F52
4026
3EC5
BE0A
40B6
C055
3F67
BECE
3FC9
4058
BFC5
3FB7
3FE1
3E6B
3F08
C06E
3E43
4092
C026
3FD4
4017
C023
3E0D
3DBF
BFE6
BF52
406E
3F8C
BCA1
3F5D
3F3B
3F26
404C
4047
BBEA
BF9C
BF88
C04D
BD46
406C
3FE7
BE0D
BE0A
C045
C019
BE79
3FBE
3F2C
3FD6
3FC1
C019
3EAC
3EC9
C08B
3EAF
C087
C01A
4018
C024
3EE0
40AC
C09B
4033
C000
BE42
3D1D
BEED
3F04
BF1B
BF8E
BF35
3F60
BDE7
BF94
3F48
C01E
C00E
3D8B
4027
4080
BF2C
3EF0
3ECC
40C1
BF25
C09F
4068
3FE7
4006
C061
BFB9
3F8D
BD2E
BEF0
C062
C038
C01F
3F7A
C017
403F
C00C
3F81
C054
BEAB
3FA4
BF36
C034
BF55
403D
4006
BF2F
40BE
3F04
BDAD
C012
BFA1
BF97
4018
C00B
BF37
4043
BF93
3BEC
3F01
BF67
40A9
400F
3FCA
C015
3FCA
BFE0
3DE7
BE50
BEEC
BEBA
3E27
3E16
BECC
BF0D
C022
3F0F
3F06
BFCE
406D
BFB8
C014
C038
3EBF
402B
3F08
4012
BF2B
3FAD
C069
BFF3
BF17
407F
BEBB
C085
3E85
4099
BEFC
3EAA
3E93
3F9F
3F0E
BFA1
BFB0
408B
3F12
BFC8
3FF4
BF98
BFAF
BF43
C007
4009
4026
C066
4021
3E38
400F
BFE7
BF72
BF8B
402A
BF9F
BEFE
3E72
BF51
C04E
C02B
3FFE
3F50
BFC5
3FB8
C10C
3DF3
BF57
BF21
BFEC
BEB5
BE82
4026
BF3D
C00D
C083
3FBF
3F6D
BF29
BF80
4019
3FA7
3FBE
3FF9
4011
3E85
C036
3E06
BFAC
3FD3
3F1C
3F5F
3EA4
C010
BCFC
3FB0
BF9F
3FB8
BED5
BF14
3EED
3EB0
C056
C0AA
BDBE
BF6C
400A
BF44
C083
BF6F
403A
C01F
BFF3
3F7C
BF6F
BF69
BEF3
BFAA
C04C
BFFE
BFA6
3FFB
3F36
C021
C029
3F4F
3E6F
BFA2
3FDB
C063
C065
4019
BF2E
BF26
BE61
BFCC
BFB7
BF99
BEB6
BFF4
3F9D
3FAA
400B
BE84
3F23
C032
BF34
3DF8
C019
C005
3F28
3EF8
3F3F
BF03
BF9C
BFD5
3F45
3C85
BDFA
3F1B
4013
C036
4022
3F04
3FCE
C019
BF9D
3F01
3FAF
401F
3F04
40A5
3F58
BF87
401C
C02F
3E2A
BFB5
BFDB
3F32
3F66
3FD0
3CA2
3EA9
3FCD
3F8D
BFE9
4046
BF7A
BF3C
3DC4
4009
3F96
BF23
3FCD
BF11
3EE3
3FE4
BFBC
C01D
3F8B
3F92
4020
BF69
3F18
BECA
401F
403E
C03B
3E76
BFBD
3E83
4072
BFE1
BE49
C072
3E61
4069
3FAD
BE4F
3DC1
C052
3FC0
BF02
C028
BFAD
4034
3F7B
C097
BF86
C05B
400F
3F77
3F1B
3E58
BF26
C018
BF93
401D
C015
C019
C017
3E8C
BE5E
BF9E
BFC9
3FE9
3EAE
C042
BF97
BF01
BF1A
BFD5
4073
3F18
BEA0
3FAE
BC81
C0B1
403E
BFD1
3F53
3F81
401D
BF5A
3FC5
3F4A
BEFC
3F08
BEA9
40B2
4007
40E5
3F69
C070
4044
40EC
4017
4034
BFC3
3F95
4020
C101
3FC6
3E10
3F7A
BFA8
4004
3DA2
C04C
3E89
BF9F
BFE2
BF5D
C0A7
BE8B
BF92
C05C
C049
4024
3E85
C076
BE89
3F56
3F63
BEF4
BFAE
3EF8
BFCC
3F58
3FC0
3F6B
3F1B
BF21
4010
4042
C09A
4042
3FBA
3F0D
BF9E
402C
3F78
40BD
3EDA
BFEE
C055
BFB4
BF9C
C005
3FD9
3F44
BF81
BF04
3E17
BE8D
BF69
BF5A
BFFB
BF51
3F51
BF4A
BF44
3E81
4010
3F60
3F94
3DAB
BFB8
4018
3FE6
3FA8
4049
3E30
BE8D
3F2A
C024
BE50
BE55
3F8A
C022
3F89
40AD
BFEC
4043
BCD9
BF8C
3F9C
BFD3
3FCF
BFF5
C075
3F7A
BE21
BE68
BE9C
3EE9
4029
BFBB
BF32
3DA8
4029
BEE4
BF88
BF23
BF92
3F79
BFDE
BFA0
3FB4
3F5F
BFBF
C049
BFF3
C006
BEC6
BEF4
C047
BF3C
3F88
BF62
BD16
3F7F
3ECD
BFBE
3F9A
BF5C
3E6C
C029
C07B
3F95
3FD5
BF64
C039
BE3E
BF5F
BF90
BF4F
4002
BE46
BFB8
BF85
3F87
3FB8
BED0
4020
BFB5
3C06
BFD5
3F9E
BF1A
404A
BEB6
3F95
BF39
BF92
3F05
BFD5
BFB2
BD89
4030
BF80
C104
BF9C
3EC9
BFA6
C015
3F5E
BFAB
C012
3F95
BE33
409C
3FFA
BF12
C045
3F18
3F4B
3FA9
4038
4026
BD5A
3F93
40BB
BDCB
C039
4000
3EAF
BFB0
4000
3E29
3FC9
3E4D
405D
BFB3
4060
3FB5
3FDE
3F7E
4019
3E49
3F4C
3DAD
3F3E
3F59
C007
3FA6
C00A
C005
3FEB
3FBE
4007
4058
3EF1
3D0D
BEDB
BF44
BFBA
40A2
3F97
4001
BF35
BDFA
C01C
4071
3DFE
BF30
BF4E
C037
C006
3FD8
3FCF
C04B
3FE1
3F01
BFE0
BEB6
BF9C
4108
C002
3F21
3F91
3FC9
BEB8
BD0C
3F44
40C0
3FB0
C0E6
3E0F
3FA5
3F82
C083
BFC1
BFBA
BFB8
3FE1
4036
3FE2
4027
BF56
3FAF
3FDB
3F3B
C01B
3F9F
40BA
C04F
402C
4015
404D
3FD9
BF8C
BEAA
3F11
3FA4
3DCD
3FC0
C03F
BF00
BF99
3FF1
3D97
BF51
4091
4043
BF95
4019
BF24
40C0
C0C8
3FD0
BF3A
4033
C052
3F49
40AE
BEF3
BF58
BFA7
C039
3F3E
408A
3FFA
3EF2
3FF7
BF99
C071
40BC
BFB2
C02F
BDBE
BF60
BE33
4030
BE76
3F60
BE86
BE20
3F9D
4014
4020
C00B
C014
4008
3FCE
3FEE
BF77
BE4C
BF1D
3FAE
BFE1
BF85
3E0B
BFC4
4003
BE67
C088
BF06
BF06
3E3E
404F
3F83
3FAF
C08B
401A
407C
BF18
BD33
C015
3F30
3F33
40AC
BF1D
BF5C
4031
3EE2
3FA0
BFD7
C01A
3F48
BEC3
C010
3F43
3F78
BFF0
3D31
3F87
3FB4
BFE4
40C4
C04C
C0AF
4029
BFB0
404C
BF4D
BF08
4006
BF16
C034
3E2D
BFD5
BFF1
BFEA
BF46
BEB5
BE18
C022
3FC8
3EE5
3F6E
3EDA
BEAB
BF75
BF1D
3EC1
C01C
4040
3FEA
3F3C
C071
3DC6
BFD4
3F99
3E32
BF79
BF4D
3FDC
3E2D
3E50
C04C
BF79
406C
BFF2
C0AE
BF6E
BE55
C003
3E63
4031
3F96
BFFB
4009
3F11
3FE3
3EE0
3F52
C033
C089
3F79
C00E
C07E
3FFE
4021
BFED
3F82
BE74
C00A
3FEA
404C
BDE1
BFB4
3E8D
C018
BF55
404F
C03D
BF31
3F73
4027
BEB4
C004
3F4B
BFB4
3EA4
BE91
3F52
C015
C016
3FAE
3FB6
C037
BF8B
BFD0
BE92
4090
3F89
BFE2
BF61
BEE9
3F99
3F97
3F7A
3DBB
BF39
3E0C
3EBE
3B8F
3EFA
4025
4025
3E58
3FB6
3F9D
BF23
3F5E
C029
3D1F
401E
4092
4005
C021
40A9
3E93
C076
3F8D
3F82
3F9C
3F2A
3DD3
3F29
BFCD
3F51
BF61
40CD
C032
3FC9
BFBE
401D
3FAD
C004
C053
3F23
40D8
4006
C032
BF83
3F99
BFD2
3F1A
3FA3
C017
3F92
BF18
4012
BF55
3DD0
BBA0
BED9
4027
BF92
C010
3DA4
406C
405E
3D45
BFF4
3FA6
BFDD
BE8F
408E
3F95
BE65
3EB8
4004
3E78
BF5C
C022
405E
C036
3FAB
BE22
BE5A
BF95
BFA2
3F9F
3FA0
4090
4037
3F92
406D
4066
BE14
BF7F
4054
3FFC
3E56
3ECF
3EF5
4063
BFCD
3EBB
BFD1
C020
3FA7
C005
BFD5
3F49
401F
3E9B
BFAE
3FBF
3CCC
4085
4082
3F54
C090
BF79
4083
3FBE
3F6E
BD85
3FA7
3FBC
C046
C004
C095
BFC1
405F
BEE7
400A
3F57
C045
3FBC
C001
BF62
4000
BCC1
3F8E
4027
BD9F
407D
BF72
BF88
BF4D
3FC9
4025
BD21
3FA3
C00E
BF44
3D26
BFBD
3F25
BEAD
BEDC
3FA2
BFE9
C02B
40C5
BE99
3F99
C091
3F91
C04E
BD0C
BFC2
BF0A
4051
402B
404F
C034
4035
BFCD
BFA9
3F89
3FF2
401B
BF6E
3FCC
4030
3FEC
BFB8
BFA6
3FEA
BD32
406F
3EAA
3ECB
3ED7
3FB2
C0AA
BE5E
C00E
BFDA
406B
BEF2
BD1E
BD86
3FE7
4017
BF17
BDC1
3FAB
BF0E
BF99
3C93
C03D
3F8B
BFB6
4001
3F66
3E91
BF6F
BD33
4039
BFB4
BE45
3EFA
BEF1
3F1A
3F29
BFA8
403D
BFE8
3FD1
3F7A
C06E
3FFA
BE86
C03E
BFF0
3FDD
BFC3
BE2E
C009
3EAB
BFFA
C047
BFEF
3F84
C007
4023
BF5F
3F84
3FEB
4044
405C
405D
3F55
3FE2
C031
BF21
C054
3D82
3FBA
401B
3DAC
405B
3F44
C02C
BF78
3FB6
3F90
BF0E
BF8D
C0BF
C03C
3F28
3F45
BE8D
3F6A
400A
3FD3
3F72
BF35
BDEC
C007
C046
BFD7
BEE3
3E8A
C092
BF82
3FB4
4035
402C
BF5A
3EA3
C0A8
BFB7
4045
3FBA
3FE9
3F2E
BF06
3E0E
3BEC
C005
3E4B
C02F
C017
3F95
BE89
408A
C0A6
BEDD
C02A
3F9B
3E38
4045
3E69
C091
BFC0
BFDE
3F8E
C04A
400B
3F54
3F69
4027
C0A1
BE5E
BF43
BFE8
C00E
C05F
4004
BF81
BFEC
3FD2
C05A
3DDD
BF27
3FB1
BF28
BFF3
3FA7
3F05
C030
3FAC
BF0A
403E
C094
C071
4013
3F0E
3FB4
3FD1
BEC0
3FA1
3F26
404B
C065
BEE1
C06C
403A
C00E
4015
402D
4055
BFF9
3F94
3F6E
3F5E
C027
BF46
BF75
BFD0
3FFC
BE3B
3FE7
C018
BF8F
C05E
C037
400B
3F28
BEF1
C081
BEBE
BFE5
BFAA
3FF1
C096
BE72
3EAD
3FC0
3F31
C03D
BF5C
405E
403F
BF13
BF65
C074
3FF7
BF3F
40B8
C012
3F7D
3F7A
BF94
3FB2
3EC3
3E0F
4003
3E05
BF6D
C008
C01B
BF97
BFCC
3FD7
40A5
3EE4
C0B4
BF3D
3FA6
BEB0
3F51
BF8C
BF95
BEB4
4022
BEA7
40A5
4002
4066
409A
3F54
4042
C008
BDF0
3F90
C050
402F
3F80
40A0
3F9A
3FF0
4047
3FAB
C0B9
3FCF
3F67
BFEE
3FA8
4037
BFBD
406C
BE7B
C06D
BFA6
BF7F
BE53
BFE7
4077
C010
C012
3F91
4079
3FE4
3FE0
BEED
BF6D
4073
3FF2
BF78
3F83
3FA4
4060
C03E
3FD1
3FDD
BFDD
BFDF
4046
C037
BF83
3E02
BF80
BF08
3FE5
3F85
BF8C
BF2E
C0A8
BF8A
3FDB
3FB2
BF43
C087
BE62
4028
BF69
BF56
3F82
BC4D
C003
3F59
BF9C
403E
C020
BEA9
3E6F
4038
400C
BF82
3D87
BF29
C030
4062
4015
3FFA
3F4E
C02D
3F8A
C0CB
3F74
4029
3F2C
BDF9
3FBA
BF6F
C00B
3FCA
C017
BF1B
3EEE
4062
4062
4017
3E5A
C02E
BEF1
3F24
BFE3
4065
4096
409B
BE92
C006
C060
3CFC
3FB1
3EEC
3F64
C012
3EC0
BFCD
400C
C02B
BE9D
BFBE
4001
BE1B
BFB3
3F18
3FCB
C101
C04D
C010
BF2F
C023
4013
3FB2
BF49
40DB
3F4E
3ECE
BE56
BFAB
C0A0
C00D
3EEF
BF65
401C
3F33
3DDD
BFA7
3F66
3F28
3FBC
3FE9
BF84
BEC0
3FB0
4011
3FC4
401C
3FAF
BFBA
401D
3E80
C002
BF0A
40A2
C048
3F18
3FB7
40B0
4099
BFA0
BF31
BF08
C021
C0FB
BEFE
BEBA
3EF3
3E45
BE99
BF4A
C07F
406B
C08F
BF31
BFE6
C05B
4025
3FA6
4061
3FC0
BFC8
3FAB
C005
BE8B
3FE0
3FF2
3FC6
BEA9
4093
BF42
BF86
3F53
C03A
4038
3F2E
BDAB
BFC1
BFBE
BF71
BEE4
4058
3F28
BD9A
4094
3F47
C089
3E4B
4027
3F54
BF20
3F34
3FE2
BFDC
C02C
407E
3FE8
3F81
3EB4
BF3B
3F7D
BFD9
3FD8
4075
3F96
BEDC
3FCC
3F55
4012
C08D
BF79
BE6F
404D
3F3F
3F41
400D
C027
4080
BF33
3F8E
BF8A
C096
C040
4065
3FA5
3FC7
BFBC
BF74
C01E
3FD1
3F8A
40F8
BECB
405B
BE12
4019
3FAA
C035
BF63
406B
BE38
40F8
BFED
BF86
3CE2
3E26
BF95
3F9A
404D
3DD5
3FE2
BE41
4013
BF9C
C099
BEF4
C005
BFA6
3FE8
3FFF
BF67
3F92
3F7B
C08B
3EBA
BFE5
3F0F
BFE3
3E89
4016
C00A
BC3E
C06D
3DAF
3FE3
BFFD
C083
4063
BFB2
402E
BE8A
3F9B
3FDD
C036
BF74
4022
C032
BF46
4006
BFB1
4001
3F51
BFB1
3FBA
BD66
3F67
403F
C001
BE44
BF4D
3F8E
C05D
BFBA
3FDC
3F54
40B7
C000
3CF2
BF9C
C025
BFEB
4025
BF80
C0C0
3EDD
3F0C
4062
C079
3FA7
C030
4014
BE6C
BF13
BE77
C02F
BEE9
3E94
BECD
C036
3E08
3E16
4012
3EAA
BFC3
4016
C085
BF90
3F12
3F2E
3FA8
BF14
4067
BF4D
40C1
3F62
3FA8
BD5A
408C
3DEA
C026
3F0C
BF35
3FE9
3E33
3F96
3E8C
400B
3F9D
BEF7
4057
40F7
3E63
C060
3F64
BF5D
3FEB
3FDD
C0B0
4029
3FC6
4029
40A3
40F4
BFA8
BE2B
3F8C
3F5F
BF63
3F1C
4062
3FA6
3F86
C022
BE49
BF02
BF48
BED2
C0A8
3FBC
C005
4063
3D4C
403B
BFDB
3F0A
BEA7
C077
3EA1
3E76
3F83
3F89
C033
BEB9
BE52
BF94
3FF5
3EFF
BC2D
C024
C030
3F9F
3F56
BF37
BDA0
4070
3F89
C04B
4012
C081
3F01
BF2E
4043
BEE3
BF28
C049
3FE7
BED8
400F
BF97
BF1B
BEFC
3E8B
BED7
BE68
3F9C
3D9A
C03F
BD9B
BF0B
C004
3F47
BF45
BF40
BED1
4064
C01F
BEE4
BE98
407F
3F3A
401C
C030
3FB1
BFF6
C026
3EF5
3FF6
BF94
3FCF
C044
3F8A
C02D
BC9E
C01A
3FD5
3E7E
BF06
BF53
C07A
3F7F
C039
BFB5
3FF6
401F
4008
3F20
BE1C
3F8E
3F12
BF5F
BF91
BFDC
3E54
3E23
4099
3F44
3FEC
BF1A
BE6A
3E3A
3FAF
4011
BF93
C001
3F4A
C0B7
3EE0
3FDF
BE77
3ED4
BF82
BFF3
BF67
BD5B
3F45
3E08
3F91
3FAF
401E
BCAF
3EAC
3F69
BE9B
3F88
BDDB
3F61
3FC1
3F04
4016
C03A
3EE4
4003
4005
3E4C
3F14
BF45
BEBF
BEBF
3F3E
C085
4030
BF39
3FAF
3F73
3F92
3FA2
BE1C
C0BA
BF8F
3F72
BDB1
BE96
4067
C014
BE90
3F72
BFB0
C006
3F9C
40A1
C05E
3EBC
3EAB
3F81
3E16
BE4B
3F3A
BD82
BD01
BF66
3FAB
BFCB
4024
BF30
C011
BF81
BDA7
3FB4
C00A
BE6E
C07C
C093
3F54
BF40
3F8E
C027
BE3D
3EB6
408D
3F09
BFB6
3DCA
BEF1
4017
3EA0
3DEE
BFB6
BFE6
BDA7
3EB4
3ED2
C006
3FF8
4060
406D
3FBE
3EAF
3EB3
4039
3F98
BF24
C059
BEBF
3FED
C094
BF65
4020
401C
C060
BFE2
3F2A
BF98
3F8C
C088
BF94
BE14
4066
3FE1
C00D
3F7C
BFFF
410F
BF46
3F6F
C006
3F96
BE3D
3EF6
C006
3F5D
3EEF
3FD2
3FB3
3F69
407F
BFCC
401F
405C
3F97
BE7F
3FBB
3F45
3FB1
3F56
BF5D
4116
3FFA
3F83
C034
3EBF
BF22
BFC2
BFF1
3FD7
BF67
3E8C
3F52
3DB3
BF27
BEAA
40A6
BF3F
BDA1
3E3D
3FF9
BFF4
3FF7
3C6D
3F70
BF0F
C002
BE53
BD67
4013
40D4
BEB6
C049
3EDB
3D48
C00B
3F0C
BFE5
3FB0
3F43
BF8C
3F8E
401F
C00F
3CE8
3FE2
BE78
3FDE
BF36
3DC8
3FF1
4005
3E70
BEE2
C049
BFC7
C02E
3D9D
3FDF
3F8C
BF57
C0BC
401B
4026
3FE1
4043
BECD
3FCA
4076
BF32
BEBD
BFFF
BEC8
C005
3FBE
BDAE
BDC1
3E6B
401D
3F18
3FB2
C013
3FD9
4031
3F33
3E27
3F43
BFB6
3F51
3F9B
BF90
BF53
3ED1
3FB8
3ECE
3E85
BF80
3ED4
BEBF
BFDA
BF47
402A
C051
BF78
BE2E
BFC4
BFE3
C041
C05B
3FCD
3EFD
3E14
C094
C00B
3F56
BEB9
BFE3
C05A
BFB9
BFEF
BF74
C053
3EEF
BF91
3FE0
BF31
4037
3EE9
C018
BFC3
3FC7
BF04
BF87
BFC3
40A4
3FCA
C04B
403B
C09E
3E65
BDF3
407D
401D
BFFF
BD1C
BF06
BF5D
403C
3E23
3EE4
BFE9
C0A8
BFCF
4081
406E
3FFC
3F41
3FBB
3E1B
BF2C
BCB3
3FAF
4001
BFDB
BF0E
BF13
3F82
BFAA
C04F
BF3F
3D57
3E0D
3F0F
3F9D
3F49
BE86
3FE7
3FE4
BE07
3F6C
3EA4
BF77
3F31
3F8C
BEC0
BFF4
3E60
C087
4003
BEEC
3E17
4031
C05B
BFE4
3F4B
3F47
4073
C002
4044
BFB7
3FE2
BFE6
BF3F
3EB3
4000
4068
4119
3FCB
BFAD
3FD9
C094
BFC0
3ECE
BD7E
4003
BF9A
C041
C01A
BF3C
3FD1
3FB7
3F93
BF52
3F92
3FF3
BF1D
3F94
BFB7
C0B2
BFCC
BEE3
406D
3F1F
3F9A
3F75
40D1
BFD3
BFD7
40B9
BF54
3EB2
3F11
BF9F
4070
3EDE
4061
C0A5
C004
4063
3FAF
BF27
3FB3
BE29
3FDC
3F8B
4003
402A
BF96
C020
4009
C00D
40B7
BF94
3EDF
BFCF
BF30
408B
3DC6
4046
BE94
40A7
3DF4
3F9A
4028
C05A
400E
BC08
BE72
3FAF
3F5E
3F27
BF93
3F83
4019
3FBE
BEA4
C05E
3BEC
3F00
BEEE
3F8D
C07D
BFC2
40A0
C061
C037
BDA5
C051
C002
3E99
BE2C
3D96
BF8A
C012
3F96
BFB9
3E73
C001
3D54
C029
4025
BF0E
BF0D
BFC5
C037
4020
C04E
C057
BF0A
BFF3
BFC3
3FCA
C059
BF54
3E7D
40BF
400C
3F39
C02C
BF20
3EDC
3FE1
BF6D
C054
BF90
BE88
3FD8
400A
BF9A
C008
BFC5
BFA8
C0C5
BE8A
3ECA
BF49
4033
403F
3F40
4020
BFAA
C020
BF8F
3F40
4060
BEFC
BF86
C0D3
401E
BFBA
3F30
3F8B
40CE
BF0A
BFDA
4021
BF0E
C031
400B
3ECC
BE39
BFEF
3F14
BF31
BDB7
BF29
C04C
BF5E
401B
3F87
3E0F
C012
3F64
BEBD
BF93
3F8C
405D
C0A3
3F4E
BF98
BEAC
3F4E
C038
BFDC
BF19
C011
3F17
3FA2
3F17
3EC1
BFC5
4067
BFDB
3F30
406B
3EB8
3F4C
BFB5
BFBC
BF8F
403D
4039
3ED8
BE88
3E82
BFA0
BF17
C012
BF1E
3F96
BFE6
3ECB
C009
3FBD
C0AA
3F2A
3F67
3E37
BEC0
BF9D
C026
3ECC
BF95
408C
BFCC
3F7A
3F7B
3E0D
BD83
BD87
4008
4022
3F98
BF59
BF19
BF8E
3F83
BF9E
40A0
3F2E
3EEC
4080
BE69
3E22
BF96
3D55
C060
404C
3F67
3FDC
BF18
3BA1
C00A
4002
BFA6
C01C
3FAE
BDA4
3E5B
BF59
4096
BFE1
BE44
C031
4005
BFF6
BFDA
3E80
3F01
4002
C036
3F09
3E81
3FC5
3F23
BF6E
BF12
3E0A
3FA2
4014
3F27
40B8
4061
BEA4
C03A
4034
403A
40A1
3EF9
3F9B
4056
3E8E
C091
3CCC
3D7D
BF48
C082
BE9F
BF83
BF8C
408D
4098
C01E
BF0B
BEAE
BECF
3FBD
4074
3F89
409D
BF77
4038
BF10
3FF8
3F7F
4089
3FBE
C098
BDED
BF88
C060
3EBB
C02E
40B3
C01C
BF09
4024
405D
3FC4
BFD8
BF80
3F28
3DBF
C050
3FAC
BF28
4012
401A
C088
4030
3F29
3FE6
BFEF
C01C
BFC8
C04C
BE29
3ED8
BF95
401E
3FF1
4086
BFB8
BFBC
4094
BF9A
3EF5
4068
3F51
BF3F
4010
BFE7
3F4D
BDFA
3F8A
BFEF
C002
4051
BFE7
3E24
401A
3FBA
BFC2
3D84
BF6C
C037
C009
3D83
BEBF
3F6A
3F9F
C035
BF73
C00F
3FA9
C031
3F33
4039
4066
3F9B
4057
3F16
C003
3EDE
3F15
BF5D
40CD
3F12
BF42
C0E5
3F37
3F11
C068
4055
4018
BE52
C04F
400D
BFF6
407D
3EC8
BFB6
BFE5
3F63
3EE1
3DE7
3FB1
3E28
3FAD
3E71
BF6F
C02C
C097
BDEE
3D4E
BFD3
3FE0
3F9A
BE5C
4008
3F40
409F
4008
C08F
3EEE
3F6A
3EFA
4021
C099
4060
BE57
BE00
BEF4
407F
BF55
4029
C01A
3F6D
BE1F
C04F
BE81
3FA8
BF90
BE11
C0A9
3FC0
3F46
4083
BFD7
BF9D
3F53
409F
403E
BC34
C00C
3F57
BE5D
BF01
C02A
C06B
C01F
3F3B
3EAA
BFC6
3FFA
3F71
BF3A
4039
BFBE
C085
BF39
3FB0
BF3D
BF1A
3F26
C063
C07D
3F27
3F0E
3E11
3F17
3F9A
404F
3F3C
BFF9
3ECF
BFFF
3FBE
C021
400E
BEBE
3F23
C033
3F89
3FDC
BF2B
3FD2
C054
3E12
C03F
3EB6
BF8A
3F3E
BE47
C00C
3F85
3D90
C010
3FB9
BFA1
3F0C
3F87
3F23
BF59
4044
3DD9
BF2F
3DDE
3F23
4087
C02B
4024
BFA1
3FFE
BF61
3FD0
4039
404C
BF9D
40B1
C066
3FC7
3F8F
BFCC
C097
3F4F
C06F
3FE2
C026
3F5D
3FD4
3EA5
BE49
3FB9
4078
C0E1
3FA9
3FBA
BFA7
4088
3EA6
BF83
C02C
C0A3
3D68
3FDC
400C
4006
BE30
3F13
3E8E
BFC9
C0B0
3F8B
C078
BFE2
C01A
BD7F
3EE5
40B2
BFC0
C040
3F90
C050
BE5A
3EEB
400B
BFCD
3D96
BE23
BEB7
BE45
3FB7
C09E
BFBE
BF89
3F2A
3DAB
C083
C00D
BF96
3EE5
3E73
BFA5
BF7C
3F3E
3F6A
3F88
3E80
BFDA
3D4A
BE70
3FDF
4002
BFB3
3F9C
3FFB
4059
3E75
BF5C
BF68
BF05
3FC7
C011
3EF2
3F06
3F4F
3F6D
406A
BF59
408E
3F07
C04B
4056
BE69
C080
BF4F
3F07
C03B
C024
3E6E
BE97
3F35
4051
3FAC
BF91
3FBD
4004
C033
3F41
C02D
C016
405A
3EA5
BF96
4010
3F94
3FEC
BF4B
4031
3F94
3FCB
3FC5
C0CF
BD21
40A4
C02E
BE91
BF96
BF87
BFC2
C041
BF7B
3F7B
BCA4
3DBC
3EDE
BF9F
BFC8
4029
BFD3
BF3B
C0A5
C02D
3FDB
BF56
3FBD
3FB8
3B24
C0B5
BFB6
40C8
3FBE
4034
BFCC
3DB8
3F69
408E
4034
3FB2
BF31
BF0B
3F47
3F11
404E
BF5D
C010
C083
BDBC
3F53
BE21
C038
3F28
C08D
3C38
C02D
BF3F
3E10
4013
3F01
BF8B
3F50
3FF7
BE8A
3FBB
4023
3FE0
BF23
3E9E
BE5F
C03F
BFAD
4005
BEFD
C027
C05C
405F
3F95
C08B
C0AB
3F89
3F22
4034
BF23
BF86
BFF5
3FF9
BF9E
BFCC
BF49
C01E
3FC1
400D
BFB2
C0B3
C00A
3F20
3ED5
C075
C089
3FE2
3F32
C065
3FF0
3F82
BF9E
3EDC
3FB2
BDE2
BFF2
C00E
BE41
BE05
BFBB
3F47
3F85
C02C
3F8D
3DED
C0B9
BF5A
C014
BF52
4099
3F9E
BFBD
401F
C04A
BF21
BF9C
4019
C011
4011
BF44
3F68
BE9C
BF4C
3CBC
BF33
C01B
3F34
C0AD
40FA
3FF2
4085
BF99
BEA4
3E00
C022
3F36
3F9E
BFDE
3FBD
3EFD
C02A
3F7F
4017
C048
3FAE
BFDA
4092
3FA1
C03B
3E0C
C010
3EEB
C047
4024
BFF4
3FE6
BF19
4049
BED4
C084
400D
3F6F
C08E
3F09
C034
3F8E
4041
BFF6
3F51
3F95
3F44
3EC2
3F96
3FAC
3EC8
3FF3
C028
40C2
400B
BFBB
BF38
3F43
BF41
BFD3
BF32
BF7D
BF89
BFD4
BFFD
3F32
BFA1
C038
404B
3F84
C05C
3F65
BFA1
BDD5
3EF8
3F79
BFE8
BD93
BFE9
BFF1
3FAB
3F83
C056
C088
BF98
BF91
BEB2
C01D
3F00
BEFC
40C2
3FF8
BF8D
C003
407C
409A
BFE0
3F8C
3E77
C010
C093
40A4
404D
3DDB
BF39
C063
3F58
406D
BFC5
3FCF
BFF0
408F
C00C
BFFA
3EB9
C0C2
3F9B
3D95
C056
3FC4
3EA9
3EBA
BF31
400B
400D
C017
BF76
3DBC
BFAB
C04B
BF92
C08C
40C1
C069
4017
40DC
401B
BF31
3FAE
3E2E
C090
3E63
3E39
BFB8
BF91
4012
BFA3
C039
3FD3
400E
BFBE
BF3F
BFC6
3FDD
3FA1
3F5D
BF6D
BE53
C044
3F83
C097
BE29
3F15
403C
402A
403F
3FBC
3F2E
3FEF
BF97
BF36
3FE3
C040
3E1B
3F87
3F20
3FB3
BFAA
BF79
BFED
4081
C05C
C07C
BD9B
3FBA
C00F
3F77
BFB1
3F94
BFFA
C00D
C028
400A
BA08
3FDB
3FD0
3F31
403A
3FB4
3FE3
409F
C056
BF0F
BF44
3F04
3DFC
BC3F
4025
BFC3
BF59
400B
3F47
3E60
BC82
3FE3
4069
C02F
C032
BE52
3F8B
C00A
BEE3
3F99
BEC3
C08A
BEB8
BFC4
3FD9
BFB4
BF16
3FC7
3FF2
BEEB
BE10
BFCF
3F91
BE83
3EED
403F
3F59
3F4A
3F2F
BD1F
402D
4023
402A
3FD8
3DE0
BFCA
4004
BF13
C07C
403B
BFBE
4069
BFA7
408F
C034
BFCE
401D
4043
C008
BEFF
BEC3
BF82
BF84
BE21
4037
BF9E
BF95
BF62
C096
3F84
C0C1
4007
BF39
3FDB
3FF0
3FF6
BE09
BFC7
C09B
40C7
BF81
3F83
3EF0
404A
3FC8
3F1E
403D
BFA6
BE91
4008
C032
BF0E
BEAB
BE6B
BE8D
BF9C
3F72
BD55
BFE9
C04A
BEA2
BF93
3EC9
BE48
3EAC
BFB0
BFC0
BF53
3FAC
BE83
BFFE
BF8A
BE87
3FFC
BFF0
4048
BFF8
BF9E
3FDF
400A
3F5F
3FEF
BFFA
4015
BE9D
400E
C066
BFFC
3F79
C002
4013
4037
BFC3
40A7
4008
3FBA
BFE5
3FBE
BE5A
BFD4
BE82
BEB0
BF3C
BF40
BFC5
C006
3F98
BE28
4014
C085
3E6A
BFFE
BEEF
BF84
40AD
3FD1
4042
C056
3FE2
BE30
BF93
BF3F
C00D
3F48
3FD9
BFCD
BF83
3EBC
3EB9
BC32
3FAC
3FE9
C01E
BF84
C004
4046
C033
3EB3
BC7E
BFC0
C03E
BFE9
3EB5
3FB0
3F24
BFAA
3F4C
3FF7
3FDA
C015
BFC0
BF22
401C
3F82
3FC0
BFA1
3F1B
3E8A
3FC8
BE2B
C020
BF0F
BFBB
4006
BF27
BFEF
3F7A
BF6F
3FB0
3F61
4059
BFB6
3F64
4000
3F24
3F38
BF90
3E6F
3FAF
BEA2
3D91
4005
BEBE
3F84
4083
39C6
3F50
3F21
BFFF
BFA9
408B
BF2C
3D47
C050
400D
C030
BF55
3FA4
C00F
3EB8
3F11
409B
BED7
BDEE
BDBE
C035
3F83
BFAD
3F91
3FB6
4078
3FCF
C050
BFFF
3F21
BF03
4086
3F36
3F2C
C021
BDBD
C02B
BEEE
3DCB
3EE5
BF93
3F79
BF91
4025
3ECB
C0A4
C03F
BE64
4071
40A1
C05B
3F98
BF5D
3FF0
C0BB
BFBD
BFA5
C034
C039
3F9C
C0B6
3EF6
403D
BE5A
3E44
3F25
3F05
BFD6
3FA5
4023
3F13
BE78
C01E
3FC6
BF8F
3F48
BF12
4066
BF74
BF0E
40B1
BE08
3F8D
BE1A
C02F
3F6E
3EDC
BE4E
401F
BEE3
3E9B
C00C
4026
BFDF
BFBD
40AB
BE36
3E9D
BFD3
4012
3FB6
40A8
3E4C
3C1F
BF95
3FAF
3FF6
BF83
BF76
3F86
C01E
C005
403D
404A
C05E
3F7E
C037
406B
3F9A
3F83
C098
3F91
3D74
BF56
4008
C009
BF34
BE7E
BFDD
3D2A
3F91
BE8E
3FB1
3FEE
C026
BF49
BFE8
BEF7
C06E
BF37
4050
C00D
4010
C038
BE42
4074
409F
3F98
40BA
401D
4001
C05C
BF13
BF38
BF3D
3C92
4027
BEB3
BFED
4011
3F46
C0C0
BFAB
4052
3EAB
BE87
BF68
3F81
BF94
BEDF
4007
BF7B
BEA7
C015
BF5E
BEB3
3FAE
3FAC
4049
BF5E
C073
3D9C
3F90
3FC3
BFE5
400B
BF6C
BF69
401D
3F95
3F51
C06A
401E
3DAC
C0A1
3DA3
BF46
3F3E
C009
3F81
4056
4027
BF97
407D
BFA1
3FAD
C091
BFBA
BF9D
3FF0
3FB4
3F50
BFD7
C031
BFA0
BC0D
40A7
C008
BEBC
BF83
3FC0
C02E
BFD5
3FD9
3F02
3F8E
4073
C018
BF86
3DE6
C06C
3F6B
3F28
C03A
3F87
3FF3
404E
3FD0
C09D
3F8E
C0BA
3F9F
BFA3
C01D
3FEC
C045
BFFF
4031
BFC1
3FBB
BFDC
BFD6
C062
C064
3FB3
403E
3FCF
3F7D
BEF5
3F26
BF41
3F01
BF5D
BEAD
3F28
BF5B
BFC7
C025
BF07
3F16
3FBB
BEB4
C041
C00C
4018
4051
BFA4
3FC1
C03C
3FCF
BFA4
C028
3F97
40A1
3FAD
BFFE
C01B
3EAA
403E
40A7
BFEF
3E79
BFAC
BF0F
3F86
C065
BF33
BFF3
C046
BFCF
3EA1
BF9F
BFDD
C000
402C
C0B0
C08F
4106
C02C
4033
C066
BFCB
BF4C
C02F
403C
BFD7
BEEB
C05F
BF28
3F87
3F87
3F8C
BF4C
3F82
C085
BE01
3DC2
402C
BEEA
40E8
C036
BE79
3F73
4001
3EF6
4044
BF4D
BF51
403E
4007
BDE8
404D
C082
3F51
BF52
3D6A
3F8E
402D
C05F
BF97
BFFE
3EF1
C03A
BF09
C04C
3F98
3F92
BF8E
3FC8
BFA7
C09F
40B6
BDAF
4029
3F17
BF53
40D2
4036
3F2F
4001
3F28
3E9F
3FE9
BF53
409F
4055
BF4E
4056
3E27
3EDB
BF78
3EF6
BFDD
4024
C05C
BED1
4039
404C
3F6A
BE28
3FEA
4032
3F14
C00D
4018
C096
3E85
BFEE
BF1D
3F43
C02F
BFA0
BF7C
C040
C015
BE36
BF65
3FFE
3EE0
BFB0
40B3
3FD6
BEF5
4010
4008
BE2E
BE4E
BC84
BFB4
3CE1
BFBE
3FDF
3F95
BFB3
3F77
3F88
3F83
C03B
3CC2
BE24
3FE5
3EC2
C0BA
C04E
BFDC
BFF8
4000
3FAF
3F21
BF37
BFE0
BF05
BFB0
BFAC
BD98
C0B4
BE1E
3FB1
3F94
C078
BFCE
C06A
3FE4
BF78
40AA
3F96
4041
C0D7
4095
C086
BEB6
4001
4015
4052
BF28
4068
3F02
BEC4
3FFA
C028
BF2B
4050
C02B
BF9D
BF4C
3D8A
C01A
BDB4
3FF6
402A
3FCF
BF96
C01E
3FE8
BF36
3FF2
BFED
BFF4
3FE9
BF26
BFB7
3FA5
40B1
C036
BFAF
BEEE
3FFA
3FBD
BFB8
3F90
3F15
3E80
C014
3F10
BF04
C01E
4001
3F38
C087
BE98
401E
3FB4
BFA0
3F27
BF0D
3F80
C033
C086
40BC
4007
3FB1
BF85
C04E
BE0A
BBE8
3E46
4036
C0C8
BF36
C072
3F85
BF06
BFD1
4092
BFE3
3FA9
BF90
400A
BF48
BF94
3F9C
C016
4018
3EC5
BE84
3F8C
3FE1
C005
C0BC
3EA8
BF92
3ECB
3DB3
C004
3F4F
3D85
3FD3
BED8
3FEE
407E
BED0
BEE1
3F4A
C06C
407D
3FB8
BFB7
3F95
4013
BF87
C060
BFAA
3F98
BEC9
BED0
BF7E
4071
3EB7
403D
3FA4
C098
3F5B
3EE3
C0A3
3F5C
BE92
3EEA
C0B5
BFBB
3EA6
C04E
3E87
3FC1
BE8C
C083
BFDE
3F4D
BD22
BF46
3FA7
410A
3F3A
402B
C016
BDF3
BF4F
BED9
C0DA
BFE9
BF27
3FE0
4005
BE5D
C05E
BF29
3E1E
3FA0
BFFF
40BF
409E
3F79
3D93
3F33
4037
BF27
BFAF
C00A
BFDB
3FC0
3FB9
402B
C003
BF39
4007
C01B
BFBE
3F9A
403D
3F3A
BFF4
BE48
3F5F
BEF6
BD88
4084
4017
3ECF
BF89
C08F
BF98
BE9B
3E86
BF88
BFFF
BFDE
3FC3
C022
3F15
3D84
4012
BD91
C008
BFAC
C001
BFAA
3FB8
3FD6
3F90
BFC4
BF8A
3F04
3EF5
BF48
400D
4014
BED3
BFE9
4039
BF4B
BFE6
BF09
BF92
3D98
3C27
C01B
C082
BE6D
C007
BF07
BF1A
3F5A
BEEA
BF74
C042
BFA2
BFEF
3FB6
3FBC
3F92
40BE
BF52
400D
BFBB
C00C
3FBC
3FE8
C069
3F9E
3F08
C052
4003
3F75
BFA7
4039
3FCF
4026
C037
403D
BFE6
3F66
400B
3ECB
BF79
3E94
4009
3F30
411A
BF31
3FF9
C0A0
BF1B
3FD8
3FAC
C052
3FB1
404D
C02A
BF6D
4002
3F9A
3FB6
BF8B
BD1E
C001
4091
C02A
3F2E
3FD1
BFDA
C033
BED3
3F04
BF9F
3FD6
403F
BFF5
BFED
BFBF
400F
4049
C092
BDB5
BF95
3FA6
3F6A
3F25
BEE5
C077
BF59
BE46
40A1
4092
BEEE
BFE4
C084
3FA7
C025
BFC2
3D95
4095
C02E
3E86
BEEF
3FBE
3F9A
3F73
BFF0
4012
BF42
3F81
3FCD
3FBF
3FD1
BEB2
BF96
C011
404E
3F99
3F0E
3F40
409C
3F7A
3FC9
BF7C
3FC1
BEE1
3ED3
BF46
BF97
3EF6
BEE4
4024
C017
4068
3FD7
BFBB
3FB3
C097
C039
BF64
BF23
BFA8
C035
3FD9
BF0F
3F14
BEE6
BFF8
BFA4
408D
3F8D
3EFE
401B
BF77
C093
402B
3FC8
BEB7
3FA9
BFF3
BFC7
3FC9
BFB9
4021
3F0B
400D
4004
3EEE
BFBB
40A8
3F97
3FEE
3FF9
BE75
BF07
BE39
402F
BFF3
3E5E
3DEF
3F6B
BEF7
BFB0
3FD6
3FC3
C0F9
3FA1
BF3A
BFFA
BE95
BE65
3F34
C0F8
C0B7
4012
40D6
3D89
BEC5
BF7E
3F88
3FB9
C008
C03D
BFEE
C052
3C46
BF3F
C029
3FE5
3FD9
C004
4025
3EFE
BFB0
C016
BF61
BE83
3F56
BE14
407C
BEAD
3EFA
3FA8
3E2E
BE47
406F
4002
BFAC
BFFE
C072
401C
BD8B
3EB8
BF94
3FCD
3F0E
3F36
BECE
BF41
BFDA
4039
3DB4
BEAA
3EE3
BF9C
3F7A
BF9A
3EBD
BFCE
C09D
BBB7
BFA8
BFBC
3E86
3F6C
404B
3FAF
3EFA
C036
C010
C038
3F92
C0A5
C003
3F87
C050
C018
3F1C
40AB
3E58
3EF9
3FB8
BDBC
405F
BEDF
C04D
3F99
4066
3F91
BE0A
4055
3F62
C054
C01C
3F92
4041
C020
BFC7
C015
BEE4
3FD4
BF10
C06C
BF9F
BE8C
BF43
4039
C034
4018
3EFE
BFA7
3FBD
BF87
BEC9
4055
400A
BFC3
C013
BFD1
BFB2
3DE5
BF90
C00C
BEF9
C07A
C092
3FB4
40B7
3EF7
BFB6
4074
C01A
3F1B
BFB9
C025
BDF7
401C
4052
C090
400F
C01B
C05A
BDD7
3F91
400A
BFC6
C01E
4057
BEDE
3FA0
BFC9
3F29
3FED
BF1D
BF68
BF88
3FBC
3EE5
3FCF
3EEB
3F34
BE27
3F8A
BFA2
3F96
3F08
BF19
BF77
BFA1
C004
BE84
3F7A
3F25
400E
4036
BFC9
BFC5
C06E
4081
C06A
3C52
BF97
C019
BEA7
BF66
405C
3F83
BEF4
3FAD
BEBE
407E
3FA5
3FD7
C015
C085
C02D
3FD4
BFC3
BE9D
BE95
C06C
BEC4
BFEE
3FD6
4056
C0AF
40B4
3F7B
4006
3FBC
BF92
C041
BE39
3FCD
BED6
3F8F
C007
3FA2
BF81
C0AD
BF00
3FCA
BFD0
BEBE
C0B4
BFB7
3EDF
BF48
4080
4089
BDEF
C053
4091
3E0D
3F46
BE9B
3EEF
BF32
BFF6
400A
BE99
BFDA
3FCE
402A
3F53
3AB6
3F7D
4035
3FF2
3F04
BEE3
BE10
BFED
BF9C
BE29
3FCE
409D
3FBD
BFB2
BE4F
3FE1
BEB2
BF27
3F87
C001
3F1C
40A5
3F80
4039
C016
BF7B
C003
C08F
C0DE
BFEE
BF0B
C01A
BE6C
BF84
40C3
BEAD
3FB3
BE58
C078
3FE8
BEA4
C01A
BEA2
BFE0
3FD9
C012
3E1C
3ED0
4026
409D
4068
3FDE
40C9
C011
BF22
3F28
C00C
BF2E
3F97
3FCE
C037
4053
3FBC
C02F
BF9B
4060
BDDE
3D93
3FC2
3ED7
3E17
C0C5
C07E
C00B
400B
C045
BFB4
3E5B
4008
3DF1
3F8F
3F63
3F92
BE88
3F58
C090
BFF1
C049
3F3E
C082
BBD3
C11A
C091
3FC2
3FF2
3F50
BF99
C037
C065
BF0B
BCA2
402E
3F8C
BFF0
BF47
3F22
3ECE
BFF0
C018
BF0C
BF38
BEA5
BE27
4038
C05C
3F13
400B
3F95
3FE9
BDB8
3F58
BF3D
4002
C096
C04E
4106
C02A
C05B
4014
C043
BF81
400F
BF9F
C0A4
3FDF
BEAC
4026
401D
4036
C001
BF90
3F90
3F96
BFDE
BFAD
3F1F
BF45
BF1F
3FAB
BFDB
BF62
BF95
BF0A
C03D
3FC4
401F
400F
404D
3DA4
4085
4015
3FC6
BFF0
C045
4015
4089
BF77
3FAA
BFD5
4049
BF80
3F40
3FEE
4006
C00B
BFA2
3DBD
4004
BFC1
404B
3FD7
3F6B
3E83
C050
BDAF
3EFD
C019
3FA2
3FBA
C092
3FAD
BF57
BF27
40BD
BEF6
3FAD
C0D0
BFBC
4010
3FF1
3FA1
C089
4031
3D25
3F3F
C014
BFB4
BF1B
3FE9
C01A
BF30
3FC0
C008
3F4E
BF45
3F58
BF8E
BFC0
3F2D
BF71
40D2
3F85
C001
3FAE
3EE5
BFE3
C10C
BF7B
BFC9
3E82
BF7C
C02F
BE9A
3FCC
3F39
3E10
4009
3FF5
BF1B
BE85
3E3D
C043
3EDC
4006
BBB4
3FBA
3FAE
404A
BF59
3F8C
3F81
BF93
C024
407D
C002
3D2C
BF41
3FB5
4055
4081
3EF8
BF32
C02B
C08C
C04F
4043
C0A3
BF1D
C014
C008
BFFD
3FA7
BF8D
3FCC
BF4F
40AC
3FBE
C00A
3F52
3FD4
3FBE
406A
3F42
3F8B
3F8F
C049
BFD8
BC09
3F3D
400E
BFD3
4005
BFB2
C036
BF64
BF92
BFC6
C03E
3DDA
BF50
C01E
C053
C053
3DAD
3EB8
404D
404E
C09C
3FD8
3FE7
BF43
3FA5
BFB2
3EAF
BD5C
BF8C
3F54
3F6B
C022
4080
3F20
3FF6
BFDF
BFF6
BEE1
3D7E
BF7C
3FF2
BFD7
40CD
BF9E
BF37
BFA8
4035
BEC6
3F89
BEE5
C032
3FE5
3F16
4009
4049
3FE5
BE4F
BFF1
3E6F
3FA5
3F30
C0DF
3F1C
4033
3F2D
3FF1
4096
BFFA
3F08
BE99
3ED5
BFCD
3E1C
C014
BF81
BF02
3FCB
BF52
3F11
400A
BF41
BF13
BFD0
3FDB
3FE4
BF92
3D78
BE7A
BFB2
C002
BFD2
3F9D
C0F2
C073
BF1D
3F8D
C01F
BEB2
BF98
4082
BEE4
40C2
3F17
4052
3C99
400A
BDCD
BE6D
3F35
405D
C016
BF0E
3F59
BF66
BF25
BF79
3EAD
400C
3F9A
40AC
3FF3
3EA0
3FAD
4007
3E5A
C00C
3E6C
BF67
BE19
C054
3F99
BFDD
4021
4022
3FCF
3F1E
3EAB
3E2C
3EE6
BFAB
C00E
3E46
3E77
BEBC
C001
BFB6
4008
C025
3E41
4032
3F4D
BDE2
C012
3DA6
3E7E
BFDA
3E04
3EA2
BF2A
BF49
BF47
3DE9
BFEB
BFED
BFB5
3E35
402A
3F8F
BFBA
BE75
BFA9
40F1
3F91
3F80
40F1
3FE0
C019
BF92
4056
BF55
3ECA
BF29
3F24
406A
4028
3FA7
3F92
40A0
BF1B
C078
C064
C02D
C08D
4017
C051
3DE0
C03D
3FF1
C077
C00A
3F30
400B
BF04
C005
402B
BD6A
3F2C
3ECE
BEDA
4083
3FB0
3DB6
BF33
C076
C082
3E8D
3EA6
BFE3
BFB3
3FF4
C012
4026
3FE3
3E4C
4062
BEB7
3FBF
BFAA
3F9A
4010
BF91
BFCE
BF19
3F92
BDFE
C077
3FDB
3F97
C05A
BEB4
404D
BDAD
BFFE
BF55
C01C
3EDD
4063
4044
C028
4014
408B
BFBE
3FE7
3FD6
C026
C02A
401D
BF9B
4004
3F36
BFC2
BE96
3FCB
3FF0
C07E
403C
3F4A
BF64
3F93
C02B
3F9B
BF76
BFE5
BFC8
BF04
3F5F
40AD
BE46
3DF8
4033
BEE4
C022
BF6D
BE33
4018
BFDF
C002
3E9D
BF83
402E
C00C
3D64
BDC7
407A
BF1C
C06B
3E7D
BFB8
C021
C08B
BF92
BE79
BE83
3F35
C02C
BDFE
C01E
3DEE
C014
BFD6
3F95
400C
4002
BD4E
403A
3EE5
BED4
BEA7
C02B
BFD5
BFCC
C052
4011
BFCC
BE85
BEC1
C00F
3FC9
BF92
3D48
4031
3EE7
BF60
BF86
3E42
3FEB
3F55
3FDE
BE37
3E55
BFD1
3FC0
BECF
3F0E
3F38
3F62
4055
C038
BEE9
BEBC
C019
BFA7
3F29
C024
C00B
3F51
3F2F
4042
3F79
3D31
4053
3F8C
BEDD
BF9B
C0B2
3F0B
BF9E
C015
3F97
3EE7
3FA1
3F80
4056
3F9C
3E45
409E
3F81
C02A
4070
C055
BEEF
BF8A
BF14
3FF5
3F45
BE08
BFE9
BF16
BFFE
4066
3FE5
408A
BFEB
3F9E
C01E
3F4B
4073
BE3A
BF0F
BFC6
C085
BECB
BFC1
3F27
C005
C013
3FE9
3F14
4002
3FB5
404D
BECD
406F
C05A
BF97
BFC7
3FF7
C04F
3FA9
C003
C023
4047
401A
C05E
3EE6
BED5
C048
BFED
3FFD
C0B2
3FE9
BF9B
4067
BFE7
C049
BEA0
BFB3
BFC0
3FA3
C089
40AB
4037
BF38
4027
C0C1
BFCA
3F75
C081
3F28
BF10
C0A5
3FA0
BF63
403C
400C
3F2C
3E31
3ED5
C031
3F65
C022
3D4E
BF0E
C0FF
BEAD
BE1A
3F00
4021
3EAB
40D6
BFB8
BE87
3F26
BFBE
BEE3
4063
BF9A
BEE1
BFBA
C02A
BF90
3FC8
3D47
C027
BFCB
BF54
BF7C
400F
404B
3DCE
3FED
BF84
4015
40BD
409E
40C0
BF67
3EB3
4044
BF9A
3FC0
3F41
BF84
3EB7
C006
BD2F
4028
3FA0
C00E
405F
400D
3E91
3FF4
3F94
BF05
BF5C
3EF6
3FB2
3EAF
4014
C006
4021
4052
3F4A
BE91
BFE4
3FCA
BEE9
3F97
C0B9
C020
3EB5
BDFD
3FB2
C031
4037
C0B0
3FBF
C09A
3E96
3F86
C084
3F84
3D93
4023
BF25
BFA1
BF9D
C085
4072
3DDF
C01B
3FBE
BEC4
4035
3FD6
BF9F
C005
C03B
4097
408B
3FA1
4005
BFA9
C08A
401D
C014
BE3E
BFD9
3E8E
3FD3
3FE7
BE7E
BFDC
BF32
BF72
C002
C022
BD3F
406D
C074
C045
BED6
4025
BE57
BFB5
BD35
3F91
4005
C02C
4052
40A4
4013
C0E4
BEAF
C021
4017
4060
BF67
3DCE
BFBB
3DD0
C088
3FBE
BFE8
C041
3E17
C07F
BDDA
BFFD
BEB1
3E7F
3F98
3F92
BFDE
3FBC
BFF5
3E3D
3F50
3FF0
4072
BE10
3EBF
3EA9
BF49
BE8E
C0A6
C0AE
405B
C000
C0CB
BF77
3FAF
3EA9
3F20
4087
3F82
3FBB
3FAD
3FBE
BC75
401B
C011
BF80
3F95
3F93
3FE6
BEB8
C040
3F36
403C
C031
4006
3F9E
C035
3F57
C057
3FD4
C094
BF1A
402B
BF9F
BEB8
C06E
403B
3F8D
BF48
3EBE
3F1D
405E
3EAF
3FCE
BF3B
BD0A
4018
C00D
3F6E
BF1F
C009
3EDD
4031
3F4F
C0B7
3FBE
4096
4049
3F9B
C02F
3FFD
3F12
BFA4
C01C
3F63
401A
3FB0
3E26
BF9E
4086
4032
4043
3EB3
3EBF
3F88
C040
BFA3
3E0D
C09C
C047
C02D
3F80
BFF1
3DE9
3E0F
BECB
3F3C
3F26
BF11
C019
3F8F
3F37
3F8D
4094
3F0B
C01C
C055
4085
3FE6
403F
C025
405E
3E1A
BF84
3F3D
C039
4054
BF08
4037
BEF7
BF7F
BF20
BFA3
BFDD
C02F
3E53
BECC
3FCE
BFC3
BFD0
3E31
BF9B
4004
C085
BFDC
4024
4010
BFC1
3EEA
401A
BF76
BF80
3F81
405B
4013
3F8F
BE6C
BEC4
BFD8
3D4A
3E95
C0B7
3F28
3EC5
3FBE
BFD5
3FB5
408D
3EF0
3F1E
C0C0
3E54
BF69
C00E
3F73
BFAB
3F1B
3FFB
3F9D
BFA2
3EE3
C0DA
BEF8
3FF4
BECC
3FA7
3FAC
4063
C009
C01E
4086
C019
3FF8
3FA6
4054
3FB6
4025
C013
BF80
C05F
404A
BFD8
C02D
3FC9
BE3C
C039
BDFD
3D4B
BFEE
3E8A
3F37
C04B
3F52
BFC2
3FEB
BF5B
3E94
BF61
BF0E
C05F
3EA7
C09C
BEAB
4078
3FCC
3F0A
3F0F
402D
C009
BFC1
4048
BFEF
402C
BFA0
4012
BFEF
405F
BE55
3FA1
3F52
4033
BFBF
4084
4034
BE13
3FAB
BECB
BDF1
BF67
BFA8
3F7D
3F5E
BDC5
3E0F
4021
40A4
BFC3
BFF2
C0A6
3F06
BF60
3F1D
3E28
4038
4060
3F98
3E7D
401A
3F8E
4086
4094
BFC9
3F87
C02D
BE32
402E
C053
C02A
3ED0
BFAE
403F
C06B
BEBC
3D83
C019
C00C
BFFE
3E37
BEDB
402D
3FBC
BE4C
BFC9
3FF2
BFA2
BEC8
4093
3FE0
3FF1
4036
3FF9
3F8C
3F86
BFE0
BF66
401E
C035
3FC1
BFFE
BF14
3FE0
3F45
BE8E
3E8C
C013
BEB4
4046
3F8E
3CC2
C01F
3ED3
C0B8
406C
BF97
3E4B
3F51
C063
3FE0
C012
4000
3EC1
C04D
3F48
4098
3F0D
BFF3
BDB7
3F83
BFC5
BF7F
4017
3FE0
4081
BF19
C040
BFF3
3E3F
3FC1
C04C
3F92
BE25
BCF8
BE99
BFF8
C025
BF70
C03B
401C
4042
404E
3F69
3E67
BFE4
BFC6
BEE4
4052
BFCC
C025
BFFB
BC2E
3EE7
BF62
3FF8
BEB4
C032
403E
407A
BFD8
3FE3
BF52
3F2C
C020
3E3E
C003
3FBD
3FD3
405A
BEBA
BF57
3F8D
4011
C08E
3F6F
BF44
BFAC
4086
3EE0
BEDB
400D
C102
BFE7
BF25
3FF1
C00B
BF18
3FC0
3F7C
401B
C06B
BF2B
BFB3
BF82
BC04
BF4E
4009
C058
BFE5
BE0B
BE0F
4028
C01E
BFEE
C019
3F4E
BF9E
4094
4044
BFB1
C032
4036
BFD4
3FC6
3D06
BF23
BDDD
4012
4069
403C
4084
BEE3
BFFE
C014
3E96
C010
C02D
3FE4
C055
3FAE
BFDC
BFBF
4068
3F68
BF7A
40AB
BCC8
BFBB
4062
3F8A
BF24
BF83
3EE3
4020
3F02
3EC1
3F20
BEAB
C099
BEC7
407B
BF25
BF4B
BF83
BEB8
3FC6
C03F
BF85
3DC2
3E45
3F31
3FCE
C036
3EEC
3FEF
40BB
BEEC
BF35
BF90
C050
40AC
BD7D
BFDD
403A
4006
3F5A
BD9E
40A4
3DBA
BF26
4002
3FA9
3FE5
4090
C022
BFA4
4039
406C
BFFB
C079
3E32
3F3A
C06C
BFAD
4029
C095
BFF0
C038
BFB1
3E2C
3F9B
BFB0
C0BA
40B5
3F29
BF9A
3F63
C013
3FBC
40B8
4016
C038
BF76
BD87
3DE0
3EDE
3F28
3F88
BE88
BEA8
4040
3F7D
BD17
BF26
BCC7
BED6
3FDE
3F9A
3F9B
C008
BEA4
3F80
BFFD
BFA8
400D
3F7D
4078
3FAE
C0A6
4024
BF2A
BE0E
BE87
BBBA
3F2A
BEFF
3F9C
BFC9
BCAD
3EBC
3F12
C03C
3EAE
3F74
400A
3FDB
C06E
3FBC
BF1A
BF51
4017
C014
BF41
BFFD
40A2
C089
3F25
C098
403A
4036
3F4B
C001
4039
C046
3E2B
BFF8
C0FA
BF99
3FC0
3FFF
BFD1
C00A
3F40
BFAD
BFC3
BEDC
3F9F
C045
BF75
4039
BD06
3F91
3FF4
3F1E
3F02
BF54
3FB3
C038
BE20
C0A4
3E57
407D
4033
4014
C00D
3E99
C010
3B5C
C0A4
BFF1
3E9C
C02C
3F8C
BF33
4011
4061
C04F
BF64
3E55
4071
404B
402F
BFC2
BFD3
C01F
BE8E
C07D
4032
3F2F
3D3F
BF84
3E59
BFFA
3F34
404D
40B2
C091
BF54
C07B
3FFE
BF7F
4069
C086
3F23
C0F3
BF19
406A
BFD3
3F4D
403B
BFF8
401D
BFA8
C032
40B5
BFE9
401C
4095
3E4E
4033
400D
3FD7
BE9A
BF90
BF30
3F23
4004
3FFF
BEF0
BFFF
BE7A
4025
BFEB
BFF8
BF78
3F61
BF43
BFB8
C055
BE5D
BFBD
4094
3FDA
BF75
3FE8
3FCE
C05F
BF8A
40E7
BE19
BF28
BF92
C083
BFE8
C0EC
3FB8
3F81
3FB5
C033
4081
3E50
3FD5
BFC0
BE5D
4030
BF01
C095
401F
3F8E
C02E
409C
3FA8
3F9F
3F0C
C0AF
3FB9
4035
BEED
3FDA
3F78
BEE2
BE3B
BFB8
BFBD
BFF9
3D47
BF01
C01C
BF58
3FA8
4016
C043
3FDB
40F8
BF3A
BF36
4035
4090
C01A
BF9D
3F13
40A8
3F6F
BE86
C08A
3E97
BF4E
BF93
40E1
4008
BF7D
BE00
C04C
3F94
403E
BE76
C03C
4038
3F2C
3F19
C020
4031
BE95
BF6F
3F2C
4023
4092
BF46
3F0F
BFEA
BF3A
3EBD
C085
3F98
3F0D
BFBD
C071
404D
C048
4062
C078
C018
3FFB
BF1F
C024
C00B
C0A0
3E9C
4041
C000
3E2C
4043
406E
BF52
BFCF
BF95
4061
BFF0
3F65
3D03
3E94
405B
3F74
3F3C
4003
40C8
BFBD
4055
BF99
BFFC
401B
3EDE
BF8F
C040
C01A
BFCF
BF84
BD13
C02F
BF87
C027
BECA
3F5C
3E7D
BF4C
BC19
BECE
3AC8
4027
BF91
BFC8
3FF5
C054
3F87
3FD8
BFAD
C07E
C041
3F40
BF2C
BDA9
4026
BFA6
BF87
BECF
C000
BF52
3F31
BF89
3E36
BDBB
4025
3F03
3F79
4010
BF43
3F83
C03B
3EF2
BDBD
4033
BEF0
C024
BFEB
BFC8
BF16
BFBB
4064
4025
3F34
3FF4
BFC4
BFC0
BFA0
C051
C02C
4038
BFCC
3FC3
C083
BE87
4037
3FE9
3FF6
3ECD
BFDF
BFC2
3F59
408C
C0AF
BFB0
C00C
BFE8
402B
BD5A
3F56
3EE3
C023
BF01
BE91
3FCE
C00D
405E
3F16
3F28
4027
4032
3FD6
3F91
4017
3FC3
3F31
3F31
3EF4
3FCD
3E89
3FA7
C088
C00D
BF2A
3FC9
400D
3F5B
3FF2
3E14
BFC5
3EB1
3B90
3E8F
C066
3F00
3DFB
BD17
BD31
3E6C
BF1D
BFA6
BFB5
BEA4
BF06
BFF7
BF85
BC3F
3F50
3FC0
BEE9
3F71
BF0F
4068
C0AD
3F1C
BF83
BF45
BED5
BFFE
3F32
3F7C
3E3E
BEC8
C01C
3EBA
400A
BE2B
3ED7
BF81
3E26
C008
C089
BF95
3E0B
3F1E
BFAD
3FE9
3E4E
3F5E
BF86
BFF4
BE9C
3FB6
3F4B
3FDD
C02D
3F51
C002
3E25
BF0D
403F
C012
40A6
3F54
3F0E
BF84
BECC
4073
BFE6
3F6D
BFE1
BF48
3FFE
C0C0
BF94
C076
C069
C020
C022
BE9A
BE37
3FA5
4080
BFF6
BFDC
4037
3F6D
4085
3F92
3FA1
4005
BF38
4033
3EAD
3EEE
406D
BF21
BFB2
3FF9
C09A
BF78
3FF9
3FCC
C015
BFB4
BE90
3FA3
3F9E
40CE
C057
BE20
C0A1
BF53
BF1C
BEAF
BFDE
404D
BFFF
3F80
4025
BF2D
BF4C
4012
C0A2
C003
3F30
C00A
3F60
3F98
3ED6
4018
C087
BFFB
3FA8
3B40
BF16
3FB3
3EE0
BFBC
3F0F
C03D
3FE7
3DB5
4023
C04D
3E8E
4036
BF12
3EC4
3FA7
BFAC
BEF8
C04D
BEEC
C09F
406F
C02F
3FF6
3FF4
4068
BFA4
BEC6
4047
C079
C07D
3F0A
3EFF
3FFD
40BA
3F00
BF31
40B5
C02C
3FBC
3FB4
BDE4
3F47
3F1F
4016
BF7E
407C
3F61
BF5B
3E09
3F96
BD73
3FFA
BFCA
C013
BF30
4012
3F04
BF56
C04C
3C82
408C
C02A
3F4E
C039
3F95
BE35
3FDC
3EB5
BF28
BFA6
408C
3F6E
BE8A
400C
C02B
404C
C01B
BFE3
4109
3F98
C050
3EBA
BB70
3F87
C0C9
3F94
4096
C049
4002
3F73
3FA3
4000
4056
BF9D
BF83
3F9F
3F7C
BFED
3FF0
BFC3
C096
400A
BE9D
BE7B
C003
401F
BF70
3F91
3F1B
C01E
C005
40AF
4000
BF9F
3FE3
C03A
4031
3E93
BF03
3EEA
3F15
C0C7
4096
BFD6
C055
3FF6
BE96
BFF6
BF99
BF3E
BEB3
BFCC
C0B7
4015
4007
BEF6
3DDA
BF07
C005
BFDE
BED4
3F81
4067
3F96
BFC9
3FD7
BFD8
BFCF
C09E
BE78
4040
BF33
4023
3FE9
3F3F
BEDF
BFEB
C018
3D7A
BFF0
BFEC
400E
BDB5
3E9C
BFF0
4059
BDAC
C017
3ECB
BF4B
BFE4
3F0E
C012
BF92
BF53
3E8D
BE99
BF51
3ED2
BF55
3FB3
BF26
3E55
3ECC
3F24
C00D
3F4A
BF96
BFD5
C06B
BFAF
3FB5
3EF4
BF87
3F17
C045
C06B
3EB0
C038
4049
3ED3
404A
C03A
BE44
3F39
C019
4070
C052
4048
3F16
C087
3F22
3ED4
C08F
3EB7
3FB3
3E8F
3FD5
4000
3E04
BA99
C068
C00C
3FB0
4014
4014
3EE2
4033
C021
BF19
BF6C
BF9D
3FE7
4001
408D
BFAD
3F0E
C040
406B
3E97
3EA8
4029
BF41
4009
3F9A
3F9D
C06D
3E82
3F28
C01E
BF05
BFD1
3F1D
3FCA
3F9D
C05F
3FF6
4026
BF39
402C
3FC6
402A
BFE1
3F16
BFB0
40A7
BFD7
BEA3
C031
BFA2
BEE9
3F17
4046
BFE8
BF8B
BF38
BFC7
4000
BF40
BF55
BFD9
BF5A
BF33
3F6C
3EC4
BFC3
BEB1
4083
4001
C119
3FFB
C04C
BFDF
C083
BFCC
3F79
BFCE
BF4C
3F65
C0E9
40CA
BF90
407B
3F73
3F2B
BE8E
3F8A
3FE9
BEE5
BF85
3D56
C02A
4089
C002
407F
3F7C
3F9D
400C
40D9
C01D
BF99
40AC
3F90
BFE0
BF4A
BFBB
3FAC
BF8D
40B4
C014
3F2B
C05D
C061
BEB7
3F08
C076
3FC0
40A2
BF56
BF17
BFA1
C036
C060
3FC1
C01C
BEB6
BE79
4052
3F4E
BFD5
BD8C
4005
3F2A
4003
C01C
3FDA
3F4D
40CD
3E15
BFAA
3E65
3E84
3FC3
3EB0
BD41
3FD3
402E
BFC9
BF15
4014
3F40
402E
3F1B
BF6C
3F4C
4063
C0CA
4074
C06C
3F78
3FDD
3FA2
BECE
3FFA
BFE3
C004
C0BD
C03C
3F4A
BFE7
C081
403D
BF9B
3CD8
C012
BF68
BE41
3F1A
BFBC
C08F
C083
C01E
BF89
408E
3FAE
C099
BF9F
C08C
4075
401B
C00D
BF97
BBBF
BEF4
3FCF
3F6F
3F57
3F9D
BFBE
BE75
3FA2
BFA5
C015
3FE3
3E1F
C036
BFF5
3D00
BD1D
BF51
3F77
3F6E
3E92
C00F
3EB4
3FD5
BF1C
3F73
C049
404F
C08A
C02F
BE07
BFC7
BFED
BFFD
3C29
BF98
BFEC
C002
BF20
BFEE
BFAB
BECA
3F9B
3F96
C051
3D95
BFF6
BFFA
BFDB
3FC6
40B0
3F17
3F83
BDC2
3FF2
3FFE
3F37
BFE1
3F6D
3F28
3FCC
3F93
3FF8
3F34
C060
40BC
BF3E
40BF
BF9D
BFA1
BFDB
400E
C010
3F65
BF9A
3FA2
C068
C08B
BDE8
C03C
BE22
3F46
3F24
401D
3FAC
BEAA
BF7E
3F15
C011
BF4A
4038
3F26
BDD0
C05B
3FA9
C060
C01E
3FD5
4119
3E79
C0B6
40B1
3F2D
3F55
BEDD
BFE3
402E
3E4E
3FC6
BDAF
3EA9
4033
3E03
3FE4
3EC7
4004
BFB5
401B
404A
BF9E
4008
4036
BFF3
3F09
3F92
BE15
3E59
3B74
BFC8
3E11
3EB2
C01C
BA39
3ED3
3FA5
3FB0
3EB5
BE85
4015
BE54
3F9E
BFB6
BEA1
C11D
C051
3ED9
3F9A
C00C
BF7B
BF86
4039
C00E
3FC1
4005
BF18
401E
BFA2
3F17
C0AA
C095
4003
3F79
3EA8
4005
C028
4023
C00D
BF5E
BC74
BCDC
C020
4020
3E8E
400D
4009
BF3C
BF51
C057
3E46
BFA8
3F24
C010
BEA7
BFDB
3F0C
3FEF
BF90
40B8
BF43
40BE
BEBA
3E1D
BFF5
3FEE
4086
BE91
40B4
3FC5
C063
3EF4
C02E
3F78
C04D
3E55
3FC2
408D
C006
3FFF
3F7F
4035
C004
BF7A
BF9B
3F81
BE2E
BEAE
C0AF
BFA3
BEA3
BE87
4006
3E88
BEAA
C03C
3C52
BE35
C0D8
3F54
3FDD
BF6B
408F
C0A7
BE10
BDF6
BF26
3FC7
3FC6
40DF
3FDF
3F81
3F99
3FE9
3FE8
BF52
C09F
BE2E
BE9A
3F85
3E1A
3EC6
3F04
BDE1
BED0
4015
BE0A
3F85
BFB9
BF39
3FD0
BE6F
BF22
3EF0
BFC4
3F94
C014
C018
C055
BEE1
BEBB
3FD7
406B
3F9D
3FE2
BC13
3FF9
3FC8
3FC9
3FD0
C022
C05F
406F
4076
BFD9
3F84
406F
3FE1
4071
3FD2
4051
BFD2
405F
BFB7
3E8C
3F11
BE8B
C06C
3F66
40C9
BF20
3FA0
4093
BE09
3F72
BE88
C048
BF33
C022
BFBB
3FD3
3EE9
3FF2
3F49
4067
BF7E
BD6B
C02B
BFDA
3EE5
BFC5
C0A1
3F3A
3EFE
BF0C
3FA3
3F73
BF8E
C05D
BFCD
404A
3F04
3E1C
BF8F
BE5B
C004
BC2A
C011
BEC3
4067
C01C
C021
BEE1
BFBE
3EA5
40A5
3F2A
BFE2
403A
402F
3E4B
BF41
3E32
C011
C00A
3FF3
3FE1
3EF6
4035
3F29
C040
C00A
BF11
4009
BE8C
BE30
BF80
BF28
BFCE
3E62
3F76
403E
3FB0
3FFC
3FD0
3F1D
C000
BEAC
3F0D
3FA2
C080
BEB3
4016
3FA7
3F7C
BF2F
BEE4
3EA4
BFBD
400C
3EC6
BFDF
BFF8
3F86
BF72
C0D1
4017
BF4A
4023
BF35
C025
BF1F
3FB8
BEE0
3F65
405F
BEB1
C02D
3EFB
BF12
BFD5
BFBE
BFCD
BF84
BF30
BFEC
3FAD
3FA9
3CC7
4002
4036
C01B
BD85
4085
BFB7
BF9D
C085
C027
C00D
BFB7
40AE
BF8C
3F69
C085
BF85
3F5B
3F82
C089
BE88
BF97
BEE5
BF2C
3ECF
4055
4029
C090
C103
C003
4072
3EAB
3E15
3F97
3CF9
3E16
BF96
C0A4
C042
C015
BFA6
BF98
3FCC
4019
BFAC
C00E
BE9C
3F98
BF93
401B
BFA8
3F74
BF86
400B
BFEF
3F38
BFB9
BF8F
C067
3E4F
BF64
3F94
3E47
3FCC
C093
C0CB
BE22
3FD3
BFBF
3F38
C02E
4011
3F8A
BF00
4001
3FAB
3F30
3FCB
40B4
3F41
4062
3FA5
BE2C
406F
C017
4046
402E
403D
BF48
BF08
4012
BE98
4038
4027
3E56
BFF3
3F8C
3EA3
BF08
BE02
3F95
BFCD
BF22
3F48
C004
3FEC
3FF3
BF99
4098
BF5E
C02E
3FBD
400F
3F41
BF2F
4011
C023
BFB1
3ED1
C017
4011
4062
C045
3FB1
BF26
BEA7
402E
C065
C07B
3D40
3ECC
3FBB
3FD0
4019
3E65
BEB3
BF2F
3F67
BBB8
C033
BF13
3F61
C08F
C022
4018
BD61
4007
BFC0
3F80
BF8D
C066
BDDF
3F7F
3E9B
BE49
3FE4
3D83
3FEC
C025
C058
BFD9
3EE0
C04B
3EAD
4015
C051
BE31
3F06
3E89
3F42
BFB8
3FEE
C05A
3FBC
3F69
4050
3FCC
3E95
4029
4015
C042
3FC8
3F2C
3F70
400A
401C
4068
4035
C07C
3E9F
BF20
3FC3
BFCE
3F9C
3FD3
3FAB
3EAD
4055
405D
4032
3F90
C00F
BF80
3F03
3FFE
401F
C01E
4007
BFD3
C00C
4026
BFC3
C05B
3F9B
C0AC
C052
3D3E
BF24
C033
407E
BFC1
3F62
4047
4038
C0C0
C020
BEB1
C036
BFC6
BE20
C014
3F6B
BE9F
3F1D
BFB1
3FB9
C09B
BEF7
BED1
3FBD
3EB9
BF29
BDC1
3F9A
3FEE
BF3A
C014
BED3
BE17
40E6
BC9B
3FB9
C0C9
4016
C0B3
3FB9
C08D
3F4D
3F05
3EB3
3C6E
3F46
407B
BF91
C099
3F1B
BFD0
40D6
3FCD
406F
BEDF
BF02
BCBC
3F32
C003
403E
3D69
BF96
BF59
C04C
3FD2
3FC7
408D
C09C
C081
3F82
40BC
3EFD
403E
C0C3
BF45
BFD8
3EB5
BDA6
4088
BEE2
C08C
C011
BFC7
4008
3FCA
4045
BF1C
BFC5
40A8
BF9D
C018
405D
BFBF
3EE0
3F2F
BFC2
3FFE
BFB5
3F4A
BEF2
BEF0
4079
3F94
C010
BF86
3FDC
3F7B
BFB3
BF1C
BFCF
3F98
BFB5
3F83
C04B
4082
3F6C
3F8C
BF3B
3F87
C003
C020
BE9C
403F
3FB1
BFB5
BEE3
BEB7
C062
403E
C015
40A8
BF9C
3F34
BF4D
BE03
4003
C001
BFDF
4019
3DA2
C038
3FD1
403B
BFC9
BE2A
4097
BFA2
BF83
BFAD
4016
C016
C00B
3EDE
3FBD
BF3A
BF0A
4029
BEA9
C08B
BF59
BFC8
BE56
BF8E
3D51
4058
C001
4050
BE42
BE29
BF65
40C0
3FB9
BF7F
3F6A
BD4B
4003
BEE0
BFDB
BFA2
40B4
BF19
C037
BEE6
BF9B
BF8D
3F8B
C0CB
BDB1
4077
3FC6
BF10
BFBD
BFA4
C036
3D2B
3DD5
BF93
BF3F
BFC8
BF75
3F83
40BD
3FCA
3FA8
BFAF
4067
3F72
C018
401E
3F46
BF92
3FCF
3FF4
4086
BFCD
C029
BFA7
C094
3F7C
C053
3E1F
4082
C03E
BFF4
BF17
3F0B
BF9C
BF2D
C015
BFC0
3FD9
401D
3FDA
3EC8
3F59
3D62
401E
C080
C022
4023
BF15
3B60
401C
BE1E
3FEF
BED3
3FBF
BF1A
4075
C052
C0B3
BFE2
3FC6
3EDC
3F66
BE8B
BE8D
3F9A
BF07
3EC7
BEAA
BF87
3F9F
C0A5
4000
4017
3F5C
4077
BFDB
3F6A
3F9A
BF58
BFD9
BF88
3FC0
BF9A
C03B
C021
BFE3
BFEA
3F33
C059
3EAF
3E9F
C00A
BEFA
3F0C
BF31
C00B
BFE7
3F07
4008
406E
4009
3EEA
BFA7
BF97
BDFC
BF9B
3FA4
BE85
3FAE
C085
408F
BFD6
402A
40A5
3E97
BF81
3FB0
3CEA
3EB5
C081
3FA4
3F82
3F18
C002
3FB9
C03D
C072
C09F
3F1B
BFD7
BFAD
BF82
C027
BF2F
3D30
C064
3F91
3E9E
3FC1
BE8B
4031
4003
4034
4075
3F21
BF0B
3ED0
3FF3
C005
3EA4
3EBC
3FB1
3BCC
C013
C020
C0C9
BFF0
3E86
BFF9
BF78
3F83
BEDC
4018
C009
3FE2
4014
4033
C031
3EC6
3ED6
BE45
BF81
3F52
BFDC
BF99
3FAE
3FD8
BE46
BF45
3F8E
BF3F
402E
4032
C027
4089
3FBC
3F92
C026
3F91
BF49
40DD
BFA2
BF40
C08C
3F7E
3E8B
3ECD
BF61
BED0
4085
4015
BC74
401E
BDD8
3FFA
3F82
BC59
4035
BEF7
C06C
BE76
BFBB
3FC0
C026
C0BA
BF31
BE7F
3E52
BF28
3FC7
3D83
4007
BF6D
BF34
3FD6
3E0C
3FE5
4086
3FE2
BF44
BF1A
4089
4091
C03C
BF9C
3F30
BFD7
3FE7
BF44
3F40
C098
4052
BFD4
BFB0
BF29
3F79
4019
BF73
3FF1
3EE7
3D80
3F7D
BF3D
3F09
BF06
BEDC
BFE1
C08E
BF31
C06F
3FCD
C050
3FC5
3F1A
4009
3FAC
3F19
C05F
3F32
3E98
4023
3D3B
C088
4053
3DC4
BED0
BE27
3F89
3F54
BF84
4048
BEFD
3FDF
BF5E
3FDD
BFEA
3F97
C055
3E76
3F60
BF08
C002
3F23
3F81
BFE9
C03A
BF10
BF8A
BF4F
3DB1
C00C
3F96
3FB3
3F46
BFB8
BE3D
3EC2
3FE2
BF30
BFA8
BFDA
C011
BF5B
BFB2
3FD2
3F67
C06D
BF4D
C067
4002
3DA2
3FBC
C007
3FC9
BF2A
BF84
3FB7
BFB4
BF16
C08D
4028
3F8D
40C5
4020
BF87
3F21
4087
4104
BF95
BFD0
40C8
3F91
BF5C
4000
BDD2
4021
3EF4
408A
3EBA
BF64
401E
C097
BF36
BE31
C013
4054
C031
3DE4
C019
40C0
3FB2
C067
4065
4033
3F01
BF84
BFD6
BF99
3E9B
4009
3F45
BF27
4050
4073
400C
C10E
3EBF
C05F
3E66
C06B
C016
3FCC
3F82
3FBA
3E9A
3EAE
BF90
3F9C
3F3A
BE95
3F90
4036
C00B
BFE9
4016
4015
3F19
3E81
3F89
404C
3FCD
400C
C100
C038
3F5C
BE5F
3F89
BFFB
BF19
C081
4080
3E95
4093
BEBA
3FF2
C034
C039
C06A
3E79
4010
403B
BE9D
BF9E
BF53
408F
3E68
3FA7
BE57
3FD9
3F8B
4098
C04B
3F59
C00E
BF98
BEB1
C017
3F79
BF10
BED2
BFC1
4021
4013
3FDF
BF91
3FA3
C048
3E02
BFAE
BF49
3E9D
C02E
3FFD
3E3E
BEDE
C050
4024
BF6F
406A
C0A8
4009
3FF7
BE91
BDA7
C02E
BF54
C042
3F89
BEC1
3EC5
3F9E
3EE7
BF6B
BF3C
C013
3FB1
3FE2
407B
BFB1
405C
C01A
BFF5
3F21
BF3D
C09A
4003
BF9A
C014
C010
BF7D
BF92
4035
3EC2
BE63
C080
C111
BF2D
BFAE
C019
3F70
3FFE
BFF9
C098
4001
4006
C03D
C053
3E2F
BF38
4039
BF5F
BF49
C07B
3F81
BF07
BE52
3FB4
BF59
BE84
400C
C009
BFEE
3E2B
3F72
3FC5
BFC8
3D3A
BF51
BFC9
BD99
BF40
3DB8
3FCA
BD84
C051
C011
C019
3F91
3F1A
4015
BF18
BF97
3F84
3F81
3F27
C003
BFF0
C0A0
BF79
403B
406A
BFFF
3F34
3FE0
C063
BFA1
BF16
3FA3
404C
4081
BEE2
C041
BF97
BFFB
3E2A
40B2
3EAA
C01B
C01B
3F6F
4063
C0B5
BF74
BEC6
BE5C
BFF9
BEEE
C032
3F16
BE45
C034
BE76
401A
BF4A
BF2F
3F54
4034
BED7
BF08
40A1
C03C
BE93
C057
BFA5
BE4C
C00A
3FA7
BF2B
3E44
402B
BE92
BF44
3FF6
BFE6
C089
3F8B
3FAA
3FBB
C040
4042
BF88
403B
BF7C
4014
3F60
3FB5
3F6E
3E59
BFAA
C00F
3FF1
3F3D
BF00
408D
BFFA
3FFE
C003
40C4
3CC4
BEFB
BF8A
3E3B
3FA8
BF97
C01E
BF07
3E76
BD99
3F9C
BF6E
BF37
4090
BF2A
C080
BFC9
3F3A
400E
C04F
C105
3F36
BF86
3FCE
BFA8
BF9B
BE43
C007
BF99
3FFE
BF94
3FF6
3E67
3F7B
BE86
4019
BFA2
402B
BFF9
3DD6
C01D
4021
3FB3
BE2F
3F82
3EDE
3FE1
BE87
3FE1
C04D
C019
404D
3F98
3FA3
4009
BF1C
403C
BFCF
BF1A
BF45
3EFE
408F
3B07
BFB4
4008
4006
BFB7
40E2
3EAB
4052
C027
C001
409D
BEA6
3F3F
3F6C
BEAE
C00B
C029
3F23
3EA5
BF5E
3D8C
402B
BFEB
4008
C0AF
BF85
3F42
C002
3E61
BF0E
C061
BE4C
BE4E
BF1D
C088
BF83
BDAC
BFC7
C037
4083
BC0B
409F
3F34
3FCF
405A
3F77
BF40
3EFB
C02F
C063
C029
C00D
4070
3F37
3F47
BE6B
BFC5
3EF9
3EE2
3F1C
BFB3
3F8A
BFC2
400C
BF43
C062
3E87
BF2D
C07D
BFBA
3FF6
4084
3F68
3FBA
C019
3FD2
3FBB
3FA1
BF2F
C00F
3EEE
BEA0
3F04
4001
BFCE
C0A7
3FDA
C025
C007
BFE6
4013
BF40
4037
4028
BFDA
3E7F
3F6F
C076
3FDC
3E39
BFA7
BF8E
C07D
4067
3FDE
BF2B
3F15
4073
3F09
3F0B
BFFE
3F27
BFC8
3E80
C033
3F82
C034
C079
BFEF
40BF
BFC1
C05C
4020
3FB7
3F9F
C02E
BFF8
3F12
C038
3F72
4033
BD0F
4026
3FC6
3F3C
C01E
3F5B
C0F6
4002
BF8C
C09C
3FFF
40ED
3F2F
4003
C048
3FA0
BEBB
BF83
BFE5
BED0
BD0F
BF71
3F9C
BF06
400A
BF54
3F8E
3FC6
BF0E
3FE1
C018
3FB7
3E11
C0F7
C049
BF8F
3D22
4074
3F3B
400B
BD27
C084
BF49
BE8A
40BB
C083
C018
BFB9
3FEC
BFCD
3EF9
4037
406D
3FF5
402D
4034
3F42
BF40
4038
3EB7
BF56
3FC8
3DE0
C03A
3EE7
3F86
BF80
C08C
C002
3D89
403A
BFF3
3FB0
C045
BE99
4038
3E66
40FD
40CA
3F80
3F67
4071
3E88
BEB5
3FCE
BFC6
3ECA
4035
C077
3ECD
C030
BCE8
BF58
BF69
4083
4034
C07A
BEE8
4084
BEBF
BFC1
BF8B
4004
BF5D
BFDE
408D
C0DC
BECD
3F4B
BF5C
3FB8
BF01
BD1D
BFF3
BF95
C008
BFD3
3EB8
BDB5
3F3F
3F2D
C0DA
BEFC
BFD7
C017
BE82
BEE3
3F41
3FDF
3FC8
3F8F
BE16
BFF2
BFA9
40DF
3F4D
3FE3
BF8B
BF8B
BDEF
BFD4
C044
BF0F
C059
BD27
BEC3
4048
BFBD
3E07
BF5F
BEB5
3F67
BFAC
C07B
C017
BFDA
BFBB
3D53
3F08
404F
4109
BFA4
3FCD
C059
3FE7
3F1B
BEC4
4018
BF8D
BF9D
BF15
3FA8
3D74
BF9C
3FA5
4046
BFE4
C03F
4013
3F21
3E93
C063
4054
C048
C054
C0AB
3F3D
40A5
3EEC
404F
408F
BF83
BFAF
4059
BE14
BEBC
C00E
BF45
BE35
4089
4021
BF18
3F82
3FBE
C114
405A
BEC8
BF57
3FB3
BF9C
C039
401B
3FE6
3F95
4015
4009
4011
BFBB
3FBF
404C
C00A
C091
3EFF
BE84
3E52
BF9F
BFDA
BD48
3E9B
BFAE
BE81
BED9
401E
C08A
BF0F
4096
3E97
C025
3F0C
C020
3FEF
C002
4004
BE43
3F61
C023
3F81
4045
3FF9
BF11
BDD4
401E
3F9C
3F77
3F3C
3FC2
BFFA
3F82
400A
C01A
4000
C078
4015
404E
3FC1
BFA1
3E0D
BF2F
40A1
BFEC
3F57
3FA6
3F99
3FB0
401C
3FB2
BF54
3EAD
BF7A
BFCB
BF5F
BF00
4039
C09C
BF0C
C00D
3C04
BF66
C05A
BE1A
C01E
BEA3
3F50
40CB
3F87
BFC3
3EC9
BFF5
BFCF
BE5D
3EB2
C03A
405F
C005
3FAC
C00A
BF2D
3FD1
3FB8
C034
400B
3F31
BE72
3F92
C03D
BEA2
BF59
BD89
3FA6
BFF5
BF66
BFEA
BFE1
BFB9
BDB1
4047
3F03
3FE4
BF07
BF3B
3FE1
BD12
4054
C09B
C0F0
C027
BECF
3FD7
3F66
C09F
BE86
400D
BE6B
C048
BF24
C003
3E81
BFDD
4028
3FCA
3FE9
C01E
BF15
3FD6
BEEB
C005
BF40
BFF6
C00D
4025
C08A
BFF3
C0B6
400F
3FA0
C00A
4050
4020
4045
40A4
BFB1
3ED8
3E56
405F
C00D
BD94
4042
3F4D
4013
BFA5
3FFA
4025
3EF9
3FDB
BFD7
3D02
3FA9
BF7B
408D
3F36
C02C
3EDD
C088
3DAB
3F0F
BEF2
402A
3FB1
3FCE
BF86
C087
C0A8
BE8B
C0C7
4089
C020
BF6F
3F41
3F62
3EF7
BF70
3F9D
4006
BE16
BE6F
BEEF
BFB4
3FF1
4003
BFD4
3F38
C035
BE15
3F9C
3F22
BC5E
4013
C108
C082
BF50
4086
BF40
C052
BE2C
BFCE
3F29
BF78
BFB2
BED3
BE87
4007
400C
3F2B
3E90
3C0A
C05F
BF82
BF48
3FD3
3EB5
3F4E
3FA9
401D
C066
BF8C
3FC3
3DB9
BE8D
4029
BFC7
C01D
3FE4
3FDB
3F1C
BDE5
BF95
BFF1
3FC7
3E8A
C008
BF17
3DF9
C0C5
4007
4013
3FAD
C011
3F8B
4081
4008
3F42
BEBD
BFC1
BDD4
BEC8
C084
BFF8
3F3D
3DBA
3FD2
C017
C02F
3F08
3F96
3D3B
3FAB
BF15
3F49
BF9B
3FAC
C066
3F04
4028
3F94
BF68
4025
3F67
3EE6
4041
40CC
BF96
BE4B
C00F
BF68
BF09
3F22
BFF1
40A0
BFF0
BB9A
C02F
4070
3FD3
402B
BFCF
3EE1
BF94
BE90
3F9E
4065
C0A4
401E
3F8F
BFD1
4043
BFEB
3FAB
BF2F
3FFA
3FB4
C07A
BFF0
BF4B
3EC2
3FAA
3D00
3DFC
3FB9
4028
BD96
BF30
BF4D
3F5B
BFC8
C026
BF83
3E8F
3F4E
4080
3FD0
40F2
C061
C02F
40BB
3E80
3FAB
3EBD
3FD5
C01E
C09C
BF9D
BE31
3FD5
3FF7
3FF0
3E4E
BF2E
3F5F
403A
C02B
40A0
3EC2
BFF8
3FD4
C087
BFF1
3F21
400B
BF22
BF19
C00E
BFB0
40C4
BF55
3E4F
BF01
3F14
C066
3F46
C023
4009
3E96
BFC5
C077
C04B
BF72
C055
3F9B
BEA3
3FA1
40A1
BFD3
4019
4030
3EEC
3FD2
BFDA
3FC8
4023
C0A3
BD0A
3E5E
40B0
4003
C08F
C031
3F24
4031
4042
BFB0
3DFD
C041
3ED2
BEC0
3F9F
BFC8
C0A2
3F7E
3FD9
BE57
C01E
C010
3F68
C00A
C027
40D9
BF10
4043
BF73
BDF8
3E79
3E8D
BED7
C084
BFFB
3F21
4036
407B
BFE5
3F45
3F16
BF4C
BDE2
4068
4032
BFE5
4014
C03D
BFC1
3FE9
404A
3FDA
BE70
3F57
3FF1
C00D
3C2F
BCFB
3F2B
BF85
3FA3
BFFA
3D23
3EF8
BF72
BEC3
3E46
BFC2
C013
3FB9
C011
C01F
BF93
3FD1
40A2
3FCC
BEBB
BF55
C067
C013
BFC0
408C
C006
3EDA
40C3
C032
BD92
BF1F
3E5D
BE4A
401A
BE21
BE78
4012
3FA2
407B
BFDE
BF99
3EEF
3F43
C010
BF81
3F00
C030
3F5B
3E85
BFA3
40C6
BFEA
C06C
3FA1
3E98
404C
BFB0
3FF6
3FB0
409E
3FA9
C042
C058
C010
BEE6
3DCC
4019
3FB5
3F94
BFF6
3F9B
3ECD
3F0D
C003
C080
3F0E
3FE3
BFF5
3EC5
3FF2
BFC3
C08B
C010
BE96
3F0C
C042
C01A
3F93
BF6B
3FB9
3F49
C08E
4094
BF87
BF63
C05C
BF83
C0A0
3DFE
C037
BF09
BF84
BCF6
BFA2
BE35
BFD5
C032
4038
C092
BF84
4025
C01E
C0A2
C054
3F89
BF29
3E9E
3F13
BFD5
3F91
C04C
BC9F
C011
3E1E
BE8E
C09B
3F18
3FA3
BD20
3E44
4024
BF5F
4005
BF83
3F59
BD74
4068
C02A
C056
C005
BFCC
4030
3FF5
BF27
401C
3F14
3FBA
BFAB
40C3
BDC3
C013
BF79
3F84
C03C
3FD4
BFE0
3F37
BFA6
C0A2
BE84
3F2E
C008
3F76
BFE5
BE18
BFB0
BF0E
BF93
BF2D
BF4E
C085
3F06
C00D
C003
405D
3D0F
C031
3FD0
C015
BEA5
3F86
3FCA
C002
C036
BEBA
3F02
3FA8
BF65
3FE8
BFCC
BEF6
BFF6
403E
BFA9
3DDE
3FCA
3FB9
3FC1
3F07
BF7B
BE87
400F
4001
BF87
4012
3FBB
C03C
4022
3FD9
BD23
3F9C
BF8F
BF93
BF28
3F99
3F84
3F4D
4005
C012
3FCB
4008
BF82
408B
BF8E
3F99
BFDC
3F88
BF42
3FE4
401A
BFE2
3F76
4014
BF6B
3EF3
3F6E
C004
3F90
4018
3FE5
BF9A
3C94
BFCD
BF96
BE0C
3FD4
C081
3F22
4050
3E28
3FBF
BFCD
4082
BF2F
3F74
BF01
BFD9
C01E
BFAB
BF73
BF9A
BF2E
3F1A
BFFA
C018
BF29
BE2B
C06F
BFAD
BFE2
3F60
C087
4068
3F18
BF7A
3FFB
BFB0
BFE4
4088
C0CA
BFF6
3DF6
BE59
3FD9
C00F
BF34
3BF1
3D1E
3F44
406A
3E84
3EBA
BF9B
3F06
4030
C08B
BFAB
3EA0
3FAF
C01F
BF7E
BFA6
C00C
3F4A
3ECB
BEFE
3F74
BE7F
4070
3F00
40CE
406C
3ECA
BDA0
3F1C
4046
4018
BFCB
403A
4026
BD9C
3FE8
BDB6
BE34
BEED
BF9B
4037
3F39
BFB0
3ED1
40BA
3FA2
3F14
C037
C013
3F51
C066
BEEC
BEDE
4052
BF8C
3D9B
BFA2
3FA7
BF94
4059
BFB0
BFDB
BFF3
BC2E
BF9C
400F
3F08
BF00
3F4A
BE84
4080
4029
C00E
3FAD
C098
4008
BFA3
BF17
4020
3FDE
BFA2
3F0E
3FA8
4000
3FA1
4014
C01D
C04C
3E8D
4121
3FFA
3ED9
C04C
3FE8
401F
BF02
3FC3
3EF3
BE97
3FB3
BEEE
3EBD
BF48
3F67
3F7B
BE2F
3FB3
409D
BF96
C082
C01A
C023
C00C
C068
C088
BECB
BF19
BFAE
3FA5
402C
4013
4023
3F87
BF28
3F12
BEA3
3F3B
C08E
BFC3
4001
BE9B
C006
BFFA
BF26
C068
40F9
BFCA
401D
BFBB
C060
BF93
3F81
BFAC
3FBA
BF99
BE94
402C
BF24
3EE7
409E
3EE5
BF77
4032
4059
BDDC
BFEE
3FC3
3F0A
4014
BFEC
BF0E
4097
4064
BDE9
40A9
BF4E
C09B
3FF2
BE60
BE55
3F29
3FE4
C090
40C5
401B
BFC4
40AD
BF2E
BEEA
3F86
4010
3E55
3F1E
40AC
3FF9
C091
3ED3
BE73
BF26
3FFF
C01F
BEC3
BF8A
3FD0
4023
3EEE
401D
3E2C
3FD3
C035
BFA1
402E
3FED
C028
3EB1
BD41
BFD5
3FC4
404C
BFD3
BFB6
C06F
BEC7
3E8E
BFAD
3F64
3D42
4046
C068
BFDF
BF26
4043
3FB2
3FD5
BF1D
3F05
4088
3F4F
C109
4008
3F7F
BF94
BF04
BF92
BFFF
3F9D
BFF4
40A6
BFB5
BF73
BF5D
BF6A
BF56
4026
BEC8
3FEC
BF6C
C062
3F88
3EC3
3F9C
C030
4033
3F94
C0D8
BCB3
BFDF
BF9B
404B
BF09
3FE9
BEAC
BFB7
BEA6
BFF9
BEA0
3F40
BE13
BFB2
BFF8
3E44
3FE4
BFBB
3FDE
BEC0
3FEB
4026
BFCF
3CE1
BD90
BF01
3FCD
3F92
3E98
3DAC
C02F
BFA8
C012
3D99
3F9D
3F7A
BE93
C037
3F3B
BF83
BDD9
3F2E
C057
C008
3DEB
40C6
40C8
3F74
4019
4008
BFD3
3D6B
4083
C071
3F93
4012
4011
C03F
C08C
BF79
BDF0
4089
3F69
3F12
BFF9
C00B
BED8
3F93
401A
3FB3
4040
3EAE
C038
BF8B
3F95
3F0D
C03A
3F70
BE41
4000
3ED7
BEB2
3FC3
BFBA
C02B
C093
401E
BFE6
3F9F
C073
BFAB
3F22
C08B
3FE5
BFA8
4101
BFB5
BE7A
C065
3F3F
BF77
BF30
3F21
BFA7
C04D
3FEE
4021
BFDA
C082
C004
3FBB
3F91
3FB9
BFF4
3FF2
BE73
BD19
BE96
3F18
3EBC
4026
BF38
3F7A
BED4
3E94
C08E
BFAD
3F40
3F82
3E95
3F90
C027
3F06
BFC9
BE9F
3FE0
BF9A
BFD6
3F9E
BF6B
C087
C042
4043
C010
BFD9
C100
BF0E
3F83
BFAA
BFA8
BE7A
4085
BFC0
404C
BF06
3F0D
BF3B
3F22
BC05
BFE0
BF3C
3F9A
3BC6
BFEA
BD3C
3E30
3F68
BF82
BF72
3E7A
3F69
3E1E
BF7A
3EE9
C054
BFA0
3F38
BF5B
3F0A
BEDF
C02D
BDCB
BFCC
BF55
BFEB
3FEF
3FDD
3F4D
C001
3FD3
3FC3
BFDB
403E
BF38
3F1F
3C08
BFB5
C0BD
BEA6
3FDB
3F9F
BFE5
BF58
3EB1
C00E
3F89
BF97
BDEF
3FFC
C035
3F19
C093
C036
BF5F
3F05
BE69
BF2F
BF5E
C063
BFFE
BF4A
BF70
3ECF
3E18
4044
C006
4003
3F18
BF99
BFFD
BF88
3FDB
BC88
C051
BED2
3FEF
3F5D
3F93
C090
C0A6
4005
BFD6
BF76
BFC2
C002
BFAD
BF00
3FBF
BF77
BFB1
4002
3ED1
C053
3F2E
C063
C00D
3F47
3FE7
4063
C04F
4048
BEBB
3F6D
3FC2
400A
BFDD
BFFB
3F7F
3E5C
BF69
BC9E
BD91
C07F
C081
BC83
BD0A
4071
BFB9
3F87
BF1C
40A2
BF1A
3FA2
3FBD
BF6B
BEBE
4053
C06E
BFA8
BF98
3E3D
C00A
3FA3
BF01
40BF
BF9A
BFB8
3F31
3FB1
BEE3
3EB6
BFDC
4005
4084
BFAA
C00C
C067
3F98
C018
3FC3
3F3E
3FA6
C098
C05A
BDB5
C00D
401A
3F64
3F5A
3F8F
BF9A
400E
BF1D
BFE6
BFE1
BFF3
BF90
C028
3FAF
4041
C03D
4025
C020
3F6F
BF08
3FDA
3F71
BF16
BFC7
3FAB
3F7F
BFC7
C063
C001
406E
C050
BEA7
3F48
BF07
C08A
BF3D
3FFC
3F16
4015
3EF0
3EF2
3F4C
3FAC
BFBF
3F3F
3FB9
3F43
408A
C002
C046
403C
BFCD
C079
3EAC
3E10
BF49
3FAE
BF31
BFD1
3EB9
3E4B
402E
3F41
3FE9
3FA2
3F83
3FCA
BEB1
BEE1
BFC4
C00A
BDE2
BFD1
4093
BD26
3FD5
BF66
BEFD
3F52
BFED
408D
3F60
405A
4041
3FEB
BF04
BF59
3F46
BFEF
BFD3
4058
40F1
3F34
3F5C
BE59
3E58
C085
3FB1
BFD1
C0BB
3FFF
BEF7
4013
BEC9
3E45
C013
3FA1
3FBA
BF58
C0D0
3E81
C018
BF8D
3FC0
BD30
402C
3E9A
BCEA
BFB5
C026
BFB9
3F5C
3E90
4068
BFC4
C019
BF5E
BF3A
3F65
3E92
C045
BF08
BD31
BF07
400C
3DB9
3EC4
BFD1
4017
3F36
BD87
3F3D
BEFA
3EC0
400A
3EB0
BFB7
3F56
3FD9
403A
C001
BF77
3F22
400B
3FC9
C04A
3FEC
C01D
C01E
3F4A
BFE6
3D38
4052
C0C0
3FE8
3FCD
BFFD
4013
3F64
401E
BF6D
C06A
3E8F
40AE
4028
BFC8
BEEA
403A
3FF4
3E16
3F85
4009
BEA6
407F
BFB5
BFD6
BECF
C05E
3F57
3E99
3F8D
3C2B
BFBE
40DB
BF9E
3D1D
3EFC
C095
BFBA
3F37
C04B
3FFB
BF5E
4010
3E1A
3FE2
BF4A
C02F
C098
3FC4
BF76
3FC9
BF8D
3FDE
3F2A
BF7D
BFBB
402D
3FDF
BE41
C01D
3E3C
BF50
3F79
C00F
3F9A
C002
3EEA
3F53
3EF7
408D
C04E
BFA2
3FC1
3E73
3CA0
3EAA
BF8B
BFD3
3FC4
3FAA
BF63
BE16
400B
BFF6
BDBE
C013
BFEA
BECB
BE9C
4086
3F92
3FEA
BF27
40A0
4019
3FA6
3EA9
BF8F
C00A
4037
3FC4
BFA8
3FF7
3FF4
3F39
BE82
3F63
BC29
C03A
BE91
BF23
BFDC
3FCB
3FE0
3A7C
3EBE
BF7D
3F46
C080
3FDC
BFA3
C02D
BEA0
3FED
4031
C0B9
BF48
C010
BF73
BF8B
C088
BFF1
BF9C
3FDF
BFAB
3FDA
BE28
C0C3
3FED
3C32
BF35
4018
C097
BF32
C04C
BF30
401B
BF1D
C03E
3F52
4020
C000
3FAE
BF90
BE7C
BD12
BDAE
BF18
BFAC
BFDF
BED6
404E
3F96
408C
BFB8
BF95
3E0F
C04E
3F61
4041
BF44
C013
407F
BFDE
3FB3
C097
C0DE
3FBE
BFDF
3FB7
3EE4
3FAD
3EF4
C026
BC58
C002
BFA0
C02F
3F67
C006
3FB8
3F18
4033
C04F
BF45
3F16
BAAA
BFA7
BFEF
BFB7
BE07
3DA4
C011
BE8C
C03C
BE4B
C0C1
BF69
4008
4028
3FC3
402F
C020
3FBF
BF4F
3EDF
C048
C00E
BF14
3FBE
3F90
3F5A
BF88
3D28
BDE7
3F37
3BD2
3F41
3F3A
3EC8
40A3
BFCB
BF9D
4012
3FC2
3E5D
BDB8
BF0A
3FFD
3EE2
BDDC
BFDF
C051
C0AC
BFA4
3FBF
405F
4011
C004
3FB9
BFF2
BE35
BEE5
3FA5
3F9A
3F3C
4095
BFC1
BEEC
3FF2
4020
3F36
BFD2
3FDF
BFF4
BF34
BE82
C00F
C00F
C0BC
C04B
BFC3
C03B
3F74
401A
C054
BFF1
3EBD
C051
C07B
3F1D
BFC9
3E6C
BF7B
C066
BE02
3ED6
4097
400A
3FEC
3F37
C018
3EA7
3F7C
4017
BF51
BDA2
C04D
4099
400A
400F
401B
C06E
3F47
BF27
BFAB
BFE4
BFF0
BF7F
40A6
3E8C
4014
BFE9
BFA6
BFCB
C074
4001
BF44
BFA5
3F4D
3FC2
3EAD
3F93
BE41
BF4D
3F49
3CD3
4085
C013
3EAD
BD7C
3ED2
3FAA
4057
BF1B
40A4
C01E
3FFF
BF90
4027
3EE1
3F72
3F0E
BFFA
3FE5
403C
3F22
C024
BEF9
3E5C
BFFB
C0F9
3FA2
BD3D
BF9E
4053
C01F
BFE4
400C
4027
C03F
BF60
C042
4008
BFB1
3F70
BFE5
C04C
BF85
3ED4
3FB3
40A5
BFA4
4118
C0A2
3EBA
3F99
BEF8
3F24
401E
3DB1
3EC4
3F8B
C057
3F2B
BEEF
BD7D
403E
3F15
BFD8
C002
BE99
4023
BEBE
BFCD
BF34
C071
BC0A
3F8C
BF99
C062
C0E3
BEBD
C095
BF76
BF85
3EBE
3F2C
3F0F
3F43
4006
3F03
C08F
3FBE
4052
402B
402D
BE7B
3F0B
C038
3F8F
3E50
BFBD
C069
C009
BF0A
C010
BFCB
4027
3E42
C081
4093
4001
402B
4056
3F53
3F88
409A
3F6B
4109
BE49
4044
3F9A
3ED7
3F0C
3FC8
BFC1
4043
3EFD
409D
BF69
BF36
408C
3FCE
C008
4026
405B
3FD4
BE0D
3EC2
BD98
BE24
3F3B
BF49
4094
BF12
BFE9
3EAB
3F74
BFB3
3E15
BF00
BE5E
3F60
BE54
BFCE
3FD2
C016
3E9B
3F01
4029
3FB0
BFEE
3F10
BF18
BFC4
4087
C007
3EA2
40CE
3FDD
BF90
403F
3F7B
BFD8
BFA2
BFA7
3F73
C021
3F94
BF89
C088
3E4E
40C8
BFDF
BE1B
4094
BF5C
BF84
3FBB
BF94
3F3E
3FB0
40E7
4063
3FC8
4014
3F0B
3FEB
402F
BF83
BFC7
3FF8
C022
3F99
C002
BF03
BFB0
4106
BF89
4065
BEF2
C0B1
C00E
4069
4018
BFA1
BF86
BE30
4034
4061
BFC2
4018
3FF2
BFD8
3F43
BF13
C098
3F11
3FF1
C0CC
C0E3
3FF6
3F9C
3F84
C061
409B
C019
C024
BEB0
C036
C018
BFD2
3FAF
405E
404B
3F8E
BFD7
3F7D
BE81
4004
C06A
BE9B
BE91
405D
C038
3DCF
4014
4076
BEA0
3E6D
C037
C058
3E85
C02D
BF3E
BF8E
4040
3E1F
3EA3
BF2E
BFD5
BFA6
3F1A
3D5C
3F95
C039
402A
BF07
BFB5
C0B1
C07E
3FEE
C00D
BFE0
3DC9
4039
C041
405E
3FE0
C099
40A0
C074
BEB0
BFA9
BF69
4050
3DD5
C08E
C030
3F69
BD29
3D75
4033
3F5B
BF4E
40B3
C0AE
3FB4
403B
3F01
BF5C
3E25
3FEE
400F
C014
4048
BF5E
4097
BBC9
C092
BF04
BEE5
3F13
3EB2
3FB3
3FFC
BF38
BF69
BF4B
3E48
3F03
C06A
3E22
405E
3FB4
BFB5
4086
3E30
BE50
BFED
C039
C004
3FA4
3F27
3EBA
402C
4083
C01C
C037
BFB9
402D
BE74
3FD7
402D
BF79
3CAB
BF67
406E
3F8C
BFF3
BE86
C115
C099
BDE6
BE3A
BE97
3F46
BD87
BFD7
BFA9
BE85
3F29
3F5A
3F23
BFC9
BF78
3FC9
3F47
BFCE
401A
3F09
C016
3FDE
400C
BFE6
3ED4
3F97
3DEE
3FC4
BFD0
3D8F
BFA1
C05A
BE3F
C062
3F8F
3E33
BF82
408C
C062
BFC1
4027
3F52
3F90
BFF0
BF3F
3F4E
BF6C
3FD6
BF8F
BFC7
BF38
3E6D
4002
3F04
3FA9
3ECD
3E23
3FAA
C065
4037
3F27
C05C
BFB0
4004
BF8F
403E
BF8F
BEC6
BEE2
3E07
BF8D
BEDE
BF28
3FAC
4024
3FDA
3F79
BE86
3F94
3EB5
BFAB
BFFA
BF9F
C05C
4008
405B
3FB9
3FB7
C001
C038
C01E
3F1B
C021
BBBE
C01D
400F
BFDA
C03B
3E97
402A
3FE1
C055
BEC6
3FF2
BF65
3ECF
4076
400E
C04E
BF37
BE87
BD43
3E11
BFFC
3F66
400B
3EE1
C004
3F13
3FE5
BF7D
3F57
BE59
3E8B
C00C
3F89
4100
BF2B
3D6A
3FE0
BF8D
3F8F
C00A
BE0C
4002
4023
3F3C
3DE3
C02D
C010
3D8E
3F5B
4035
3E51
3EBA
3FE0
3F02
BF15
C0B8
BED9
C044
BFFB
3F44
BF37
BFAC
401C
BFD3
3FA2
3F64
BE9D
BF9A
BFF4
3FAE
3F4C
3F99
BFD3
BFB4
407A
BF84
C04B
BF8D
BEB9
40AA
3FF5
BE07
BF7B
BED8
BFF7
BC9A
BFB9
3FE1
3F94
BF92
C02B
C0CB
3FFF
BEC7
4015
C060
3FEE
3F35
BE8D
3F98
BEAE
C01E
BF77
401B
BD82
3F44
BFD3
4050
3FD9
BE8C
BE54
BD49
3E6A
3E8E
BEB3
4035
C053
C065
3F63
4012
3F23
3F8B
C0EB
3FDF
40D7
4005
3E21
3FF8
3FB4
BFCA
3F5B
C082
3F7B
BEAE
BF8E
BEE3
BF2B
3C9B
3FD1
BF17
BE83
BF11
C02B
C07B
40A7
BF9D
3F23
3FFD
3E92
BF12
3F9A
3F7E
4081
3FD3
4011
C027
3FEC
BFA2
BF9F
C06A
3F6F
3D39
BFCD
3F9D
4003
3F1F
BF6E
4012
C031
4092
C061
3FD3
3FB2
3FF7
BFB8
BDC7
BFCF
4067
3F5C
3F1B
3F82
BFA8
3F0E
3EC1
C01E
C09B
409E
3E5B
3FA0
BD86
BEA3
4002
40BE
3EE5
3F3A
BE93
3FFC
4020
BFBA
C03B
BF55
403E
BF0C
3F10
BEA6
BFA8
4034
3F58
4008
4045
404C
C06A
3EF4
4093
BFE4
C0B7
BF46
BED2
BF41
C00D
BEC9
BD0C
3F8E
4003
BFD9
BFD9
3FDD
3FC9
4046
BFC3
BF1B
3E81
4005
3F4A
3EDC
BF0B
C065
C0A1
3E20
C023
BDAD
3E2D
C082
3EC6
BF26
BFC5
C032
BD84
C026
BF93
3F91
3F67
3F9F
C015
3E18
BECD
3FEA
3FA0
C0A0
BFC7
C008
BFEF
C00A
BF64
BD45
3F80
3F8F
3FF8
BF3D
BE8C
BF4A
BF4E
3E4E
BE6B
3F8B
BF11
3DF0
4026
BE2A
3F1E
BFCE
3F1C
BF6B
BF75
3F68
BEA9
BE58
4046
C04D
C0BF
3DEB
BF60
BF91
C013
BDB2
40DC
3F7E
BF84
4048
BF7E
3FF3
3FF3
BFC5
3DD8
3DFF
4082
BF12
C000
3ED3
4001
BFD5
3FAC
404B
3F8F
3FCA
3F2C
BFB9
BEB2
BFD8
405F
BE75
3E30
BF2F
BED1
BEB6
3F56
3E84
C09F
C06A
BFD6
40AC
3FE9
3FFC
BDBE
3EC9
3F00
C05F
C03A
C07E
3EAE
3EA5
409B
3C88
3DE7
BFA3
BFE5
40A1
400F
BFA6
BFB6
C016
3F87
4060
C009
C068
3FED
3FFD
BDD4
3DB1
C01C
3F5F
3D73
C095
BFD2
3FAB
BE39
3DEC
3F65
3F7F
40B9
C067
BEE8
C043
BF84
BF27
C005
BF86
C03A
BF30
4029
40A1
C098
BE22
BFE6
3F77
403A
BFF9
BCFA
3EE2
BF8A
409C
4021
C000
3FCE
BFA3
408D
3FC4
BEA0
3FD4
400B
BD40
C003
C02C
3FC8
BD10
BFB0
BE93
4065
C018
3F92
BE98
BFE0
3E6A
3FF2
BF03
3E40
BF67
3FAF
404D
BF07
3FFC
C01D
BF28
3D69
BF6C
C044
BFCB
407B
3EF2
3E79
4064
3E91
BE71
4003
4092
BEA7
4003
BF87
400B
402B
3F16
4085
3F46
BDA7
BF77
C014
4051
BF15
3F68
BEA2
BE39
3FD8
C004
BDD5
BEB3
3E52
BD5F
404B
3F76
C08B
BDF6
3EAA
400A
3FE0
C015
40AB
C0AB
3F2A
BF01
3CF6
3EDB
C078
3F64
3D38
3FBA
3EC8
BF3C
3F13
C0A0
3CD5
C040
C028
4075
BF33
C012
3FCD
BF91
BFDC
BF94
405D
4016
401E
BE82
C001
3FA9
4041
4008
BF04
3F39
BF49
4028
3F3B
BFE9
3EA5
C02F
BFA8
C01C
3FAA
3E93
BFF9
BF88
3F8B
BF28
4007
C029
C07E
4056
3E65
C0A5
BEF9
C022
C099
3EE0
C008
BEBF
4021
4019
3F52
BFE1
C00C
BFC0
BF3D
BF06
3FE7
3F9A
C03E
3F69
BE86
BF5E
C002
BF89
3FAC
3FAB
3FE9
3FF0
4012
BE1C
3FB2
3F6C
3FB4
C003
BFAF
405C
C044
3D5A
3EFC
405E
BFA0
C091
BFA2
C00D
3FE3
3F32
3F05
C031
C00E
BFE3
4029
3FFE
BFF4
BFA1
BF8C
3DA9
3EB3
4012
3F96
C035
BFA2
C07F
40B8
C04B
BFE9
BDDE
3FF6
BE2C
BDE3
BFF9
3D09
3F3F
3EE9
BFCC
C002
BF2A
BFAA
40AE
3EC6
4063
BFED
3FB3
3E31
C032
BF84
3F97
BEC0
3F8A
3F1A
3FC4
3EEC
C05B
40ED
BFF0
4003
BF4C
403A
3FCC
406E
4083
BFCC
3F27
3EBB
BFA6
C00B
404B
BE2A
BF5C
BF9E
BE73
40A5
BF89
BF01
BDA5
405B
3F8F
BF69
BF7F
BF30
40BF
C001
BFE6
3F93
C014
3F8D
3F34
3F3C
BF5E
3FAA
3FDF
BF9F
BF32
C016
3F8D
C0A9
C049
BD7B
3F68
401A
3F53
3F3B
C02D
BEB6
3E77
3F68
BE5E
4005
BF83
3F0D
4006
4020
BF72
BF8D
BF90
400C
BF23
4029
3FE0
3EC4
BF8A
3F14
3F86
4009
4065
BFE3
BDD4
406B
3FC4
BF83
BCDD
3F8D
C02A
C041
BEFD
BFD4
3F60
C0AF
3F72
BFA1
3DA0
BFBB
C085
BFE1
3FA0
404C
3F80
BD42
4031
3F9A
BFCC
BFEB
3EB1
C09F
C02B
BEB3
BEE0
3F0F
3FE8
3F69
3FBD
C010
3F21
C0A5
C03F
BF50
BF86
3F8D
3F1F
401C
C012
C055
40C2
3DA9
BFC1
3E53
3FBB
3F1B
4085
BFB7
BFA7
C004
3FEA
3EF2
BFAF
3FAD
BF44
C038
C023
3F88
BF78
3E00
3F9A
3E59
BF2B
BFDE
3F4C
BF92
400C
C040
3FE5
BFBB
4092
BF6C
BDAA
BCFC
403C
40CF
3FF9
4075
C074
4002
4080
BF94
C018
C061
3F8B
3F93
4084
BE97
400E
3EC9
4009
3FDC
3FDC
3F4B
BEB7
4044
BF93
3FB1
40FC
BFAE
4002
3EF5
BE31
BF49
409F
4042
BDF0
3E00
4047
3D0C
BEF6
BF85
3E84
3F86
3E1C
3FF3
3F27
4001
BFD0
3FFA
3EC3
3FED
BF4A
BFDF
C075
3F6C
3FB3
C012
3E07
3FFB
3CFA
BDDC
C051
3F2A
40BA
C036
BF24
3D97
C045
C032
BFAD
402E
4058
402E
BFB6
BEE3
3D16
3E98
403C
BF13
C083
402D
BFA1
400C
BFEC
BE99
BFC7
4068
BE04
BFC7
4006
3FA5
4070
3FAB
3E9D
BF45
40A8
3EA5
3F77
BF62
BE8B
C093
BF3E
3CDB
3F3D
4022
C03D
3FF2
3E91
BD2A
BFBA
3E7A
3E75
3EBC
C00A
3E12
40BD
4054
BEC2
BEED
401F
3FBF
4074
3E84
BF22
3F9A
C07D
3F58
BFB5
BFA4
3E9E
BFBE
BF81
C076
C015
40C5
4031
BEBA
400C
405F
3F90
C067
BF16
3EB4
BE03
C024
BFA1
C062
BF0D
BF66
4025
BF9C
3FF3
3FEC
BBE4
C006
BFC1
BEC9
3CBD
BE4C
C024
BF0A
BFA3
BED2
BFDF
3F08
C089
BDA0
3F37
3EB7
40A5
3F83
BFB4
BB7E
BFED
BF77
3EA0
3FA5
BFE9
C0E3
C036
3EC9
BFF9
3F72
3FA5
3F92
3FAD
BC01
C03F
BF6B
C090
BFB6
BF9A
BF08
3FAB
407F
BFAC
BE08
3EE3
3FB7
BE23
BF96
4026
3F4D
C052
3F4C
BF8F
4064
BFC1
40A4
BEAD
403E
401F
3CAC
4031
C09C
C055
BFA0
404C
C07C
3FD8
C00C
BEF2
BF75
C057
BF96
4014
3F9C
BE71
3F25
BE1E
3FD1
3FD3
3FF5
BFC3
C03A
4076
3FC7
3F12
BF06
BDF0
401D
3F2C
C030
3E9B
BFE2
3FAF
4025
401E
BF59
C064
BFF9
3FFC
BE2C
3EBD
BEE0
3F4D
3F84
3FDE
3F6E
BE84
3F19
3FD0
3EB4
C038
3DED
BEDE
BFF4
3EB3
C00C
BFCB
BF8B
414F
BFEA
3F3D
4009
4029
3F8B
3F03
BF9A
3FC0
BDDB
BEAD
BEAA
C090
40A0
BD8E
3FD8
BF12
3F54
C0B3
BE95
3FCF
C0A9
3DA7
BE8F
3D17
3E8F
BF60
BFBC
C0CE
3FBE
403E
3FBC
3FC6
3FC5
4025
3E99
BE97
4046
BDE3
C0BD
4022
3E4E
BFF4
BFF6
C009
3F15
3E03
3E81
BE98
BFD2
BF17
3E68
BF57
3F2E
C037
C038
3FE9
3EBD
3F58
BFFB
3F88
BD8E
3F58
3FDE
C047
BEEA
3F56
BFF4
3FE9
3F0A
4045
BF8A
3F11
3FB8
C04B
3EC6
3FD9
C00A
4074
BFAD
401F
3F66
4118
BF9D
3FE9
C018
BFD0
BFFB
BFD0
BE9B
BE82
C067
3F04
3E5B
C036
BF2A
C034
C02B
BEEA
BF2C
3F29
BF09
40A6
C0AD
3FC4
3F93
C018
BF78
BF62
BFA8
BE4A
3F02
BEEB
BFC4
4009
C00D
4018
BFAA
BFAF
BC9D
BDF7
C025
3FFA
3F5B
C05C
C00B
BF23
C02F
3FBA
BFA1
3FE0
409F
4083
C016
3FA8
C053
BF4D
3E16
BE73
BD71
3DD4
404F
C09B
3F9F
3F0B
C110
3F91
3FB2
3F4D
C040
3F28
C05B
3FBD
3F8A
C021
BF4F
3EFD
405B
BF6D
3FF7
3F90
BF3C
3FDB
400E
BE0B
3FD1
BE6E
3F99
402C
BF7A
3FEB
3E28
3F6D
BFE4
4092
BF58
BFF5
404D
4060
3D43
BFE0
BFC7
BF97
4033
BFA3
3FC0
403E
3F98
3E85
BF33
BFF0
3FBA
BFF5
3F91
BF9F
C017
4034
4029
BFBC
BEFF
3F9E
4029
BDEB
BF3F
3ECF
C066
BFBD
BFE9
BEEE
C017
4005
3F45
BEF4
BF04
4055
BF1E
BFEE
C005
3D03
BF9F
C013
BE91
BEFD
3F7D
4027
3FFD
BFD3
3EC3
4037
4058
4093
BEAA
BEAA
BFB4
40D1
BFD7
406D
3F85
BE81
3F90
BFB6
408B
3EEA
BF4F
3EF8
BEFE
404D
BE89
BEE4
401E
402C
407F
BFC2
403F
BF8B
BB80
3FD3
3EF1
402C
C067
C060
BF45
BE83
3ED2
4088
3FDA
3D8C
4113
BF64
BE1C
C008
C060
C028
401A
402E
C0A2
BE39
408F
BFCB
BFB1
4028
3F35
C0E0
BE9C
BF67
3FD9
BFC0
4053
3FC5
BED8
3F1F
403D
BF03
BFCF
BF15
3F87
BF6C
BEE9
BEB0
3FAF
C056
C031
C095
3FDB
3F25
BE7D
BE72
3F9E
3F99
3FCA
3F63
3F94
BF97
B9B8
3F06
BFC9
4066
3D9A
4078
3F19
3E8D
BFC1
3F71
C009
BF8B
BF85
3E24
BFE4
3E3F
4015
3E9E
403A
BF99
C079
3FC8
3DAC
C028
3FCE
BFEA
BF2B
C000
40C5
402B
C007
3F35
C05D
BF42
C06F
3F67
402E
BFFF
3F37
BF91
4023
BFD1
BF6C
3F88
4079
C0E1
3FF2
4000
BF43
BDB5
3FFF
BF7A
BF8C
C04D
BD4D
BF03
402F
BF8E
4088
3F64
BF01
BF63
BF46
BFC7
3F80
3F19
BF98
BE3C
BF88
3FC1
C04C
4029
3FCC
C024
4014
C077
BFFA
BFBF
BFEE
BF76
3E92
4067
BE64
3F7B
BFCE
3F57
BF06
BEFE
402E
3F3B
C015
3FED
BF73
3FEF
3FE9
BFC8
3EA3
3F81
BFD6
3FF8
3E1D
40F6
C033
3F12
BFE7
3F91
C03D
3F8B
BD82
404C
C0C1
C062
3FEC
403C
C022
3FA4
3F51
3F5D
4025
BF89
C014
3F23
3F80
3F69
3EA6
3F5E
BFD5
3F5B
BFF0
3FD4
BFE6
BFB0
BFAB
C018
BF26
BED7
3E13
C015
C050
C02D
3FA3
3F2F
C059
C04A
BE9E
3FA6
BFB3
3EC1
3F19
BFBD
3F8B
4038
3F78
BE7B
3EAD
3FF8
BED5
4022
C0A4
BFF5
3F35
4027
BF3D
BD9A
BFB2
BEBE
3F8C
BF2E
C096
3F92
BEEE
3E93
3E24
BF96
4014
3F01
BF7A
3AC5
3F9F
3F0D
BEB0
4031
BFF7
C0CF
4064
3F75
BE54
4034
C02E
3D78
3DDE
3F12
3E92
3EF3
3F90
BFB8
C05C
3F08
BFD4
4071
3DD8
C098
3F9C
3FDF
BFF5
BE57
4021
BF26
403F
40E5
BF76
3FB7
BE20
BFA0
3D4D
40A5
4026
C068
BF0D
BF5B
4015
BF59
C01D
BF4A
3F36
3F0F
BF08
4068
3FC0
BD72
BEC0
BFA4
4048
BFB0
C00C
3F0D
3F9A
BD94
BFD6
3E33
BEEA
3ED4
C05C
3F5A
BE12
3E84
407B
4089
C00C
BF91
C0B3
4003
3F3E
4014
BFAE
40A8
3F88
BF46
3F31
C0A3
BEDB
3FC9
3FE2
4059
3F05
3DE9
3FC8
40A9
3F99
4084
BFF2
BFE7
409F
40A3
BD97
BFB6
3EA7
3F6E
BF89
BF88
C02D
BEAC
BF50
BFCB
C0C1
3F9C
BFDD
BF5E
4015
BE4A
BE3F
3FB4
3F5F
BFB4
4090
BEC3
4028
C094
BF38
BF36
3FC1
3F10
C094
3F7B
C00C
40A1
BF83
3F65
3F9A
3D35
3F3B
3E72
4046
BF57
3F81
C066
4016
404E
C029
BE47
402D
C034
3DF0
BE65
40E9
4024
C005
3E25
3D89
3EDA
3FAF
BEC1
3F51
BF11
3FA5
BF2C
C012
C04E
3FAA
BF74
BFB1
3F81
C01D
C075
4017
4012
BFFF
406A
3F49
3F9F
C0EC
4002
C046
4006
3F2C
BFB9
3F4C
3F6C
4055
BEA1
400B
BFF3
3FD2
BFFB
3ED9
BF9B
403A
BFED
3EFD
3F8E
3EA5
3E78
BFDD
3F22
3FD0
3FED
3F55
BEBF
3F95
BF41
3F09
BF31
3D27
C036
C04C
40BD
3FF5
3F9D
3FC7
C089
401D
BF22
3F39
BE98
3FF3
C087
3FFB
40D2
BD99
409A
C01D
4002
4041
C021
3DE9
40B8
BE9F
3F52
C11F
C086
BFA8
C02A
3FB4
BD95
BEF7
BFDE
4064
BF8A
BF64
BFAF
C029
3F02
39EA
BF6B
4028
BF4A
C01A
4013
BF41
BF61
3FB0
3C20
BFE8
BDDF
BFC7
C096
3F82
3FB9
3F8A
3F01
BF18
BFEE
40B3
BFC6
3FA4
3F92
3FF0
3F26
BFE0
400A
3F3D
3FE5
BF37
3F9B
3C8B
BFB6
BC11
BEBD
3FE1
C01B
BFDE
BF23
3D7E
C001
C00F
3F24
3F94
BF99
3EC0
4048
3E9E
BCB8
BFEC
4088
4080
BF11
BF96
C03E
3FE1
BF02
4019
BF33
BF8C
3F05
3FF8
3FA6
BFBE
BFDA
C03D
BF93
BE60
3F1A
3F9B
3FEF
3FEC
3FAE
C081
BE78
4083
BE88
C005
3F84
BE2D
BF84
4028
BF0F
400D
C058
4004
C093
3F99
C091
3F90
3F96
404E
BFE3
3FC7
3E7D
3F63
3F6C
BFB6
C00A
BF9A
C03D
C053
405E
3FE4
3F81
BFEA
C054
3FBE
C098
3E35
3FAB
3F58
3FAE
BFA1
BF10
3E98
407F
40C9
3FFB
BF6A
BFD9
40A9
BE58
4017
3CE5
403B
3F99
C025
3F2D
C008
3F93
BF1B
408A
BF31
3FD5
3F9E
3F8B
BD50
4013
BF9F
C106
BF04
BD5A
BF01
BFE3
BFD5
BFDC
C00E
BFE1
BFAE
BFFE
4019
3DC9
BE0A
4023
BF7B
BFFD
3F33
3F8E
BEAF
3FF5
4084
BD87
40A2
BFBD
BF8E
3F4B
C015
3F92
BF36
3EFA
C028
BF84
BDE6
3FF8
C02C
BFBB
401C
BF9E
4093
BF60
3D40
C02C
404A
BF40
4001
3A46
3EC1
40DE
BF78
BFD5
BFE8
3F11
4072
C037
BDEF
BFC8
BF6A
C009
407E
3FAD
BF94
4016
3D6D
BF37
3F13
3F27
4000
BE8A
3E94
BFC4
BEB2
3F89
3F6F
BFA6
BF9B
3FA7
BEEC
BFAB
BF27
BECE
3FD7
BF9E
BF7E
3F34
3F82
BF2B
402A
3F1C
C08B
BEBF
3F0D
3ED9
3F5C
BD9F
C030
C00C
C00B
3FF4
BFF6
3F64
C076
3F05
BF0C
4091
3F04
BF7C
C017
BF9F
3FC0
C020
C058
BEBE
3EAB
C0DB
3F43
BF95
BFA9
4042
BFB0
3F85
C080
BF58
C053
BFDF
3EAB
BE2D
C08E
BF6C
3EAD
3F9D
BF3C
BD80
BE95
400B
BFFE
BFF1
BDE5
BE99
BF85
BFC6
3F7C
3E64
BF8C
3E92
C02D
406B
3D9B
C071
BFF6
4072
C058
BF5F
C01F
BEDE
C08E
3FB9
4041
BFB2
4008
C011
BFAB
3F55
BF63
BE1A
3E64
3F90
C0D9
BFBC
BE98
3D85
BDA2
3FAE
4033
BFA8
BFCA
C01E
3F78
BF19
BEB4
BFC7
C07C
BEBF
BF30
BFE3
C087
C082
C013
3FBA
BF7E
3F0E
40AC
BF9B
BE93
BF88
403C
BFF1
BF9C
405D
BFB9
C0A8
BFB4
40D2
BFE9
3ED8
C022
3FB5
3F28
BFAE
C008
C077
C0A5
3E0C
3FE0
BFEA
BF4D
BF90
3DA1
408D
3F78
C0D9
405C
3E7E
3E9B
4038
BF75
3FFC
BE3F
3F1F
4016
BFD9
BEB5
C026
C001
4082
BFA1
4026
C01E
BFB6
402D
BE13
BE65
3F99
BE1E
BF3B
3FBA
3FDE
BF78
BF11
3F80
3F88
3F14
BE75
BEE0
3F87
BE65
C09B
BF1B
C027
3FE2
40DB
BF48
BF49
C00D
C041
C005
3FE8
BF9A
BFE9
3F2A
4086
3F88
3E69
BF60
BF60
BF43
3E49
3FAE
BF2B
BF71
4017
3CD4
401B
3FDF
C01D
4037
4012
4065
BBE5
3FDD
BF27
4069
BF0A
C01D
4040
3F71
C052
3FD2
3EFC
BF3C
BF59
BFB6
BF42
3FC6
4091
3F8A
C024
BE38
3FC5
3CD4
3FCF
40DE
3FF8
4037
BE38
BF2C
3E8A
4068
BEDE
BEE7
3FCF
BE8E
3E47
C0DE
3E27
BF58
BF89
C06D
C016
C082
BF41
3F68
4017
BFC2
BFCB
4121
3FB6
BF48
3E09
C05D
BEF5
4058
BFA5
3CCD
C01D
BF1A
3ED5
BFF5
BF01
BFE0
C102
3F88
3F6F
3FDE
BF9E
C004
C080
BFE7
4018
3F7A
40AF
3FD9
BF2E
3FC1
402F
BF87
C003
3D9F
3F66
3E8E
3EA8
3FCC
C053
3E7A
BD85
C02F
C062
BE87
4005
C086
BFA0
3F01
3F7A
3E8E
4006
BF46
4004
BFF3
BF13
C064
3EF4
BE99
4009
BFA3
406D
4090
C050
401D
BF46
BF88
3DE0
BEB6
BFDD
4042
400D
3FC3
403E
4020
BE83
BEB4
BF88
4006
3FA0
3FC0
401A
3E2F
4087
C092
C02E
BFD3
404A
3DC6
3D81
C096
BFDA
BEAC
4093
BF83
BE7E
BFC3
C077
3F35
3EA3
3F97
3EE6
3F28
3EE3
3F9B
4105
BFFC
BD21
3F0E
4041
3EBD
4045
BF7A
3F93
3FB5
3DF9
BD1A
C00E
BD3D
BF6C
C003
C0AA
3F92
C077
BF0A
3EBF
3B19
BF11
BECF
BE7C
3FD1
3FE7
C00D
BF74
3FCC
408D
3EA8
4000
BF66
C002
C017
C00D
3FA8
408F
3F38
BDD0
3F29
BE92
BFFE
BFDC
C0A7
405F
3F05
BE9A
BF90
BF28
C00B
4065
BF1A
BFE1
3FEA
4024
3FBB
3ED8
3ECE
BFEE
BE45
BFBC
4062
C003
3E36
40AD
4048
BF5C
40A5
BF10
4040
BF38
3E9D
BD7F
3ECD
4086
BFD0
C009
3F28
3E3A
BFA1
BF6F
C044
402C
4073
C0C3
3EB5
4086
BCB9
C051
3F29
BFD2
3F46
3F52
4000
BF80
4106
BF82
C011
4008
BD56
3FBA
3FE4
C018
BFC2
3F38
3EFC
3EF9
BF90
BF76
C03D
3F1B
3FA4
3FA9
BED7
BFB6
3E18
BF2C
3E06
BE31
4029
3E01
BFC7
C029
40AE
402D
3FD1
C02E
C0C5
3FC1
403A
3F89
BD3D
BF28
3F6F
3F49
3F76
BFB2
C01D
BFEC
4009
C008
3ED2
4015
409D
BFB8
BFF0
3EBD
400B
BF84
BF96
4044
3F47
BFE3
BE01
3FE0
BF59
BFC2
BFB5
C053
40A2
3FA2
3F1A
BE84
3E52
BF21
BCB4
3FE8
BFAE
BF25
3F71
3ED6
3DCB
C01F
3E66
3DE0
3ED6
C030
3F58
BFC5
401A
BFF0
40A6
C049
BEF9
4072
C01B
BE28
BE5E
3FB6
403B
BF76
3FB1
3FB7
3F1B
BFD9
BFCE
C04D
401D
3F93
C0AB
4020
BF3E
3EFF
BFBB
3FCC
3F3C
BF0A
40D0
BE15
3F91
3F9E
4094
4051
3EF1
40DC
C01F
401D
BE1D
C071
3F5D
409C
C03F
BFD7
3CF0
BED7
402C
3C44
C01D
3F30
BFD7
3E4B
3F83
C0A7
3FE7
BF99
C053
BFD9
BE7F
3EDE
BFDB
3F47
C0BC
3F4E
3FB0
3E31
BFE4
BF82
C056
BEED
BFF8
3F86
3DCF
3F20
C09B
405D
BEFE
3F51
3F66
C004
BFD8
3FCF
4061
3E97
C01A
C045
C04A
BFB7
3EAD
BFE8
C00F
3F70
3EBC
BF18
3EC4
3EAB
C000
C00D
3F58
3F38
C014
3EF9
3F84
3FFF
BFDD
3F69
3F61
BF48
3ED0
401D
4073
3F89
BF1B
3F7E
BF75
BF61
BF8C
406D
BEDD
4069
BF68
4009
C011
BFDF
3EEE
400E
C070
3E81
BF10
BFAE
4080
3EB7
C071
C02B
BF33
40C8
BF0A
401E
BF4A
BF6B
BF4F
3F06
C06B
40A6
400C
3FFE
4039
3F67
3F50
40EB
C079
40A7
BE13
3F66
BD9F
BF1C
C010
3EF2
3E36
BDCE
3EA4
3FA8
C0A8
4039
BFF6
3F7C
C097
3F54
BDC7
BF6A
3FBD
BE80
C034
BFC7
4032
403A
BF56
3F5F
3F16
3FF0
BFBB
3F82
3F59
3EED
BFA9
3FBE
4065
40A7
3F34
3FB0
402E
3FE1
3FB4
C04D
BF94
3F8C
3ECC
BE4F
4039
C000
3E8C
403E
40DA
BFDA
BFE8
3FD5
BB8E
3F1B
401C
BE84
3EE3
C0FE
3FA9
C07A
C02A
403A
3F3F
BFAB
3EE3
BFCD
C063
C105
C037
C07C
407F
3EB3
3F51
3EC6
BF2D
3F5F
BF8A
C099
BEE6
C062
402B
3C24
C086
3F69
C051
C086
3FA0
3FD1
4090
3F1F
BF0C
C080
4002
BF85
4095
3E6B
3E68
3FC2
3F05
400A
3F2B
3F5B
BEF4
BFA5
3F9D
C08D
BFAB
3F3C
C034
BF14
4011
403C
C016
3F9E
3FB1
BF2D
C033
4043
3F28
BF9A
BF10
BF40
3DEE
C054
3FE5
C03C
3EDF
C023
C0EE
BF40
C059
40AD
BE0B
4065
BD20
3F42
3FBA
4019
BFB7
3FCB
4035
BE25
4050
BF3C
C029
BFB4
BFCC
BF08
3FB7
C001
C0CA
BFD9
400C
3EEB
4024
3EBF
BF1E
BB82
BF8B
3F45
BFDC
4033
C02C
3E49
4090
BF3F
C06E
3E19
3E06
C04C
3E59
3F45
3F94
C019
BFD3
BF75
BF29
3E0A
3FBD
BF37
BF8B
BFAB
4063
C007
3FB1
BDB8
BFE3
4025
3FEB
C04B
3F84
BFD0
3E5E
BFD2
BFD2
BFA1
3FDB
BFA2
BF65
C05F
3FA9
4012
C02E
4017
3FC8
4087
C004
4046
40AD
BF16
BFAF
BFE6
C05A
3F3A
BE6C
3F5A
3F90
BE08
40A8
BFF4
3EC5
BFD0
C013
3FD7
3F92
3F02
3EB8
BE6F
BFB7
4078
3FC6
C076
C08F
BF04
4023
3F83
4083
C031
BD3F
BF99
3FD7
3ED5
3EC7
BFC5
3FB5
C0E3
3ECC
4086
3DDF
BF76
4020
4052
3F7A
3F26
3F0B
BFDD
BF57
BE04
C088
3F44
4025
BF3E
C096
BEBC
3F72
BF81
BF2C
C03C
3F78
BEE1
3FBE
BF9D
408C
C01F
3F9B
3F10
BFD4
C030
4013
3FBF
3FA4
3FD2
400F
407C
C084
4021
BE9C
C011
3E8C
3FEC
3E87
3FCF
BF32
BFCB
BEBD
4014
4004
BF4F
BF6C
BF40
C0A8
402C
C0A4
4087
BDC0
BF77
3E9F
3F57
3F9D
4067
402B
401C
3FAD
4052
3EBF
408A
3E35
BF57
4009
4033
C008
3FBF
3FB5
BF07
3EA1
3FE6
40AB
BFFE
3E0A
404A
C009
3F34
3C8B
4080
3FD6
BE89
3F39
C10D
BDC1
C026
401C
BEE1
C0FE
C027
4029
3EDD
3F51
BF5C
3E4D
C02B
3FB9
3ED8
3EB2
BE99
4016
BF73
3FFC
3F8B
BE28
BFDA
BE6D
403D
BD1F
BFD5
BFC2
3F9D
BF96
3EAD
3E89
3FB3
BFF2
3D49
BF2A
3DAC
409E
3F41
BFDC
4010
3F08
C050
C025
C035
C087
3FC8
401B
BF47
4098
3F54
BFC3
C007
400F
3E6A
400C
3FA6
BEDB
3F3C
3FF3
4008
3F9F
3E8F
BFEA
C026
BF80
BE23
BE85
BFE4
C043
BF55
4050
3FB9
C086
BFC1
400D
BFE3
BF08
C00B
C02F
BEC1
3E86
3F84
BF11
BF88
405D
3FCB
3FF6
3F9B
40EB
3EDE
3FDC
BF90
BFCF
401E
4020
3E85
BF16
3E9E
3F99
BEE0
C035
C00A
3F8B
3D84
BFFB
BE4A
3FA6
4003
400E
40EE
3F8F
BFBC
BEA9
C011
4064
BDBA
BEB3
40AC
BFD7
BF42
3FDD
BE71
BFB2
BF06
BF5C
BF2D
BF3E
BF02
3FA7
40A1
BE05
C017
3FCB
BFE4
3F58
4016
BF32
3E76
C005
BE86
3F35
BC96
BE9A
BF88
3F84
BF95
BFA3
BF90
3F82
3ED6
C002
BFBA
BF0C
4033
3F25
40A0
3F67
3E92
3F86
BFB2
3F55
BEE7
3FD9
3FF9
C038
3F93
BDE4
BFB5
BF8D
BFEC
3FF7
BFB4
4057
3F6D
409A
BF09
3F32
3EEC
406F
4047
4026
404A
BFC4
3F97
3FE1
3F59
BFA2
405F
BFC5
BE8D
BF3F
3EC3
4081
C023
BF14
3A94
3EFA
BF9A
BFFB
3F7B
4054
3FA5
BF8B
3F83
3DD1
C06A
3FAF
401C
BEFD
400E
3EA5
3FDB
C0F4
3FEF
3FDB
3F88
3E2C
3F8D
400F
3FC6
3FFC
3E96
3FBB
BFE8
C007
400D
BFB6
C0A3
3FB4
C037
BFDE
3FC2
BFA4
BE65
3FD6
4007
3F5D
400C
3EAD
3F93
C02E
3F3E
3F59
3DFA
BFBA
BFA6
407B
4007
3EF3
4094
3FE1
BF5B
401C
C00A
C01B
BE76
4021
408C
3F91
3F8C
BE7B
408A
3FB6
3D3C
3F4E
3FA1
BF81
3EBC
BF26
3F93
C09D
4066
BF86
BAF4
3FC9
C06A
3EDF
4019
4009
BFDD
3E2A
3FAC
4024
3E1E
400F
BF65
BF61
3F2C
3F7B
C00E
3EDD
BFC8
C020
BF44
BF48
BEE8
C01D
C093
BF3E
BF01
BE30
C0B8
C050
BF06
4035
BE67
4089
4000
BE8A
3F9D
BFBB
3CED
BECB
BEF4
3E8E
3F4A
3E06
BE72
3EC9
BD00
3EFC
C036
C084
BFB9
C016
BFD3
3F5B
3EBE
3C39
3F80
3FE8
BF73
C07E
3F33
BF94
BFDE
BDF2
401B
BFBD
C068
3D96
BF48
3EFF
3FB6
BF61
3F62
C08E
BEBE
BFA6
C01B
3EDC
BFA0
4067
C0C6
3F8D
3FFF
3ED5
BF56
3F93
C01D
BF8E
3F2A
3EE7
4008
3E43
BF48
3FEC
C04F
3EE8
BFBD
4023
C061
3E73
BFF6
4011
4004
BEFF
4026
C007
BFFF
3F10
BFEC
BFD6
BFF6
3FD5
C03F
C0A9
3F8C
BD6C
3FE5
BF88
C007
BF98
3E8A
BEB2
3FFC
3F1E
4007
BF7B
BDB1
BE56
3FDC
40ED
3FCE
BF48
C00E
40F8
3F45
3F6E
C022
4019
3FF7
BEDE
3F94
BE7C
3F73
C013
C06C
3F5D
3EB4
BE1A
3FE3
3E92
4038
C084
4087
C02F
BF6C
3FD0
C015
BFC6
3E9F
C03E
3FAD
BECD
C0A4
401F
BF21
BFA7
3FAD
3F86
3EB3
3F8F
3F48
3F9F
C08C
4093
C077
BFEE
BFCC
40A6
3FA5
BF88
BFC3
3F07
3E78
3F16
3FE0
BEBA
3FCA
BFD1
BF2E
3FEB
3E10
3FB7
C075
BE84
BDA4
BF55
BE94
C051
C004
BEAA
BF73
3FC2
C096
BFC8
3E1A
C049
409C
C050
BF30
3FE4
408E
3F49
3FF8
C007
3F53
3FA6
3EAE
3E9F
407C
BEBF
4092
401D
C000
4085
400D
3F15
3FF2
3F6A
3FCA
BF78
BF8A
4029
C03F
BF96
3FD5
3E1E
3E78
3F36
BDDA
403E
3F54
C05E
3F4D
BF0B
3F14
3F9B
BE5E
C082
C00F
4089
3FF3
BFCB
BF45
BF02
405C
BFCB
4053
3DD3
BFD3
3FB1
4026
3F4D
C066
3ED4
BFFB
3E18
C04B
BF29
C02F
BFA2
BFAE
C007
BE20
3E13
4044
3FDA
C0D8
BD9E
C002
C095
BFB2
BFD5
BD39
BF25
C000
C054
4031
3F39
C025
BF2E
3E09
BFE7
40A4
4085
BED3
4094
C094
BE82
3FE4
3F6C
C032
BF90
3F31
BF7B
3E3E
C0CA
3C67
3F49
3F48
409B
BF21
3F8D
BF4E
BFE6
BF02
BF20
3DDE
40B1
3FDA
C035
BF92
C033
3EDB
BF97
4002
4013
3BE7
C047
403C
3E97
BF9D
BEF9
BE63
3FB2
BF19
BFA3
C02F
BDFC
C042
4000
4061
BF99
3FC7
3D2E
C090
BDA0
3F13
401D
3F2C
C057
401C
4038
3FA1
405A
4082
3EF5
C023
4002
3E57
BE0A
BF99
C05B
3E99
C082
3FB8
3F54
3FCB
3F9B
BF89
3F4E
405D
3DB0
C0E8
BDA5
3F51
3FD6
3ECB
3F9F
BEC9
BFD5
C0B7
400B
BFA6
BD7E
3FE4
404A
3F89
BFB4
4054
405C
C003
BF7E
3E90
BED7
4051
3D55
C08D
C0CE
3E49
C021
3E6B
BE3D
C00F
3F74
C00B
BFB1
3FBE
3E0B
3F8E
C05C
C024
3FCD
C0C4
4023
408A
3F38
4018
BFA5
C045
C075
BECE
BEFA
BC9A
BE6F
3F4C
3FD3
C04C
3FE4
3F45
4041
BFB7
C0B9
3FDD
C0B6
BDC2
BF59
BF85
BE7B
3F20
BFF0
401D
3E8A
3E90
3FD9
3F8D
BDA9
40AD
3DA8
BEAD
BE50
BFDF
BEE8
3D6D
C008
BE57
4000
4089
3E27
BF1F
BCE8
3FAF
BF60
3F6A
BFF9
3FAC
402B
3EA3
3F4B
3F48
40B6
BDF5
BE4A
BDDB
3F04
3ECF
BE7E
4039
C01E
C098
BC58
BF70
3E30
BD4A
BFC2
3CFE
C020
BF7D
C02F
4047
3D4E
3EDC
C033
4047
4066
C062
3F48
3EDC
3EBF
C017
3F44
BFAE
C01F
C06B
3FE7
3E32
4013
3F60
3FBE
C030
C030
BF2B
BFB2
40AF
3F3C
3F32
BFF8
3FA7
BF25
C008
3FE4
BE2C
BED1
BF8F
3F01
C058
C015
3F22
4009
BFF0
BF10
BFB5
C079
BE5B
BF94
406F
C011
3F9E
C013
C096
C026
4084
C02C
400A
3FEB
3D06
3FDC
BF85
40B3
C04A
3E87
3F94
4078
3F7C
3F80
3FAF
C0AA
3E50
C049
4071
3F92
3FAD
3FCA
3FA3
3FB8
3F48
405C
BF9A
BFB4
4029
C012
3F70
C06C
409B
BEAC
405B
C129
BFC9
3F17
BFBE
C028
BE34
BF89
BEFB
4029
BFCA
3E07
3FE8
3F21
BF0C
BF88
3FAD
3F96
BF93
3EFD
BFD2
BFE7
3F0F
BECD
BED8
3F70
400F
BEFD
3E2C
404B
4046
BFB7
C083
3FCC
BF5C
C022
3FF6
3F21
3FF9
4099
BFB6
BF93
401F
403F
BFA0
4023
BEF0
4021
BF8E
3F1F
C04F
408B
C014
BE99
BE5A
3FE9
3FE5
4036
BE93
BF66
BE98
3E27
4080
403C
4046
3F4A
BEB4
C04D
4016
3F71
BF27
3F9D
3E5B
3F7B
3FB1
3EAB
BF52
C091
BE7E
C044
3F9D
4044
406C
C01F
3F3C
3EB4
3FC3
C081
3FAE
BF9D
C090
3F79
3FE4
3FB3
BFB4
C05A
BFB9
BE26
3DA6
BFBF
3F02
C112
C051
BE0D
C015
BEAF
C052
C008
BD43
BE80
4009
C09B
BFA2
C0AC
C014
BE4A
3E77
3E4E
3F9E
C018
C013
BFBD
3FA5
4083
BF78
BFFE
BFAC
3E9A
C028
3FE5
401B
3FF7
40FC
BDF0
3970
3F98
3EC1
3FA2
3FCE
BFBA
C058
C002
BDA6
3F2C
C053
C00B
3F24
C03D
3FBB
3F40
3DD1
3E58
BF60
BF7E
C015
BF96
C01C
4032
BF8F
3F51
4081
4046
C01D
3FBE
3E79
BF20
BF44
BFE2
C08E
3F37
BFD9
BFBA
BF41
BFD9
3FC7
C0DB
3F39
BF18
3E96
BF8C
BF43
C00D
C038
C036
3F99
BFE2
BF54
3FD1
BF9A
3E9C
3FAE
3FAF
3F1B
3EC8
3FB5
3F5E
3DCF
401A
BE81
3F14
3F12
3DD8
4068
C011
C00F
3F6F
3EAE
408A
40AC
3FC1
3EA8
C0A9
BF34
BEE1
C05E
3F7E
3F56
C09B
C010
BF60
BF12
BF3A
3F31
BF28
3F73
3FA6
BEEC
BFD2
3FD9
C032
C00B
3F57
4079
BF85
C01C
BF09
3F7D
BEC9
C09B
3B79
C03F
BF74
3FA3
3F7B
3F53
BE78
3F42
405A
BFD0
4008
C04D
BF14
BF72
BF17
C080
3E46
C02E
3E33
3F2D
BF7F
C016
3FBB
3F49
3F88
C00E
C044
4074
C03A
3FCE
4008
BF7E
C0A3
3E03
BE46
3FE7
C057
BFCA
4042
4020
403E
C04E
C08D
BFCA
C00C
3DED
3FF2
BFEE
C05E
3F96
C01C
3F1C
3FDE
C003
BF50
3FA1
C011
3F74
C020
3F72
4005
BFE1
401C
C004
3EB9
BFA0
3E0F
BFE9
BFD5
3EE3
BF00
3FEA
BF78
BF16
3FCD
3FD8
BFC0
4060
BFD9
BFC6
BF23
404B
C050
402E
C071
4082
BE62
BEB0
BF7F
3FDC
C058
BFF6
BEA9
C0A3
BF4D
BFB9
C035
3E98
3EFD
3FFF
3FFA
3E93
BF0B
3F21
408F
C081
3FAC
4038
BF73
BF98
3F47
3F78
3F7B
BEC5
4024
3FC3
BF0C
402B
3FEC
3FAB
C082
3E48
C012
BF74
3E87
C005
4016
BE52
3FCB
C057
BE67
C032
C022
C060
BFC1
BF7A
3E98
BE83
3F72
3F60
BF58
BFA2
C01D
3F89
C03B
3F52
401C
4056
BFA2
3F84
BFEE
3F8A
3FAE
BF50
3FBD
BEC3
BEB1
3E5A
3F3E
BF75
408F
3F0E
C02B
C014
4034
BFB7
3FC9
BEEB
3DCD
4102
BF77
BE3D
C00B
4033
C050
3F37
C04D
C003
3F00
C12D
C042
C077
4031
C026
BFB1
3FA2
3E95
3FB1
BEF8
401D
3F9C
BF85
3FC8
3EDE
3FFD
C030
BF8F
BE8C
C08E
3F42
BFFF
BF40
BFBE
BF27
3F9C
3FBB
BF93
3F81
BFD4
3E89
3F14
3CCD
BE09
40F0
3DAB
BFB9
BF0E
3EFB
BF2D
3FAA
BF87
BFBD
BF19
404B
C02C
BF2E
3E3F
BFC8
40BA
407F
4006
C090
3F2E
C0CE
BF16
3F38
3FE2
C03D
BE56
C098
4051
4028
C109
C08E
C059
3F5E
BF90
4009
BF15
C020
4087
BE34
BF29
BFEF
3E76
3FAD
BF03
C02B
3FEF
BFEB
3F72
3EB5
C04B
3F15
3F98
4011
BF80
3EB5
BF1F
C04D
3FC6
C08A
BF2A
3F72
BE76
3E92
403C
C01B
BF80
C036
BE0C
C08F
3FFD
BF9C
BE02
BFCF
3EDA
BEEE
C073
BEEF
3F10
C00C
BF99
3F6E
3FA9
407D
401A
C01C
3FED
40FB
BFA9
C08F
3FEE
3EE1
C02D
3F3B
3E9E
BFF7
BEA8
BF91
3EC5
BF90
40A6
3F99
C024
3F8F
BFD5
3E5C
BF96
3FA7
3F7D
3ED5
BF99
BFE0
BEAD
404C
404D
3FDB
4056
3FC3
BF6E
C096
BF34
BD87
C023
BF81
3FDB
BE7D
C013
4014
BF81
404A
BE76
3DBC
BD3E
BF28
C088
3F4B
BF3B
BED7
3FB5
406D
BE6D
BE0B
BF96
C02F
BF04
BF27
3ECB
4071
3FB9
C02F
3EC1
BF43
4004
400A
4042
BFBD
C092
BE9B
BFCF
BE60
3EC7
BF7C
C089
C061
4014
BFD1
BFB1
3FD5
BF22
3F8A
C023
3FB6
404C
3F29
BFC9
BF6D
C00A
C026
3FA4
BFA5
402E
402E
BF9E
404D
C0E0
4011
BFB1
BED5
3FB7
3FB3
C01A
3F94
3F04
4017
C055
3EB2
3F34
BF02
C01A
4024
405F
BE93
C05A
3DE2
C00F
BF57
BE60
3F80
BEB8
BFC6
C0AC
C0AA
402C
BF90
C020
4049
3FCF
BED6
4001
BE6F
BF19
BF45
BED6
BF5A
BF7F
3D7A
3FF4
3E47
BF5B
BF83
BFCF
C004
BD4C
BF7F
3FC0
3F46
BF81
3F0B
3F46
BF76
4026
3E2F
3E9C
3C20
3F7E
3F3E
3DEC
BF9A
BFAC
C042
3E8D
408E
3E41
3EBB
3F89
3FC4
BF4F
4062
3F95
400D
BE6E
3FAA
3F38
BF64
BF9F
409B
BF40
BE6F
4065
4036
3EB4
3D38
BD4C
3F06
3FE8
3F36
3EE4
BF89
3F92
3EA8
BFD8
C09F
3FA4
4013
3ECF
3F90
3F9B
4000
3F8E
3D5A
BEB7
3F11
3F9B
BF1D
C059
BF11
BF5D
3FD3
BF76
3FCC
C043
BFE4
4001
3FE5
BFA6
BEE7
410B
BFBB
4085
C01F
C001
BF49
C092
C01D
C03C
C0A1
3EFB
C06D
3E1B
3F09
BF5F
3FA0
C033
3FC8
3FD8
3F62
BF2B
3FF0
4013
3D93
BE63
4059
C01B
C028
4011
3FE7
BF52
BED0
3F62
BE84
3FA2
3D93
4081
3F62
C001
4002
4026
C037
3EC3
401B
BF00
3E59
3FD8
C002
BDD2
4050
403A
C018
BE6E
BF92
BF2B
3FCB
BF50
C08B
3F03
BDA4
3F00
3F50
3E9A
4042
C02D
40D2
3EEB
3FCB
BFAA
C011
3EAB
C005
BFA1
BFCC
3FFE
3FDB
BE4F
BF96
C097
C020
BE92
3F12
BF09
4094
3E00
C02E
BF2A
C09E
4019
3F7F
3EDC
C0E7
3FEA
BFEA
4042
3F8E
3F50
3DF9
BF8F
BF37
BF92
BFE0
3E8A
BF95
3F57
BF58
40F1
BFA9
BF5D
4052
4010
4044
C00D
3DB0
3E8C
BFFD
BFFC
3C44
407B
4032
C043
BFBF
3CE7
BF6B
405D
3EEB
C003
402A
BFA3
C006
C004
C068
408D
BDF4
3FE9
BDD9
3FE6
3E03
3F43
401D
4017
3FBF
BED6
3FA7
401E
BFAE
4011
BF0A
BF36
C062
3F06
BE76
408C
4015
4078
C05E
3F54
405F
C013
BF83
C041
BF83
BE65
BEF9
C054
3E42
3DBF
3FC5
C068
3F60
4009
3FC6
3FB7
409A
BF61
3F5E
BE9A
BF55
C08F
406C
3F5E
3F72
BFC3
3FAF
BF6B
BF99
4023
C012
3F85
C08F
BFE0
4009
3F9C
4041
BF95
4004
400D
BF38
C036
3F64
40B4
3E78
BE7F
4022
BFC0
BFD9
C06B
BF87
BF1E
BF49
BECA
BD0B
4022
C084
406A
3F1C
BF53
BE4C
4058
BE30
3F97
3F03
3F40
C05D
BF2F
BF0C
C030
3FC6
BE61
C0AF
3FC3
3FC0
BF1E
3FD6
C057
BF96
BF00
3FAF
BF8E
4000
3E14
C068
BF5D
BEF4
3FE8
4032
C03C
3F01
3FC4
BF8D
BF01
3FA1
3F84
C019
C079
C033
C014
BFFA
3F95
4016
3F0D
3FAC
BE07
BFC3
C078
3D3F
3F9B
3FB2
C033
BD99
BF05
40D8
4037
3E8E
40E3
BECA
40A5
3EB9
3EDA
BFED
BF76
C007
40CA
BF9C
BF9D
3FF8
BFA9
BF7C
BFAD
3E12
3C28
3EB9
C085
3EC4
3E40
3FBD
3F2B
BEDB
BF5A
BF62
BDB7
3FEE
400B
C02A
3E06
C050
3FF4
3FCA
3F3F
3F65
3FC5
3FF6
3E90
4008
BF97
BF6D
BFB4
3F4F
C05E
4068
3FC4
3FAD
3FDC
BF84
3EB0
3FA5
3ED7
3FAB
BF40
4096
3F30
3F6B
C04E
4012
4002
3EF9
BFDE
C001
C05A
3E94
3FE0
3FBC
BFD5
402F
C037
BF83
BFF9
3F38
3FB5
3F9A
BFEE
BFDE
403F
BFAC
3F40
C079
BFF7
40EC
3DE6
C036
4077
BF40
BFC1
3F88
C03C
401B
3FF5
BE9F
BEC1
BFA6
C005
3F66
409E
BFAC
3E60
C077
C052
C05F
409E
3EE8
C032
BF4A
3F1C
3F53
3F8B
3FC1
C035
3F38
C019
40BB
BD83
C020
4030
3FDF
3F24
BF9E
40CC
3FFD
C010
C067
BF70
BF23
3FE2
BF29
3F54
3F86
400D
C08C
BE75
BE5D
BF90
BDAC
3F63
BF07
3F62
3FAB
C097
BF3C
BEFE
BE8C
3F61
4039
3ECE
4038
BDD0
C07F
BFBA
3E8E
BF89
4015
3E2F
BFBF
3F05
3FE6
4019
C00D
BD6D
3F6B
407A
4019
BF0D
BF97
BE58
3FCB
C08D
402C
C091
3FFD
BE65
BEA8
3FD7
BE8A
BEB9
C06D
C03D
3F87
3EE2
BF68
BF83
3F1A
3EEF
3FDD
3F7B
BF5E
4036
3F98
BD10
BEAE
BFDD
3FA7
3FBA
BF43
BF9F
3F86
C000
3FA1
3FC7
3E38
3FB5
C044
403C
4094
3F8E
C0B1
BF0C
BF79
C001
4065
BE87
BFCF
3EB4
BF39
3FDB
C086
C01C
3DC6
C0D1
3FBD
3F70
3F90
C02C
BEDD
3FC6
BFC6
BF64
BED7
BFA1
4004
C004
3FD5
C034
C084
3FD0
BF96
3F04
BFB6
BFEC
BEE2
3E90
C012
BFFC
3FFB
C0A5
3D43
BC9E
BF17
C087
BDDF
BF8D
4032
BF75
3FB8
3F93
3E8E
3F44
BE32
4019
3E66
3E68
3F3D
400A
3DAC
3F1D
C0B1
3F2A
BDB6
BFF3
BFD7
3F03
BE06
3E14
3F5B
3F06
BF43
3FA8
3EC7
BFA2
3FDE
C061
3FE1
BF2F
C08C
3FBE
C022
3F91
3FE9
40D8
C012
C029
3FBC
4030
BF40
3F5C
BFF2
3F27
3F15
C001
3EC1
3FBA
BF2B
3EA7
406F
3FED
404E
C024
3FEA
406D
BFCC
3F43
3FA0
3ECA
4001
BECE
4066
3F2D
4025
3D95
4062
3D9E
C040
BE1A
3E6B
403D
3F42
C014
3DDC
BFE7
3EBD
BF49
BFAB
3E50
3FB7
BFDF
C079
40AD
3FAF
BFCE
C019
BFCF
3FE5
C09E
C105
BFA9
C0AF
3FDE
BF83
BEB5
3FB0
BEEE
3FF9
BF81
BF6B
3E4C
3F7C
BFB3
BFF2
C09A
3F95
BF46
BF7A
BFA7
BEDF
408E
4012
4019
BEA3
BFD5
3F4C
3FE7
BF3F
C010
403B
3E75
BFEE
C04E
BFE1
BF0E
BFF5
BEBA
BF8A
BEBE
C080
BFD9
C068
C08D
4001
3E60
3FB9
3F75
3FB4
3FC7
3E41
3FBB
BFB7
40B9
BE26
BFB5
BFBE
C021
C00E
BD86
3FEC
BE1E
BF8C
BFAC
3FBD
BF7E
3F93
3FED
3F5F
BFAA
404D
C063
BF30
406D
BFA6
BF6B
C009
3EBA
BEDD
3FF1
3F57
BF94
4018
BF11
3F59
C0C8
3FE8
3F8C
3DBD
3F58
3EB3
3F17
3FB0
BFAE
BFD5
3F95
40DA
BE90
3FCE
3E1E
3E35
3FC7
C05D
BFF7
3F7C
C03B
BF00
BF3C
C074
3FC4
3E24
BF44
BF9F
BE3B
405C
BF88
C013
BF98
404B
3EFC
3F08
BFF0
BFA3
C04C
C06E
C068
3F9E
3F20
C026
406D
C045
40E8
C071
BE8A
3FB8
BF84
C049
400E
3E5F
C038
3F1D
BEE2
BF2B
3E96
3E2D
BFB2
3FB5
BFD1
3FD4
3FDD
3FC8
3EDA
C02C
BF83
3FEF
3FBB
C084
3D96
4006
C089
BE1C
BFB4
408C
C040
BEFC
3D05
C01F
BE87
3EC4
3F09
3FD6
4053
404F
C0BF
40AC
BFA8
3F1F
BFF1
C00B
BC20
3F3A
3E48
3E72
BF0C
3D62
C08B
BF9D
4016
BE2F
C039
BFE6
3F93
C042
3E9C
403D
401A
3F81
3E16
C02B
BF6E
3E32
4023
3F30
3FFF
C020
3FFC
3F63
BFED
BFF6
403B
C028
C014
C0AC
3E31
3EDE
3FB4
C054
C0A8
3FE3
C057
407E
4022
BE31
BF26
3FB0
BF07
C00B
406E
3E86
3E62
3F02
400F
3FEF
BEBF
3F89
BF74
3F8A
408E
3FC7
BFE0
3EEF
3E9F
4002
BE84
BE9F
3FC8
4066
3E14
3E83
BF19
C028
402F
BF07
BF3C
C053
3F7E
BE73
BF93
C04B
3FDB
3F13
3FAF
3FB9
4088
BFA6
4042
BF7B
BF1B
3FC4
C01B
C035
3E8F
BFF4
3F83
3FE7
C033
401B
3FE1
C02B
3EC4
4009
C011
4083
BFB0
BFA0
BF59
3D31
BFF3
BF77
3FBF
BF74
3F8E
3D73
3F29
40BA
400E
3F82
BECD
BFFF
400F
BCEE
4014
C047
BFAB
3F67
3F93
C037
4015
BE5D
3E83
BEBD
4060
C03A
BFD2
C071
3E5B
BF3B
403D
403B
BF32
BFBF
C0A6
3F74
BFB0
C02F
BF5C
3CED
3F12
3F1F
3F8C
4097
C08F
BEA8
3E75
C013
4034
3F9E
3FF6
406F
3F32
3F22
BD59
4054
C016
4069
3F66
BFA6
3F89
C006
BE3B
BF5D
3D62
3FD3
3F62
3FC4
4012
3F8C
409C
4007
C0F9
4067
3F87
BF96
BF2D
C01B
405C
3FCC
3EC9
3F0D
BF61
3FF2
3FE8
BEC6
BF4F
4046
C046
3F86
3FAD
BF76
BEEA
BEFD
BFD2
407B
408B
C00D
4029
400D
4013
4020
BE84
406A
BFA8
3F8F
BF97
C020
BE94
408C
3F94
BF3A
4079
3F80
3FC8
4008
BF19
3F4A
C07C
3F1D
BF26
C07F
404C
3F12
BFC5
C01D
3ECE
3FEC
BEF6
4024
BC18
C01E
BEEF
BE20
BE20
C03E
C01D
3FF7
3FC9
BEBE
4029
BF31
BFA8
BEBB
C06B
4016
4045
BFE3
BFC3
BE97
C04B
3FED
BFD0
BFF4
BFE5
3F97
400D
401B
C02A
400F
3D4C
4087
3FB6
3E93
BFFF
401E
C06A
3FED
BF01
3DF2
3F5E
3F84
3E77
C01A
3F7E
BF9B
3FAE
3FA7
BFE1
3F91
BF09
BE06
BD10
BF39
405B
4022
BFC3
408B
C006
C0CA
BE48
BF09
3F20
3F92
BFC5
BF68
BD5D
C050
4045
406C
BF51
C006
3F11
40E3
BEC1
3FDE
BF90
3EC3
3F67
BE82
4022
C032
C00D
C009
3FAD
C09B
BF8C
40CA
3EF6
BF5D
BF14
3F15
BEF2
C00C
3F13
3FF3
3E39
BFAF
3FB1
4065
BFE7
3FF2
4019
C000
BFB3
3D93
3DCC
BE46
BF68
4063
BFF4
4062
4017
BF92
C021
4055
3EFA
3FA5
BFD0
3E1A
3F35
C044
4017
BE3A
C015
C0B4
4021
3FF5
3F2A
3DD8
3FA7
BFE6
3F70
C0A9
BEA6
BF32
3F9B
3FDD
3F53
C023
BFBF
3FCF
BFAD
3FC1
40A6
C033
3F44
4084
3F97
3F03
3E8D
3FC7
C01E
3F69
3C9B
4081
3FF2
401F
3EFF
C019
C00D
C02F
4000
BEBB
3FDB
404F
C069
3FCA
BFEF
3F7F
3FEE
C0A8
3FCE
BFAC
4066
4020
40B0
BFF1
3F8A
3F03
408F
BF3E
BFE2
C019
BEED
BF2B
3FFE
C015
BFEA
BD8A
3F26
BF62
3E86
BFF8
BD90
3EF7
BFD3
4080
BF26
408E
40AC
3A59
3FB1
402B
BFC5
C05A
405D
BE45
C02E
4081
BF02
3F3C
4014
C042
C000
C032
BF13
C059
4023
BED6
BE00
BF67
BE86
3DDE
BF6B
4087
C062
3E88
3ED7
C017
3F6F
BD93
3B12
C07C
C015
40D3
40DC
C082
C0F0
BFEC
3EBB
C002
C048
BF88
40AC
3FBA
3F6D
3ED9
BE1B
3DFA
BF85
BB60
405B
BF95
C047
BF02
40AA
BE61
C086
BF29
4047
C067
4014
3ECA
3EDC
BF3B
409D
3DC7
3F04
BF12
BF1C
BF89
BFB9
BF90
4024
BF87
BF82
BF4F
BFDD
409A
BF6D
BFCC
BF37
3E53
3F51
402B
405B
BFCD
C05B
BFE8
3FFB
C050
3FB8
3FA7
BFF8
3F29
BE84
401C
4084
3E9A
C005
BEB1
3E90
3F8F
3F56
401F
40EF
4035
C010
3FEF
4053
3F8D
3F85
3F8A
C008
4036
3FF0
3E93
BFFA
BFC7
4014
C04F
C001
3F3A
C085
BFC2
BF92
3CAE
BFCC
400C
3FBB
BF87
3F84
BFDB
BF36
BF98
3F9A
C019
3F3D
40BD
BFCD
BE20
BE8B
3EFE
3ED3
4041
3F2E
3F43
BF89
BFB1
BF63
3EAD
4041
BF8A
C0F0
3F6A
3F21
4008
BD56
BE5C
4010
3F92
C037
BFE7
404F
3FBA
BF84
BFAE
C05C
BFA4
3ECE
3F9E
4036
3FCB
BF0D
4085
BF2A
3FC2
BF8C
BEBF
405C
407D
BEF5
C005
3FB1
BF1C
BFEC
C006
4008
3E01
BFBB
3D5A
C080
BE1A
C081
4021
BFF6
C003
40CC
3E10
C017
C026
3F42
C0C4
BF83
BFD8
BF66
C057
3FA8
4021
3FF9
3FC3
3D84
3F85
3F9F
BFD7
3F69
3EDA
C06E
3F8D
BFF5
3FC0
3F6F
BF8A
4004
C0BB
BFCC
3F85
BC24
3E2E
C096
3FA3
3F4D
4001
C04E
C076
400F
BEAF
3E88
3F56
3F1A
C065
BF81
4071
3FCA
405C
BBB7
4023
BEF0
3DE8
3F95
BD89
3F59
BF81
BE92
BD64
BF84
BF38
BF8F
3EE3
C0AF
4044
3F18
BD24
3EC1
BFBA
3F22
3FC5
3D52
4045
3F99
3F95
BFF4
3F08
BDF2
BF3E
BF09
BD52
3F60
BFA0
3F0A
C05F
4013
3EFF
C03A
BE50
BFAD
3F2D
BF81
402E
3F64
4024
3F85
3F2E
3EB7
BFA7
BF98
BEFB
406E
BDA6
3F96
BF64
BFBF
BFD1
BF91
BEFC
3FD9
3F05
3E9C
BE9C
3E5A
3EE4
4040
C0A0
405A
401D
BEBB
BF2F
BFC0
BF57
BF10
3FB5
BFFE
BF28
C02C
BEDB
BE33
3FBC
BEF3
BF29
3F68
BFDE
4007
BB0A
3EBD
3F09
3EBF
4032
400F
3E07
BEBA
BE5D
C00B
C02C
BC07
40B0
BDB1
3F5A
BFC0
BF9B
3F8C
BE8D
BFA4
4029
3FCA
BF15
BF07
3F8C
4062
4097
BF44
BF30
3F00
401C
4073
3F90
BFEF
BF6A
4023
BEEA
3F35
C045
3E62
C01F
3FF8
C00B
BF09
BDAE
BED6
BEE2
3FFE
3FA1
BCC9
C0B3
BFC1
C000
3F26
3FD5
403F
C138
401A
C00D
BF9F
407D
C038
BFA6
C04A
40EC
BE21
413E
3F35
C0BD
C027
BFFF
C030
BFC2
BF79
BF1D
400C
4034
4020
3E89
4016
3EF4
BF14
3F58
BF74
3DB2
BE60
3F9A
BE9D
3FBF
4040
BFBB
3EF4
4016
BE3C
BFA0
C01F
C03C
3F68
3F7A
BFD8
BFF0
3F91
3F0D
402D
400F
3E22
403A
3FA9
BE4B
404B
3F96
405E
3FE1
BFAF
3EF8
3F90
3FD2
4078
3FB2
BEA9
BF21
BD50
3C3B
BE70
BF90
3FBC
3F53
C001
BDC8
BFA4
C00E
3E16
3F22
4057
3F9E
3FC3
40B8
C086
BFA9
BEE2
4011
BFAE
C02A
BFC4
4054
3F7F
C00D
C00C
C0B3
C02E
3E8F
402E
C041
BF73
BF46
3E24
4007
C092
40AA
BF69
402C
4060
3FBE
3F8A
3F7E
3E25
BFA6
4007
3FC6
BE66
C032
3F36
3FD6
BEB6
BF0E
3F0B
3EEA
3FD4
BDB8
3F4E
BFBA
C02B
BF4A
BF11
3E49
BF81
40AA
4008
C040
BF88
BF62
3ED1
BFF3
3FDB
C081
BE37
BE8C
BE82
3FF3
3E76
BF96
400A
BFC2
3D22
3FE2
402C
3F21
BFFB
4008
BD1F
3FE6
BFE7
BF37
BF33
C00A
3F9D
4015
407A
BF63
4004
C021
BEA0
C044
3F87
3FB2
3F22
3F29
3F9E
C084
BF6A
BDFA
BE98
BFD1
BF66
3FD3
BFD8
4094
4048
BFA8
3DCD
BF77
3F3C
4043
3F9A
3F82
BF4A
C01E
BF92
BF14
BFD8
40A7
BF48
3E6A
4049
C0C0
BFCE
3F87
BFE7
3F05
3FCE
400E
BF1B
BF6E
BF83
BFFA
BF7D
C00D
404F
BFAD
C03E
3F4F
3FBA
4053
BF6A
C081
BF8C
3E2D
3FC5
405F
BE27
BF1D
3FAB
4038
3F93
3E86
BF04
4000
BF90
3E4E
405F
3E37
3F99
407E
3F87
3EED
C025
BF97
BECF
4021
3F81
3F15
C00C
BFC8
BE55
3FF3
3F1E
C041
4062
BF15
BF5D
BFED
3F14
C045
BF0F
C063
C002
3EF9
3FBD
BF52
C01E
40DE
C00A
40FA
3FC1
BE9B
401B
BFF1
BF94
3F87
3F76
3F14
C003
4090
BF8F
BEFF
C045
4005
3DB0
C003
3F88
C00A
C0B2
C012
401B
C008
3F98
BFC9
3FA9
3FC1
3FB7
3EEB
BEBA
BF4D
BF77
3E66
3F0F
C019
BF1E
C042
BF4E
BFC9
3F74
C058
408E
4093
C01F
BF19
BF05
C027
3FF9
4059
3FC0
C0A4
3F65
BFB4
BFE0
BFF9
C055
BFA6
3D82
3FA0
BEC6
C05C
BF84
400C
3FB7
3FE9
BFDA
3FB1
3FE5
40E4
BF9A
BEE6
3D71
BF31
3F5D
BED2
3D9E
3F43
40D5
BD95
BF00
C008
4082
3F7B
BE4B
BF70
BF31
BE94
C005
402A
C079
C014
BF0E
BE18
BF36
BEE9
BF04
C019
409F
3F8A
BE9F
3EBE
BE44
BF61
BF7F
3E37
C002
BE22
40A8
C007
3F63
BF5B
C012
C088
C056
C05C
C004
C03C
C00B
C013
3FCA
BFAC
C009
3FE7
4056
C07C
BDFA
3E83
3E07
3E6D
3F49
4070
BECB
BFC6
BFD5
C08D
3FBB
C01A
C01B
BDB9
405E
3FBB
3FBC
3F1D
4066
3FE9
3F85
C085
3FA6
3F01
C044
C06B
C03C
BECF
3FB1
BFA2
BF23
BFD7
4026
3BA2
3ED2
C028
C006
3F47
BF34
3FED
BE3B
3F87
C065
BF2D
3F92
BFD3
BEC8
4046
BF21
3F68
3F86
3FDC
BEE8
3F1C
4019
3EB4
C009
3E81
4015
3EF7
BF9C
BE77
3FF3
BEAC
BFC2
BF40
BF9D
3FC4
400B
3FCA
3F0F
BF57
3E93
3FC8
C065
BF1D
3F2A
3C0A
BF1E
C043
4085
BEF7
BF06
BF88
3FFE
BF24
BF82
BF65
400E
3F0A
BF03
BF76
3FD3
40B8
BEF0
4089
C02B
BC1C
BF80
40A8
BE6B
BDD2
C03A
BFD2
400B
BFC6
BD96
C035
BF83
4048
BF07
BDFE
BFD4
BFF1
3F33
3FB8
3CC0
C060
3FF2
BFF5
BF7A
4032
BF93
3FF1
3ECB
402E
4054
BF70
BFA7
C014
3F3F
3F2C
BF95
BF26
3F38
40A2
4039
C041
3EB7
40A6
BFB8
C090
BFF3
3FC4
3F81
3EA0
3FD3
C023
BD9B
C087
3F90
3E49
4009
BF61
C09B
BFB0
C017
3FE6
4003
3F75
BFCD
4005
3F04
BFC8
4017
4034
BD3D
BEF5
BF85
BFB1
3F19
3FFE
C067
BF2F
BF41
BFD6
C054
BF1C
BFDA
C04F
4015
3E2A
BE8A
3FE0
BE02
BF17
4033
BF21
3FDC
BE49
BDA0
3F3C
409E
BF60
C007
3F9C
3FD4
BD94
C092
BEE6
BEC9
BEE2
400B
3FAA
3E8D
BFBC
C044
4027
BF85
BE18
4094
BEC3
BF62
3EDE
BFFD
3FE8
3F69
BFDE
3FDE
C009
3E1E
4012
C069
BED5
3F21
BF99
BFB2
3EA5
4009
BF6A
3F57
3E34
BF94
BFD5
C023
3F62
BC10
3C84
3FC4
3F91
BFAB
C033
C034
3F86
BF81
3FC5
4013
C024
BE95
3FB8
BEEA
C059
BF38
BF10
BF70
C045
3F5C
BF99
3EDD
3F6A
BF8D
3F98
BF48
BF9E
BDEA
3E81
4030
BFB4
4046
BE83
3F8B
C054
BE16
3FFC
BF56
4096
3F95
3FDA
BFBD
400C
3EA3
BFC6
4014
3EF5
BF37
C024
C004
BE82
4013
C00E
3FDF
400B
C050
C059
C0C7
BF84
3D85
3F5E
3FF2
BE8B
3E21
C081
3F8D
BB79
BF46
BFCD
4015
C00B
3F70
3F96
403D
4014
BF92
403F
3F37
3EE4
BE2D
3CFD
3FC1
BF03
BE83
3FBF
4011
BFA8
3FEF
C071
C003
BDAA
BFA4
C007
3FC2
3E01
BF85
C026
3E41
BF3D
3FC7
C022
3DC5
C034
3FBB
C017
BF01
3EAC
3DD5
3F80
401B
BEF1
3FA5
C01B
3F7C
BF47
BF27
3E8E
4064
400E
C00A
BD1A
BCDE
400D
3F4F
3EC4
BF6D
BF81
C086
C093
3E7F
BF4E
3F19
404E
3FBD
3EE9
3F9B
4004
BE86
BF97
BF08
BFDB
4004
C042
3FFE
4050
3F14
3FF8
4007
BF00
BE37
C06C
3EF7
3E89
3EA1
BFC0
3E1C
C067
3FAC
BE17
BF85
4013
BF60
BF69
4056
C06C
3F12
C000
3EF2
BE48
3F39
3FE3
BEAB
BE49
BF91
BF8B
C09D
C038
3EFA
4020
4049
C011
4076
BFEA
BFCA
BFBA
C02F
BF2A
BDF1
3F17
C026
4088
BE3A
C0E2
BF8C
BE85
3F75
BE77
C007
3F73
BF02
C02A
3E95
4032
3E76
C09F
BFB3
400A
3FA9
409A
3E4D
BF5C
3F1D
BE5A
C090
C00A
3E70
C00A
4031
3E09
40BB
4019
BF25
C039
4093
3F7F
3F5C
BF94
BFB6
BFDC
3F64
BFFE
C06A
4010
3EEB
C01B
C002
3FCB
40A2
4015
3F9B
4092
C066
3D8A
3FA7
4009
C074
C0A4
BE28
3FAE
3E03
BF45
3F28
3FB7
BE4F
4022
BE74
BFDA
3F6E
BF47
BEEB
3FB0
C09D
3F27
BED9
3F2E
BFA1
C05A
4053
4015
BD7C
BF43
3F85
BF0E
BF2C
BDFB
C05C
BF4D
C025
4037
3F31
3FDA
3E77
BF6A
3F2E
3F17
401E
3D9F
BFA7
3FFD
4047
3F8B
4021
C013
BFE8
4083
3EAC
BF8B
C066
403F
BFA5
BF1C
3F85
C003
C00A
BF88
C0A5
BEB6
3F73
3F2F
3F64
C007
3E16
BE3F
BF7F
C03D
3E24
C09D
404B
3E77
BF49
BF6D
4036
3E48
BF87
BE11
C032
BF6B
4119
400F
3EC1
BF95
C0BA
4002
BFE3
3FB2
3FD3
BFA5
C087
401C
BFC1
BED6
BFB6
3E9A
C002
3EF5
3F3A
406E
C024
BE0F
3F53
3FB1
4005
BFC5
3F1C
BF6D
C0BD
3B54
C007
3E0D
BF10
BF3B
BEA9
C057
400B
C06C
C070
3FAE
4011
4003
3EC6
BF00
C013
3E85
3F2D
3F39
4014
401F
BF88
BE63
C01E
3FFF
3FBF
403F
3F8C
3F7B
C086
3F8A
3F7C
BFA1
3F7B
3F8C
C041
BF38
3FCB
3FB9
C063
4016
4031
3F14
C071
BF58
BFE4
3F9D
BF93
BFE3
3FBF
3F41
3ED9
3FD1
BFA7
4035
3D6F
BEF1
C021
3F63
BF39
401B
3E9E
3F90
BFFE
3F25
BF9C
C00F
BFBB
3EF6
3F3D
3E8B
3F82
3F86
BF66
BFBC
3F81
3F51
BF6C
C058
BEC3
3F35
BFB9
4004
404C
BFC7
BFDE
3EB8
3E4C
3F8F
3FBF
BF1C
3FEB
3F1E
3F42
BF67
401B
C05F
C02E
3EEC
C006
BFA9
3DB2
3E9B
BFA0
4026
3FE4
3FE3
40D9
BFB3
BF1E
4097
3F77
C0CC
3FC2
BFBE
BF77
3F57
BFE7
3EBF
BEEA
4071
BFDD
BFA0
C01B
BFBA
C00F
BF3A
BF81
405A
3FF4
3EDA
BEED
4010
BF22
C064
3FFB
BF10
C007
40B2
C06F
3F24
3FD2
BF8A
BDB4
BFBC
3F93
C084
C00C
BF96
BEFE
C0B5
3EE1
C043
3FA8
3F48
BE34
4075
BFB4
C07E
3F82
BF87
3D77
BF23
40AE
3F2D
BFCA
3F40
404A
BF19
40B4
BF4B
4054
3F17
BFF7
3EA5
3E24
3F28
C07C
3F3D
403F
C00E
BFC3
402C
BFB1
3FFC
BF8A
BF30
3F3B
3F84
C034
4026
3F89
4013
4010
C01D
C048
BFF6
3E57
C0BF
400A
C01E
C001
3F54
BF73
4028
3F62
3F57
4045
3FCF
BC10
BFAF
3F7F
BFC4
3E9E
C01C
BFBC
C066
C088
BF81
BFB2
3FAE
BF85
BEDC
BE52
C037
3ED1
3F91
3F35
3EB6
3F94
BFE1
BF9E
3F8F
3FAD
3E03
BF82
BE8C
4030
3F0D
3FE7
BDD9
3F9F
40C9
BDCA
C08F
3EB6
3EE0
BED0
BFA1
BFAD
BDE0
C067
C089
C002
C063
4039
BD87
C01B
4005
C01C
3F27
BE2F
4024
BF83
BEF2
BF43
C038
3F33
3F43
3FAA
C097
BF89
3EE6
3F8E
C052
3FCC
BE84
BEAD
BF21
3FF0
BF95
409B
BD34
BFC1
3F52
BE4F
3FBB
BF3E
BF12
3FC0
BEB1
BFFA
3F10
3CD0
3EA8
3F0B
BEAC
BFE7
BFEA
3FE1
BF68
3F34
4014
BFCE
BFDE
BF14
3FAA
C03C
BFCA
3F89
C006
3E52
400A
C046
3FBE
400D
C00F
C028
3E7F
400E
3DE8
BF58
3F9A
3EB3
3F86
BF34
3FCB
3FA7
BF9D
BFD0
C07D
C005
BFF8
C01F
3DA4
3FA8
3FAD
BE83
3FBE
BFB2
4003
BE77
C09F
3FA7
40D5
C021
BEFF
BD7F
3F11
BEE1
BFD0
404B
3F7A
BFE2
C01F
C044
403D
3FC6
40B8
BFAB
BF29
3E04
BF8C
BF6A
4042
C017
BFC6
3F2F
BDD0
3DCD
C020
4015
3E37
4027
BF82
3C63
3FD5
BDC4
3E4B
4091
3FCB
C126
3D2A
3E0B
C01E
BDC5
BEB3
3F6A
3FDA
4007
3EB3
BE9D
411B
BF75
3F59
4010
40B6
3F91
C037
3FB0
BFC3
BF88
3F56
3F1A
BF2B
BEC6
3FC9
4022
BF8E
C061
BEB3
BF69
3FFA
C030
BC98
BEB5
3F5E
BF38
4034
C005
407B
3FAE
4077
C06D
4087
4022
3B20
BFD0
BF33
BECD
3F94
3F9B
BFD2
3FD2
BF97
4035
3FD3
403D
C077
3F15
4012
3F31
C0AA
C03F
C048
401D
BE09
C07B
3F8A
C04B
3F18
BFD8
BEE7
3FA8
3FEC
C037
BF26
3EE5
40B8
BF51
BFF0
404F
C00A
4020
3FC2
BE72
3FEF
C00A
BF7F
BF4F
C01A
3E9E
BFE5
BE7C
3EEE
BE8E
C11D
C080
BE6B
BFA1
3F47
C044
3FC2
3F86
3E34
C02A
BD88
C056
BF10
C029
3F1C
3E3A
C038
3E96
3ECC
4057
3FCD
400B
3EF1
3F45
4038
3D1D
BD97
3EE5
BDF6
BFDA
3F12
BD69
C00D
BFB5
404C
C08A
3FA0
BF68
3F07
C033
BFA0
405F
BF38
BE96
BF80
4024
4085
BFFC
3F38
BFC6
C0C5
C060
BF4D
C00C
BD37
40BF
3E0A
3F41
BFB0
402F
4042
3F8D
C02D
40C1
BFBB
BE88
3FC5
C003
3F3E
3F03
3F39
BE04
BF57
BF78
3FD0
3FE0
C080
BFC4
C030
C026
404E
3FE9
BE45
3F64
4039
3EBA
402E
3FCC
C002
3FE7
4044
408D
BFB7
BF15
C026
4077
3E66
BEC7
BEBC
3FC3
4041
BE92
3EC5
4069
3FDB
BFDA
4027
BE15
C02D
3EC0
C023
4004
BF25
4105
C02C
BFDF
BF97
3FB9
3F08
3F88
3FCA
BF4E
BEE0
401B
4086
3FC0
4005
BF7F
3FA9
C084
C01B
3F44
3EEF
BF8F
BF8D
3E54
401C
3FEC
3ED8
3FE2
BEC5
3FBE
C09C
3F04
3FB5
40A5
C02A
3FB2
3EEF
3ED6
BE8E
3F68
3F03
3F44
3F21
3FAC
BE88
C017
3EBA
BF57
BEF2
BDFC
BE1B
3E74
BF0D
3F46
3FAA
BFB3
C003
BFC1
3F60
4080
C089
BE6D
BF31
4055
3ECA
BF90
4081
3E5E
3FB6
BF39
3FBC
C018
BFD2
BFCE
3DDE
408C
C075
3E0A
C00D
3FBA
C052
BF14
3FE4
403F
C044
3FE7
4026
3F19
C086
C071
BEAD
4010
408E
BB47
C010
3FA4
BF83
BF88
BF92
BE9C
40A1
400F
BF68
4020
3F38
BF6A
40D2
3F08
BE71
BDEB
3FC8
3D94
3F31
C02D
C012
BF13
C042
408A
C021
BF40
BFB5
4011
BECB
BF8D
4020
4003
3FFB
4070
C09B
C010
3E76
C013
BFBB
400F
3FC7
3E8F
C00C
3CB7
3FF0
C069
404A
C004
3FEF
BF7D
C042
4035
3FF2
BF0B
3F5C
3C65
4082
BF33
C020
BE9A
C00D
3FFE
C048
C06A
3F3A
3FC3
3F50
40D0
C095
3FCF
3ED0
BF8B
3E95
BF1E
4028
3F66
BFFF
4030
C065
BF92
C00D
C056
C014
3DE1
BF81
BCEB
3F0B
3DCB
3E5E
C024
BFA2
BF0E
BDFD
C05A
BFC0
BF0B
40D6
402B
3FE6
3F8B
4037
C09A
C019
C058
BE7B
403A
4072
401B
C06B
BFA3
C025
C0B0
3F98
3FF0
3FAE
C016
BFEA
40BC
40C2
3F0D
C002
3E0F
4004
C050
4006
C008
BF2C
4009
3FB0
3D67
400D
BEB2
3FC0
3F28
408B
BEB7
3F97
3FF9
3E37
BF2C
BF1C
BFAC
BEF2
BF84
BF89
BEAB
4112
3F9B
3C78
C032
3FA4
BEA5
3FEC
3ED6
4027
C038
BFB9
4010
C003
40AE
BF95
401B
3FBD
3FB8
BEFD
C07B
C05A
BF94
4005
BFB6
3F25
3E99
BF47
3FFA
3FAC
3FF2
3F8A
3AE6
C051
3F4F
BF9B
3EC8
BFBB
3F0C
3F2C
4005
C047
3F4B
3E91
4003
4035
C0F3
BFFF
4062
3EDD
4072
3FE0
BEC6
C039
3EDA
3F62
BF97
3F6D
C055
C0D5
BFAD
3FC8
3FB4
3F91
4005
BDE8
BE87
3E47
402B
BE91
BFA3
C040
40E8
3E04
BEA1
400C
C040
BEFB
C035
3EBB
C05F
BF23
3FFC
BF36
BCEB
BF92
3F10
3ECD
C0D0
BFC9
BF9D
3F48
4010
4039
BFF4
C02F
3F57
BF3F
BE90
BFA9
BDB2
4031
BEC4
4097
BE26
3F1F
BF7D
BF23
BF9A
3F92
3FB7
BF89
3F8B
3FE7
BF02
C051
3F40
BE96
C060
3F2D
BFDE
4038
BDA4
C008
BFF8
C008
3EF2
C05F
BFF9
BF62
3FD3
401E
BEFB
BE14
4036
BFD6
4008
BFFA
BFB3
3FCD
BF80
3E9A
C0CD
C003
C04F
BED7
C075
C058
4018
BED9
BF25
BFE1
C00A
3FBD
BFD8
BE95
40E0
4034
C05B
3EBE
BF56
C050
BF94
4005
BF47
BF51
3F9D
4019
3FD3
3F55
3DFE
BE09
C076
3EB3
3F71
C01B
BF0F
C0B4
BEB3
3F71
BF1F
4006
BF8E
3F75
3FA8
3FDD
4059
BFB6
BF8B
3FFD
BFA5
BFC5
BE2C
BF66
BFAA
3F0A
3EC6
4028
BF37
C053
C046
3E0F
BFB4
BE8D
3E91
3F01
3F86
BF9B
3F19
C063
3EFE
C048
C0FA
3E9F
C05A
409E
3F24
3E40
C013
BFB8
3F5E
C003
408B
3F1B
BF00
3F32
4069
402C
3FC5
3E29
BDD0
C03F
BED0
BFF1
3F7E
C063
C0A5
4036
C044
3F99
3F81
C008
BF07
BEB3
3F89
3F14
BDC6
BE67
3E97
BB48
3F8C
3F98
3FB0
4081
BF9F
C0A3
C000
3FEC
4017
BED5
3FCA
BE84
3E9E
BFCB
3F0E
C022
BF99
3FA3
3EE6
3F98
C074
BF6C
BF35
BF40
BE1B
3FE9
4012
4028
BECA
3F60
C014
BF13
BF9C
3E59
3FEF
C037
BEA5
4047
3F8E
4021
BF3C
C04C
3F3D
BE76
4056
BFAC
4077
C01F
BE7B
3F5F
BFB0
BF96
BF3C
3FC5
403A
3FB2
BFDB
3CF1
4019
BFB1
3EC1
BF88
C03C
3EDA
C032
3EEC
C01E
BF0E
4052
3FA9
C094
3F36
BF9D
BE52
BF15
3E5E
4012
3F82
405D
4033
C026
4008
3FD6
BEF7
3F41
4025
4002
3F9C
BFA2
BFC3
4051
BF3D
3EA4
3F10
401F
3F30
3F0C
C08C
BFC5
3F9D
3F65
3E05
3FA7
BF6D
3F9E
3F09
BEE1
BFB5
40A4
4021
BF10
C0AB
3FB1
BF92
BE4F
3FD8
3D92
BFD1
BF5E
4080
C025
BF89
C023
BFF2
4015
3F49
C047
3F7A
C08B
3DA8
BF82
BFED
404A
3FFE
3FD1
40B4
3FA7
C06A
3FAC
C064
4033
BFF8
BFBB
3ECA
BEDC
4070
BF98
BF5C
BE2A
3EEC
3FEB
BF41
402A
BF83
404E
3D50
3EAC
40B1
C02A
3FD6
3D8D
4037
3E8D
4027
BFEF
BF50
BF3C
402A
3FE9
BFD7
3F91
C00F
3F9E
C0B1
3FE5
4000
BED7
BF72
C029
40D3
3F8A
3ECA
BFD0
BF42
C035
3E63
BFCD
BFBA
4053
4059
BF06
C028
3EB4
4033
C08A
C01A
3FBA
BCBD
BF78
C096
3F39
400B
3FD2
BFF2
C041
402F
3FE5
4039
401F
BF8D
4024
C045
3F92
C087
4084
C01E
3E9D
403D
BFD2
3F61
3FC4
3F27
BED6
BFC5
BF71
3F29
3FD8
4020
3FB3
3F86
C09C
3FC9
3E4F
BFE0
3F36
3E8F
3F3E
BE90
BF31
3C92
BF02
BF3A
402B
C01E
3F1D
C085
C08A
3FE6
BFA8
3C95
BEC9
4007
3F77
C005
3F74
405B
3FD8
3FEB
4093
BF9A
BFAD
BF5F
BFCC
BFD5
3FA6
3D50
4058
40A3
BDC9
3F3F
BDD0
BD1A
BC2C
BFA8
3E4B
C033
402E
BF8C
3FF4
C044
BFA6
4019
4028
BEBE
4053
C04C
3FB6
BFC5
C01C
3FD4
C027
BFD1
BF14
3EF3
BED9
403C
C02D
3F55
3F34
C055
BF03
3F5A
C028
C006
4030
3F94
3F62
C03E
C029
BF2E
3F7E
BFEF
406F
3F26
3F3A
3B41
403C
BF5F
BFC3
C006
3FED
3F07
403D
4074
3F79
C02C
C083
3F90
BE2C
BFC4
BEE1
3F13
BED1
BF44
C009
3F9C
3F4C
404F
3FFF
C094
BF06
3FDF
3FC0
3F23
C052
BF58
3FCA
4060
C049
400D
3F96
3F68
3DD5
C020
3F9F
3F6A
BF07
C00B
BFA7
BFA5
3F6A
3F04
40B0
3DCD
C090
3F06
BF1B
BFEA
3F09
C018
4048
C015
3F05
3F07
C039
3E5C
3F21
BEAF
4057
BE3B
4001
4056
3FCC
3F37
BEBF
BDF7
4060
C025
400E
BFD2
3E84
3FD0
C034
400F
3ED9
406B
C03C
C05A
3E9D
3E98
3F2D
C102
3EF2
C045
BED6
3FFF
BFAB
3E77
BE8B
3F5C
3F32
C02C
BE60
C07B
4036
3F68
3E18
BF94
3E91
3F1C
3FBD
BE40
BE8C
BFA0
3F41
BF13
BE51
BF00
C02D
C024
3F00
BD77
BFBC
3F1B
BF8F
4093
BF57
3FD7
BF3F
C018
3D84
3FB9
405D
3F55
BFC1
BFBA
BF21
409C
4013
4054
BFE0
3F62
BF61
3F94
3FC8
3FAC
BF21
BE99
407E
BF1C
C02A
BF6C
BEEE
4090
3F50
4068
400C
C093
3F51
400A
3FD4
3FCD
C009
3F87
4009
3C83
3DC9
4060
C04E
3DF2
BEC4
400D
3FAE
3F4F
3FE7
4085
BEC2
4044
C065
C03A
4003
3FDC
3FCA
3FCA
C043
BF91
3FF6
4007
3E93
C02B
404A
404B
3FAA
BF2F
C017
C023
BF9D
C0C7
3F76
3DD0
BFFB
4082
3DA8
3F0C
BE11
3F29
400B
3FD1
3FF9
BF70
3FB1
3DF7
C0AD
3F92
BF3E
BE72
C035
C005
C020
BDDC
BF38
C04C
C084
C007
C059
C03E
BEE7
3FD1
3ED5
3E4A
3EF3
3FD6
BF0A
C083
BEBD
BEB6
C043
3EA6
BD2F
400C
BF42
4000
BFB4
BFF2
403D
3F75
C079
3E8F
BF64
4085
3FAE
3F56
C0B3
C0A4
BDAC
3F0E
40B7
4001
4003
3E49
BF9E
402C
BFC5
BD7D
404E
3CF4
BF2A
C050
3F95
3FD1
3F9F
C0AF
BFC2
C070
3F7C
B6C0
3FE6
3F70
C07F
3E29
BE83
C001
3FEB
C066
3F28
BFD6
403D
3FCC
C023
4086
BF98
3FF9
406A
BED3
C056
BF3E
BF86
BFA5
3F8B
BD88
C04C
BF6A
3FB7
BEE5
3E7E
BFCC
3D8B
BE8A
3FA7
C0B8
BFE5
C018
BFFB
3FD5
3FBF
BE08
C00F
3F26
4097
4057
C006
404B
BF97
3DF2
BFB3
C000
C088
3F5C
3F6A
BECE
3F88
4006
BF87
3F5D
BF9E
3F7E
405F
C02A
3FE6
3EB0
409B
BEE1
4027
C000
3FF8
C00C
3EBB
3F0B
3FC1
BF88
3FEC
C01F
3F90
BFDA
C005
BF6E
BD77
3F9C
40D2
3F2A
3ED0
406C
BF98
BFB9
BFFD
C07E
BFAF
3F63
3E96
C04E
C01B
BFDB
BD98
C01F
3F13
3FBD
3FBA
C06B
3F4A
3FCB
C036
4016
3F9C
3FA6
BF55
4007
3FCC
3ED5
3F36
BE5B
3F38
408C
BF4B
C09B
3F14
BF30
C0BF
3F21
BE24
C0D2
400C
BFA2
C083
C006
3FCB
C02E
C00F
4038
405A
3F12
BF3A
3F9C
4004
BFFE
BF5D
3E32
4013
4008
BEE1
4024
4076
3F94
C0AD
C088
BFFE
BE90
BF97
3B2C
4029
BF3A
BDD9
BF95
3F07
4100
3E0D
C05C
C024
3FA4
3F88
3F7A
BC98
BFF6
3EA5
3FB6
BEE1
BCA1
BF8A
BF9F
3CE0
4086
BF47
3F16
4045
BFBE
BFCD
BEEF
3FF7
C080
4060
BF95
C00A
BFB6
3EB7
3E88
4006
BF78
3F63
BE07
BEE8
BF91
BE88
3D16
3FCD
3FA6
3EC4
BF42
407E
3ED3
BFF3
BDF5
BE09
BF91
40B4
4038
C0DF
4035
C098
3F8B
BFBD
4015
3EA8
3FFC
BF31
4085
C027
3E84
C009
BE5D
3EFC
BF67
BF3A
3F76
BFC7
BDDB
3F94
40E0
400E
BFD2
3DF3
4023
3DBE
3E4A
3D80
3F41
BF6A
BE8D
40BC
4073
BF99
40CD
BF3B
3F88
4034
4035
3F04
C05A
BE81
BFA6
3FC4
3EAA
C04B
3F32
BFA1
C004
BEE1
C00A
BEF1
403F
3F74
BD80
3F1D
40D1
3FED
BFFF
3F86
4019
3F35
408B
3F73
3FA6
BECD
BF4F
BEE2
BFFA
BF19
BF80
3EF1
BF9D
C01B
3FF1
3EC9
4007
C055
C001
3F79
3FC1
3E84
3CF8
C002
3FCC
C08E
3FEE
3F3C
4088
4010
3E0A
BFA1
BF9A
3FA5
3FE0
3FAF
4010
3F96
3EFB
C089
4083
C007
BFC5
C034
401E
BCBA
BF2F
C07D
C074
BE15
3F97
3FE7
3DEA
BF8E
BFCA
3F80
40AD
BE97
3F28
3D9F
C039
4041
C01F
4069
BE3D
40A6
4043
404D
4083
BF99
3F07
BF61
BFCD
3D39
BF7C
BE6C
BE9D
BEF2
4015
3D70
C04F
4024
BFBB
3FA6
BEF3
C0A9
BF93
3F0C
3FA0
BFC1
3FCB
BF75
BF17
4087
403C
3FC1
BFBD
3F29
BEAD
3FC2
3EC4
C0AF
3EFD
3E9C
3DBE
3F99
40AA
BF6C
BF0A
C048
BF74
C027
C043
BFD4
40C8
4082
408A
BFC7
BF4E
BFF6
3E03
4013
C004
BF65
3EE3
BF42
4021
3E57
3C14
3EA6
C063
BF87
C05F
BF29
C063
3E70
BF62
3F62
BF6D
3FA1
C058
3F52
BF54
C090
BE9F
3F28
BF35
40BC
4021
3EC7
4066
BC93
C011
4091
4030
3FA7
C042
BFA8
C01F
3FFA
3F1E
BF42
BF82
BF01
3FB9
C002
C100
3F89
BEA0
BF76
BFCE
3F8E
3F2F
C02B
3EFC
400B
3FFC
3F62
3F2A
3FB3
3ED9
BF7E
3F17
3F9C
4022
BF81
BEF5
BA24
BFF1
BF41
BFCD
C024
BF40
40C9
BF81
BFE2
3FDF
405B
3F78
BFFB
C087
4027
BF15
400A
3ECB
BE13
4029
BF22
4052
3F5E
3F6A
404F
BECA
3D6D
BFDE
3FF6
3FF5
3F57
3FF0
3CF0
C02E
3FE7
C084
BDE6
3F68
BF7E
BF56
3EB3
3FBF
BF9E
BFCB
404D
BF19
C08F
3F55
4037
BF26
BFCB
4040
BF1F
3FBE
3F5F
BFF0
BD58
410A
4017
40A7
3FF4
BD7F
BFFC
BFF1
4037
BFBD
C02F
C051
3F95
3F54
C028
409E
BEF8
408E
4010
BF97
4020
3E9E
C008
3F7A
40BD
3FB7
BF12
BFD5
BE33
BFAC
BF44
3F8F
4078
3FBC
3D69
3F4E
C02B
3E12
BFC3
BEED
3F77
3F19
BFDE
4009
3FF5
400C
BFCB
3E7F
BFD4
BFA7
3FED
BE3C
3F81
4014
3B2D
3ED8
C051
3FA2
3E2F
3FE4
BFE8
3F9A
BE9F
BF28
BFD5
3FE6
3D92
C03B
C03F
BFAB
C043
BF76
401F
4024
3FF0
C074
3F9A
C05F
C064
BF82
BFE5
C02F
404A
BE97
BFFE
BD12
3FD8
3E6B
C044
C006
BFFF
BF40
3F09
40A6
4088
3DDA
3D67
3FCC
C028
405C
C084
BF39
BD25
C07E
4030
BF20
C0B9
BE83
4007
BF48
C042
3F87
C050
C0A8
4019
3FF2
4033
3EA9
BFBF
BE80
4045
BFFD
BF03
BFE9
C06B
C040
4038
3F9F
405E
3FB6
C00F
3FBD
BFD1
BF5B
3FCF
C007
C0A1
BFB8
BF30
3FBC
BFA5
3F7F
3E14
BF63
4030
40B5
406E
3FB1
406E
3F5F
400F
4059
BFE6
3CDF
3F0A
404C
4035
3F3F
C00D
BFE0
4031
3FEC
BE8F
3FFA
40E7
3F49
BF1B
BF7A
C010
BFDA
3F9D
BF5D
BFB8
3FD4
3EC3
3F17
3FDC
3F3D
C096
BFE2
BE84
3E86
3F0A
3F84
BF90
BF21
C092
3FDB
4004
C015
C049
BE83
BFEB
3FB7
3F17
BFCF
3EF5
3F09
3FA0
BEE6
C019
3FF7
BFD1
3D58
4072
3FEC
3FEF
3F61
409F
C00D
C03D
C001
3E86
3FE6
BD96
C01B
4026
BE8F
BF25
C096
3EB1
3F40
C03F
BF7F
BF4B
BFF6
3FAE
3FA0
3F45
C027
3FB6
BF05
BF8A
BEAC
C003
BFBB
3E5F
4008
C005
403C
BFCC
4013
3FAB
BE1A
3F3A
3F03
4015
40A9
BF12
3FAC
BF71
4025
BEF2
BF0B
C018
4051
BFFE
C046
3FAA
BF90
3F8B
3F9A
BE86
3D51
4094
BFDE
BC85
4027
C075
BFD6
3F4C
BFD7
4005
3E79
3FA3
C011
BF2A
C039
BF53
C03E
BD3E
BFA6
3E80
BFF2
3F99
BE97
3F07
4039
3F3B
C0AF
BF5F
C0C0
C090
BE93
3F9E
3F47
C024
BF32
4098
C01C
BEA6
3EB5
BE23
C05A
BF71
C030
C095
3EC6
C00C
409F
3F8F
C030
BFA7
4002
BF31
BF71
BFCF
3DF9
BCA4
3FA7
BF5C
3E9A
3E9A
C042
4034
3F47
3F9F
3FA1
C088
C0B1
3EAD
BE78
BFB7
3E7A
BFAB
BF43
3FEB
BFE1
BFC5
3F50
C046
BFA8
3FFC
3FBE
BE27
BF28
3FA8
3E20
C035
C007
BF76
3FF4
3DA9
3FAD
BFCE
3F5E
3F14
3E31
3F68
BFA0
3C06
4041
BEB1
4047
C024
4016
BE5F
3F1F
BF86
3F5A
404F
C051
BF21
BF16
3FD1
BF9A
3FA5
4018
C067
BF10
3E48
BE8D
BFE8
404A
3CB6
3F49
BF3D
3C35
3FFF
3E38
BFBC
BFAB
3FA8
C024
BEAB
BFD9
3F02
4059
3F48
C0C2
3FE4
3F74
C036
40A5
BF89
3FB5
BE11
BE45
BF45
BFDE
403A
404E
3FB2
3F9C
BEDA
4059
BF42
3FDF
BFA6
3FA8
402D
404E
4001
BF81
400B
4020
BFBA
3F8F
BEA6
BFAC
3F96
C02A
BE9A
3E96
3FF2
BF1B
BE1E
3EA9
4022
C014
BCD5
4023
C05D
C019
BEA4
4045
C086
C000
3FA7
40A0
3FE2
4046
BFB7
BFCC
3FB0
3F03
C054
4006
3E9D
BFA0
C01F
C092
405D
3F33
BE75
BEB1
405C
BFFD
400F
3F9C
3F1B
BEB5
BE51
3EE7
BEDF
C055
BED1
3F68
BF29
C037
BFB8
BFE7
40DA
3F82
BE43
BFE1
C061
3F79
3FD4
3E50
4086
4040
4090
3F72
BDB1
BF40
4015
C00B
C02E
3F7D
3FEF
C06C
C025
BF84
C018
C04E
3F90
BF3F
C098
BEDC
3F85
3EF5
BEB5
BE27
BFD8
3D66
BF11
BE8A
C033
BFEC
4025
BEC3
3F97
BF83
3F3D
4009
3F8F
BF65
BFCA
BE74
BFB1
BF87
BEDE
3FA2
3FD9
C012
BFBC
3ED0
BE2C
BECF
3FDE
3F48
BF25
3E9B
BFA9
BFB2
3FF1
4047
3FEF
3FA7
400A
BF1A
C010
3E28
BFE1
3D37
BFC4
BFDF
404B
BFED
C047
407A
4006
3F5E
BFC4
BFF9
BF37
3FEA
4012
BFC8
3FE7
4060
40DF
3FA5
BEF0
BFBF
BE89
4017
BC4D
4086
BFC3
BF61
4064
401B
3F4C
3F4C
BE2A
BF60
3FC4
3F62
40A6
3EF0
3FC4
C095
3ECB
4048
BFCA
4107
BE97
BE26
BF06
3F7D
BF56
3E14
BF80
BF70
BF25
C02E
3F49
BFFA
BF9A
BE86
3FF9
3F40
4081
3FC1
BD9A
C0D2
BFF3
4012
C015
C01F
403E
3EED
3DCF
3E12
BF8E
C059
C086
BFDE
4007
C002
40A0
3FC1
400E
3E66
BFF6
3D65
406D
C03A
C00E
BFC7
C008
40B0
400D
4000
3E8C
407E
3EF5
405A
3EED
C01F
3FD6
C043
BEE0
3FF8
BF75
BF32
3FD8
40D4
C05E
C07D
C00F
3FD6
3D14
BF4C
3FCE
3DD3
C0A9
BF91
3FD7
BFA4
3EA1
3FE7
3F93
3EF2
3E8D
C035
C057
3F92
3FED
BEFB
BF2D
BF66
3F8B
BEEC
40AC
3FFE
C074
406B
3E06
BF3C
3D5F
BFD3
3F17
C01B
3F3E
BF7E
3E9D
BEAE
BFE1
3ECE
BEAD
4028
3E39
3D2E
402F
C083
3FB8
BF68
3FC5
BF20
C026
BFA9
BF94
BF54
4026
3FF4
3F81
406F
3FCB
3F92
4036
C00C
C039
BED0
BFF2
C027
BFC4
BDFF
3E67
406E
BE92
4058
BFF8
BFB1
BF20
409A
C075
3FBB
BF38
BF15
4065
3FAE
3FFB
BF74
3F8E
BFB1
3F91
40B9
3FEA
BEB1
3F1D
3EFD
3EA4
BFAB
BF98
BF8E
BFBB
3EC6
C008
3FB1
BED9
BFFB
3F33
3EE5
BEFD
BF7A
BEF7
3FBF
3FA5
C077
BD00
BFC8
C002
BEC4
402F
3ECC
3F45
3FDB
BF72
BF69
BFE7
BF38
4026
BFCB
C045
BFDE
BFC1
3F82
BF37
BF1C
3FBD
BF40
3F34
3F2D
4007
BFA1
3FC6
3F33
BFAB
C011
C146
4029
BE7A
BF22
4004
BF46
409E
C018
404D
4011
C083
BF56
BF76
C02D
BFBE
C06A
406A
BF3F
3F76
BF0C
BE9C
BEDF
3E79
3F44
4004
BEDC
BEAB
3F9B
4029
3E26
3EEC
C006
BF41
4049
C006
3EEE
BF5A
C01E
3FA9
BD93
3F91
3FFB
C09D
C0BB
3F6E
BEAE
3FD2
C0AC
BFBD
C089
3F2F
3ED5
C028
3E3A
3EBD
BEBA
BF7A
BF7A
C011
C002
BFD6
3F90
3F96
BFEF
C064
C057
C0B2
3F2F
3F97
3FF5
3F36
BFEB
406B
3F67
BF0A
BF39
BF44
3D91
3FD7
3F6E
3F2F
BF7A
3F2B
3FF4
4008
3E6C
BFD4
BF9F
C056
404E
3F5E
3EEC
C01D
3FEB
3F92
C00F
BFBF
4019
BF0A
BF7A
3F32
C046
3F8B
BF45
C002
BF8C
3DE0
3EC7
C00A
BF77
BE86
C031
3EBC
3FB0
400E
405D
BF13
4049
C01E
C04A
4009
3F8C
3FC9
3EAA
3F30
BF6D
4055
400B
BF7C
BF9D
C07B
40AC
3F87
BF7D
C070
3DD1
4061
3E93
BF8F
4081
3F20
3C3E
BF0B
BEE9
3EB8
3E5E
C04F
400C
4038
C00F
3E53
BF97
C042
3FA9
C005
BF6F
BEE3
BF94
C06E
3EDB
40BC
BFF4
3F1C
C083
BF03
BF61
3E50
BFEA
401F
408A
3FB3
407D
3FE6
4068
3E7E
3F86
BF87
BDA6
4086
C060
4055
BF2F
3FFE
BF66
3FA3
BF1B
3FA4
C027
408D
BF6A
3FF3
401A
C02F
BF25
3F37
3E57
BEFB
C003
C034
BFD1
BF77
4073
40D9
3F22
3E0E
BFEF
3F22
C0AE
3DEE
3E4E
3F52
3D0D
BFB4
3F01
3E97
BF88
BE6D
C012
3ED7
C018
3F9A
BF5A
C01B
BEA2
400F
4010
BF42
BFC8
4014
C094
401B
3E7C
3F57
BFE8
3F92
C05E
BFD4
401E
BFDF
C01A
3F75
BFCF
3E0A
BFC1
4010
4037
BFD8
BF02
4018
3F01
BFAC
BB5F
BF97
BF34
3FA4
407B
3E7B
C04C
C0AD
BF07
BF8A
BFB5
BF55
4010
3F39
3F9E
401F
3F23
3F8F
BFB1
3F5C
BE2F
C0A3
4067
400B
C0A5
3F88
C095
C0E0
BF90
3F31
3FA2
BE90
C099
402E
BF9A
409E
BF96
C01A
3F4B
3FBC
C075
3E69
4047
BE37
4002
401C
BF8A
BF09
408B
BF90
C023
40B6
3FAB
C064
3E48
BEB1
BF3A
BEBF
BF9D
BF2A
C04D
402B
3EF4
3FFF
C090
3FBC
3E26
3FCB
C0A8
3FB6
3FBE
3FEA
BF0E
401E
C02C
BFC7
3FB0
BF97
C0BF
BEC5
BFF2
409C
4031
3F98
401E
C084
3EBB
BF5B
C052
3E20
BF42
3FF8
3E30
3FEC
BF1C
3F4A
BFA2
BF66
C06E
3FDF
406C
BFE4
401B
C00E
3FD6
C05A
3E10
BFC8
BFF3
BFBD
C038
401A
BF5C
BCB4
4042
C014
4022
C017
3CFC
4008
3FB6
C026
BF61
3FDA
BFAC
BD78
BF2A
BF3C
404A
4009
BF65
BDE6
404C
BE85
3FAE
4009
BF4F
3FA7
BFEB
3FB2
BF15
BEA5
3FB7
3F5B
BFE8
3FB4
3F44
C071
3F9B
C03E
3F99
3E0F
C01E
BF22
BF0D
C070
3DC8
C048
BEA9
3F98
3E89
C082
BF28
3F04
BE11
BE5C
BFF6
BF81
3FC3
C02F
BF22
403C
40DC
BFAB
BF4F
BE8C
BFB9
4063
3FCA
C0C8
3FB3
4033
BE22
4054
4006
C025
BF46
C027
4097
C011
3F6F
C059
3FA4
3FAB
BFE0
4067
3F10
BF4E
3F73
C08E
4050
4027
4033
3F2E
4016
4046
4081
3ECB
BF7C
C006
3FF6
4042
BFA5
BED3
402C
C027
3F85
3FB9
BF39
3F23
3D9E
3EC1
3FAA
BFA8
3ED2
408B
3FEF
C08B
C026
C058
BF0B
3DB8
C07D
3EA5
BCBB
BEE2
4037
C0B3
BF9F
4043
BD43
C094
4023
3F7E
3ECD
C001
3ED0
BF53
C04C
BCB1
BFA2
3F69
BEA6
3F8B
BE1C
3F57
3F88
40E5
BFD9
BE78
3F93
4017
BF14
3E48
3F09
3FC1
3F9C
BAFB
4069
4018
3E43
BE90
3FBC
4035
3F6A
3EB1
C004
3F7A
BF80
C069
3F5F
3F7B
3F52
40CE
3F4A
4041
BEE0
3F88
3F79
BF64
BD8E
3F93
3B00
C0A0
4027
BF4A
4057
3FD4
4041
BFD8
C06A
3F35
401F
C02F
3FB8
BE16
3FB6
4098
BE47
BF94
BFDB
3FAA
BF95
C035
C013
3F9E
BF6B
3F5E
401F
3F45
40B8
3F1B
BEBD
3F47
BDBF
4002
402E
3F6E
3F94
BFB3
BF73
C041
C001
C022
4046
3EBE
3FF6
4025
BF79
3FB9
3F76
40D4
402D
BF58
BF26
4026
BF84
C042
BF1E
C025
3D3E
C015
40D0
BF6A
409B
C00F
4083
C055
3FDE
C03B
3F92
3EE5
4003
3F92
BFF4
BF8D
BFD1
BF2D
3FEA
BF40
BF2E
3F33
BD70
3F1C
3F80
C0F8
BFA5
BE88
BF79
3FB7
3FC4
4091
C051
C0A7
BF87
3E15
3FE1
3F66
3D32
BF62
3FE7
3F39
C0C9
3F51
3EAD
BFCE
BD7E
3F76
BD68
3FDA
3F5F
C01A
3F36
BF4C
3FD8
C065
4090
3FEB
3F15
BFDE
BFEC
4004
BE07
BF98
4038
3FC9
4011
3F2A
BF82
3F96
3F36
BE6E
3F0C
3FAB
3FE8
BFFB
BE99
BE60
400A
406A
BF49
3FD0
3FDF
BC7B
BF8C
C053
BEE5
3FFF
3E88
3F95
3FA6
3F7F
BE32
3FCB
BF81
BFF4
3FCE
401E
4034
3EF5
BFCC
BFFC
3EB8
3ED0
BF54
3F4F
BFD8
3E87
4001
BF82
BFF8
BF0E
3EE1
4013
BFC7
3F42
404A
C007
4069
BFCE
BF20
3F4B
3FAF
4082
4042
3F25
3F3B
C0A7
4009
BF58
4001
BF53
BFB1
BF54
BE4C
3DB4
402F
4036
C08C
3FB7
BF96
4008
3FCD
BEB8
4003
4078
405E
40CB
40A4
BF21
4029
409C
401A
4005
3F0A
C055
BF4F
4011
3F48
BE8B
C052
C053
BE1D
BF17
3ECD
4063
401B
C02D
3FBA
BEDB
3FA2
C027
BEEF
3C6D
4023
3F5C
407D
3F01
4004
BDCA
BF69
BF50
BDCE
BD58
3F80
3FCB
BFE3
3ED8
4019
BFFA
405C
4092
BF1A
3F3C
3FEF
3F2E
BF99
C022
400A
4026
C01F
BFC4
BF81
BFA0
BF97
BF9F
3FE9
4008
3E38
3FBD
BFDF
C041
3FFB
3FAB
BEBD
3FF0
BDA6
4070
BF0E
4048
BF99
BED7
4082
BED2
BEA0
BFC7
BF31
4006
BE90
C0BA
BFCA
C097
3FC1
3FFF
4010
4004
C052
4019
3F62
BFE4
3FA9
3FBA
BEE7
C07C
BFA9
BF11
C009
C092
3F00
BE38
BE2F
C034
BFB8
BFB3
BF1E
BFD7
3FE3
3E1B
BF8D
BFE9
405B
BF07
BE0E
3FCB
BFAE
3E69
4000
3ED4
BF4B
C026
C00C
3F2A
C0A8
3CE8
3F9E
BF6D
3F87
409D
C06B
C050
3DF8
3FBE
400A
3F49
BFF4
C088
3FA5
C06A
4062
3FAB
BFBD
C009
BF44
40BB
C015
BFDC
C022
4016
3FEA
C034
402E
C020
C073
3F45
405A
BF6E
3F70
BDE0
3F3E
3EE2
4017
C04F
C02B
405B
C028
BF72
BF5C
BF92
3F8F
BEB0
40AB
BF16
C13B
3DF4
BF25
BFF7
3F3B
3E35
C077
3F9B
3F39
3EBF
3EB4
C088
C0B2
BFAA
C057
4085
3F83
402A
3FA5
BFDC
BFA2
BFF5
BE9E
BE59
3FD3
BE9F
BF7F
4061
3F8D
3EBC
C040
3FF6
C00B
BF46
C01A
3F47
BFA1
3F81
409C
400B
BFBA
3F86
C063
3E64
3F34
C03A
BFBA
3FE0
3E53
BF0F
4097
C010
BF2E
4015
BF0D
3E9E
4017
BE22
BFC6
3FD8
BE2D
3DE6
3FC2
BEF0
BFE3
BFAC
405A
40CE
3FBA
3FF8
3FCD
3FD0
4090
3E43
C016
C03E
C075
3D77
4024
C03E
4041
3F5B
BFBB
3F68
C01C
C001
C008
C0DA
BF3D
BF07
3FD3
C02F
4033
BF29
BF9D
402A
3CD0
3F8C
BFA3
BD18
BFBF
BFE6
405D
4027
3FBD
4008
3ED6
C02C
BF95
BF6B
3EB1
BFBB
BEC4
C00A
BFED
BBF4
3F20
3C33
3FF8
BFFC
3F94
4013
3EF7
BEEF
3EAB
C006
C025
BE8F
BEFA
BFB3
40BE
C039
3F53
4001
BF84
BFFC
3FE9
BE3F
3F6D
BFE1
40CE
BEA1
BECC
C093
C01C
3FC9
BF5E
3F2F
BDA0
3ECB
C033
C021
C016
404B
3F45
C073
3F5C
BE8C
3EAF
BFCF
BE01
3F17
400A
3FB7
3E7F
BFCE
BFF6
4009
3F49
4045
C061
3F6D
404B
C000
C00B
C028
BF49
BEDA
3FB0
BFBF
C01E
4029
4100
BF2E
BFA1
3F26
BE87
3FBB
3F8D
3FD9
BFDD
BFA5
3D20
BFEC
4082
3FAD
C004
3D66
BF88
3F17
3EFF
C021
4030
3F8F
BF36
3E06
BFAD
3FAD
BFC9
3EAB
BF62
3FA1
BED8
BF96
C029
BE12
405C
3FFD
BFF1
BF47
C042
BED1
BF34
4022
4008
C064
BECD
BE8F
BEC0
BF84
3FCF
3EA4
3E6B
3F81
3FC3
4028
4056
BFF3
BD89
3FC0
BCDF
BF1A
BDC6
3F88
BEC0
3FDC
3F55
BF05
403F
3ECD
4017
3FC5
C017
4000
4068
BFCB
4019
404E
3F29
3F73
C038
3FDA
3F93
BE16
BFF2
C028
3EFB
BFBB
BF43
BFED
C032
3F23
BE0B
BFAC
3FA2
BEDF
402F
BF9C
C038
BEDD
BF4E
BE96
3EAE
401E
40B6
3E4F
C096
BFF8
BFC2
BEC0
BEF4
BFBA
BF83
3E81
BF9E
4059
3F24
BF21
3FA6
B9F6
40D8
C052
4025
40AD
3F1F
3E01
3FBF
BFB4
C029
BD20
3FF8
C052
3FED
C028
BF06
BF3E
C023
407A
C045
C08D
3F4B
3D97
C000
BF68
BE0A
3CC6
3F4C
4093
C049
BFF8
3FDA
4013
C035
3F8C
3F9A
3F4F
BFD0
BFAF
BEC1
40A4
C013
BFB3
BE53
4083
C07E
3F04
C083
C018
410F
BFF4
C036
3F22
3F88
BF62
4024
BE92
BF84
BFFA
3E49
3EB4
BD3A
BF01
BF1B
BEA6
3F44
3F91
C034
BF7D
40BA
405C
C02E
BF8D
40E2
3FA8
3E2E
C017
BFC5
C077
C060
404B
BF49
406B
4036
3FD1
C074
3FB8
BFFA
C054
4019
3E60
BF90
3F9D
BF17
4026
4063
C041
BF9B
400D
3F91
C060
C079
40B8
C02F
4014
3F94
3FBE
3FB8
C03F
BFEF
C031
C041
BD8E
BF02
BFC3
BEE4
3ECC
3F7B
3FCC
3EB5
BFBE
BFBC
3FF1
C014
3FD0
4002
4035
3FC6
BF93
3FE4
BEA5
BE9D
BF41
3FAE
BFA3
3FCD
3D86
BF31
BF21
3EF0
3F74
C068
3FC6
3FEC
C06A
4056
3F21
4037
BF40
4042
4000
3DEC
4001
C040
3F81
3FA6
4024
BF88
BE9A
3EAE
400D
BFC6
3F85
3FC6
BFE6
C009
3FAB
3E10
BF9A
3F72
3F16
3D01
BF94
C0B6
C0B7
4061
BE92
3F63
400A
BFE4
C097
BF1D
3FBA
BF3E
3F80
BFD0
4009
3EA5
BEA6
BF78
BF9A
3FA0
3DB6
3E98
4029
3FB6
4023
BFE1
4096
3EB6
C01C
3F6C
BE4C
BF97
BF3B
3E53
4000
4087
BF39
C00E
BFEB
BF88
C020
3FC9
C057
3EBB
BF6E
403E
3F20
BFD7
4020
BFF2
BE8B
BF1D
BF9C
BFDC
C026
BFC0
3E0F
3E93
4013
4013
401A
4030
3FDB
C010
3D99
407E
BF0F
BFB7
3FEC
3E4B
3F5B
3F07
3F7D
C06F
BFBA
BE14
3F3D
BC9D
BECA
3EFB
BD9D
3FAD
3FB9
3F4C
3E86
C0E7
3F37
3F12
3DE9
C0C5
3F23
BFD4
3F5C
3FA2
3F7A
BFBB
BF56
3F8A
408C
BFDF
BFBD
BFA6
402E
C00A
3FEF
3F2F
3F9A
BE9D
3DC2
C06E
4000
BF31
BEE7
3DA7
BFA1
C088
C0F5
BEFD
4014
BEBC
C076
BF1A
C062
4087
BFCF
3E8F
BFE7
403E
BF88
BFE8
3F76
BE8E
4018
4053
BFC0
3F95
3EB2
C053
3FEC
BF3A
40A6
4040
C096
4075
BE48
BF2E
BF72
BFCD
4041
4082
3FE5
3E69
BF49
BFD1
3F40
C05F
4097
400C
3FC2
3E9F
3EB4
BFBC
BF7E
BF28
C04C
3F61
3F8D
BF87
C02D
3FD8
40A8
40CB
C031
4015
C012
BFC3
BE49
401D
3FCB
409C
3D9E
3E46
BF0F
BD74
C010
BF5E
BFEE
3F12
403D
3FAB
3FC7
C0BC
3FC0
BDFB
C039
BFE3
BE1B
3E11
408A
4035
BFD2
BFD8
C09F
3E9D
3F96
C045
C028
BF87
3FE8
BF82
4046
3FFF
3F03
4069
BFA4
3FB8
BFD7
3E25
BFAD
3DA0
BF5E
BF28
BFB8
C013
BFDD
4018
3F49
BF63
BFCF
BFF1
BE49
3FE4
BE61
3F88
BFFF
BE95
3F34
3F81
C00A
3F2F
3D44
4037
3F04
C092
3D2C
BFCD
C000
3F12
3FA9
BD89
3F13
3F1B
C037
BFC7
3ED2
BF04
BFF7
BF72
BF2C
4035
BFB7
40D0
3ED8
4030
3EB1
3FC8
C025
C04E
BFEB
402E
C018
BF61
C094
3E23
3F77
3FBC
BFEF
BFFD
406F
3DD5
3F96
40DB
C113
C00B
4032
BF10
BF09
BFFE
BF8D
405C
3E9D
3FA7
BF39
BF39
4061
BE5E
BF6C
3FB6
3EA6
3F34
BD8A
BF71
C009
BEC5
C0A2
3FC3
BFEA
C094
404F
4026
3F79
C05B
BF24
3F95
3F70
C01D
BF5D
3F5A
BBA0
3F4A
3E57
C008
BFB0
BF83
C03E
BF3B
4036
BFCB
C053
40A6
BDC5
BFD1
3F0B
3FDD
BF49
3F2B
BFC7
3EF0
BF7D
BE19
3FC9
3F17
C011
3FFF
40D5
BF46
406C
3F95
3EC6
BF6F
406A
4006
C04E
400B
C02F
3F9A
BE9E
BFB8
C04D
C052
3FDF
C061
4016
C053
BFBA
3F8E
BF30
401A
3F8F
3F6A
4019
BEC7
3FC1
BE40
4096
BE25
3E94
BF8E
4044
BD4C
40E4
BF15
4064
BE29
3FB3
BFEC
3F09
BFFC
C034
3F9D
3FF5
401A
3E96
4018
3F7C
BFDE
BF89
4081
BEA5
BF4C
C05B
C020
3F7D
BFCA
BFE3
3FC0
C06A
BFE3
BFC7
4078
3DCF
3DE4
3F99
3FF8
BF9D
40D7
405D
C029
3F46
BF8C
3FB6
C08D
BEE8
3EE0
C066
C014
4073
3EB1
405F
3F55
401A
C02A
3F1E
BFCF
3F8D
BFB2
BE48
400E
C03D
BE35
3FBD
BFAD
BF32
BFBF
3FAE
3F8D
400A
BE18
3EBD
BF18
BFF3
C072
3FB4
BFC8
4032
3E99
4064
BF10
C04C
3EF4
3FEC
C125
3F76
3DA0
3FA1
BCF7
BF48
BE53
3F1F
3F48
3FFB
3FB7
BCD1
BFA7
3F39
3F10
404A
3EEA
BFAA
BEEC
BE3B
C041
3E5F
3F94
3F22
C055
400B
BF29
C013
C075
3D61
BF57
BFCF
BF2C
C002
BE9F
C014
BFB0
BF15
3FAB
4002
BF85
BFEF
4009
4004
BF07
40A3
C024
C01E
3F30
C043
C0D3
C085
C04F
C01F
BE10
3FFC
C01B
3E5E
3F06
C041
BF21
4043
BFB9
C02C
400D
C09C
401A
4019
3E9C
4035
3D67
BF92
3FBB
BFCD
4008
3F87
407A
3EF8
4064
4075
C03D
C011
3E9C
3E0E
BF77
404D
BF90
C0D6
BD9A
BFC3
3E38
3F7D
BFCA
BDA1
3E1E
3FB0
BECD
3D89
BF30
3F8E
BF05
C096
3F8B
3F88
409E
C073
3F9B
C01B
BFBF
3F59
3FB7
C07C
4036
C083
BF8B
405D
4071
3F22
3E13
4017
40D4
C016
BF29
BEBD
BE64
400C
BE05
BF9B
3E5F
C005
3E9B
C00A
BFA9
4095
BF16
BF2F
3FDB
BE9F
409A
BEE5
BFE2
3FC5
40CE
BDC8
BECB
3F0A
BE5F
3F95
3F89
4009
4029
3EAB
BF96
3F9F
3F07
3F08
3FC4
4051
BFF4
BFA0
3E1D
C078
BF91
3FA2
BFAD
3F2F
BF3E
BF99
BFA3
BD97
3EF0
BF90
403E
BF9E
C07B
404B
3F98
BEF5
405C
BFC4
C012
BEE2
4095
3F80
3FCD
BF4C
3FF8
BFA5
3FFD
407D
C032
3EA5
3F64
BFBC
401E
BFD5
404D
BF9C
4025
BE84
3FCB
C02F
3EB3
C00D
3FA0
4057
BF18
3EDB
3FD1
3E2F
BFA5
4025
4028
C025
BE85
3FB0
BED0
405A
4011
3FE9
BCB8
C08D
3F77
BEFC
4000
C0A8
BFF8
BF0A
C040
3FCD
BDA5
BFE2
C01F
3EE3
3FCB
C003
BFA4
BF73
3F9E
4033
C111
BFA9
3D10
402D
BFFA
BF8D
BFCB
3FDC
BF83
3F16
C054
402A
4079
3F1D
3DFB
BF10
3F6C
3FD5
BF8A
3FC1
3F95
BFA0
3F15
C079
BF87
BEA9
BE15
BF8D
406B
BEB9
C08B
3E8B
BE8F
3D11
C00B
BE8A
3E9E
BEFD
BCC9
C01A
4006
C08C
3F07
3F71
BE02
BF28
40B6
BF7F
4046
BFBE
3F0F
3E6C
3FB5
3E30
4047
3E43
3F6A
3E6F
BECC
3FA6
BFDB
C046
BF6A
BF24
40E4
3EFB
BE23
C04E
BFD6
C090
BF40
BEE3
BF68
3DD8
C08B
3F1A
C09C
3E09
BF0D
BD98
BEC3
3F34
3E29
3F72
4018
3FA9
BF4B
4058
3DDE
3DFF
BEF2
C08C
400A
BFA6
BFEA
C0AE
4015
C076
400C
3FE1
BF4C
C014
3FDA
4024
3EDB
3F96
BF93
3F1A
402D
BE55
BFA5
3F9B
BFFA
BEC8
3ECB
3EA9
405D
C05E
3EA7
BF61
C030
408A
3F9D
BFEC
4034
C064
C071
BF89
BF9D
3E0E
BD04
BFBB
BE5C
BF65
3C8C
3FDA
3FCC
3E79
402C
3FA7
403B
C07D
BF4E
BFE1
3E68
BF2B
BF95
3F49
3FA7
400E
3ECF
3DBB
BC70
3FE5
3DF0
4027
4009
402C
BEA1
3FCD
400C
C042
4053
C020
4024
BF38
BE10
4050
4008
C03C
4054
BF04
4010
BEAF
BF69
3FC1
3DA5
3DC2
BFFD
3F6E
BF30
BF0C
BEBA
4061
4086
BF19
C01F
C046
BFB0
C08C
4019
C029
3F53
4064
3D83
BFB7
3F6B
3FE1
405A
BF17
BF64
BF86
BFBC
4015
C014
BF12
3FA0
3FB8
3F16
C08B
BFB4
3FFB
BF74
404D
BE96
3FEF
402F
4000
BFA8
BEB5
C06A
BFD5
BFEB
3DD7
BE18
BEBC
BEE3
4015
BF99
BF53
BFB9
BE5D
3FE8
BF95
BF72
404F
3FB2
BF7E
C04A
C016
4074
BF93
C026
C00E
BE4A
C042
BF88
4001
3F87
BFBF
BF5A
3FA1
C017
BFEE
BEA2
BFCA
BFB7
405C
BE4B
BFC5
3E4D
C089
BFE9
3EE8
3F98
BF6A
BD7E
C085
C06C
3EFB
3F45
BF6C
408E
BF84
3FFE
BD31
BFAE
3F8B
3F19
BFB7
3DB3
C0A4
405C
BF1D
409B
4061
BFA8
BF57
3E91
C0B8
4008
3FB0
3F9A
C000
BFAF
C021
3E92
3F46
BFF5
3F24
C07E
C041
4064
BF3A
3F92
3F70
3D2F
BF4C
3E43
3F90
3FF1
BE88
BFD0
3F7E
C0D1
405D
BF97
3F9D
C020
BF58
C060
406E
3F98
3D6E
4060
3EE4
BF73
C08E
BF08
BF93
40C6
3FB1
3FD6
C028
C01C
400D
406B
BF6C
3E2A
4102
BF8A
3E8E
C004
C0BA
BE11
4007
BFA6
3F5C
3FDD
BDAF
3DA1
BF46
3E9C
3E70
C0AA
4026
BED2
4068
3EAF
BF8E
BE09
C094
4080
BE76
BFCA
3E32
BFA6
C06B
3FBB
4000
BFDE
3F08
BFA0
BF1B
BF69
BE7D
4081
3EBF
3EDF
BF8E
3FC5
4006
3F18
4044
C025
3E1B
3FFD
C039
BFAD
3F31
BF9F
C019
400F
3E7E
4048
C081
3E6D
C032
BF49
C052
C030
3F66
402E
4004
BFBD
3F27
BFF5
3EDB
BF61
3F21
BF92
3FDC
3F54
BF7C
3D8D
BFA5
BFDB
BF23
3F92
3E9B
403E
3F52
4024
4052
BEB7
3EE8
3F87
3FAD
BFFE
BC73
C042
4080
BFE1
BF46
C00E
BF05
4085
BF35
3F88
4081
C07C
C00A
402A
C090
BE67
3F58
3E92
C019
3F01
3FE9
BFE3
40A4
4023
BE1B
4003
C092
BCC9
C04F
3F07
3F58
BE9B
3F9E
BF55
3F12
4046
3EBB
C01B
C029
3FA2
3F12
BFF3
C036
3F28
4067
3FAE
3D0B
3EC0
BFDB
C008
3F62
BFD4
BFD6
4031
3DB8
3FE2
BF00
BE87
C056
BF53
BFA2
BF5E
BF3F
BD2C
3FFE
BFFA
3FC5
3ED8
BFDB
3F23
C08C
4026
3ED6
3F68
3E59
C0A3
C050
BFA1
401E
C021
C022
403F
3EC9
C019
3FAE
BCAC
C084
3E1D
3EAA
4026
3ED9
401C
BFB6
BEE6
C029
BEAB
BF76
4007
3FAB
BFD4
3F9C
3F6D
BCF3
3FAE
4046
3F44
3EBD
BEB8
BF60
3D44
40A3
3E40
3F17
3FFA
BF48
3F57
3F9F
3F9C
BFB8
BD7A
3FBF
BFF9
BFBB
3F97
4002
BF96
3FF4
C092
3EA1
3EC4
3EEC
BFDC
3F2D
C057
C065
3F06
C035
402F
401D
BF8F
3F81
BFF5
3F13
3FA1
BFF9
4020
BF89
BE47
3D71
BF73
4021
C004
4039
BF70
3FD5
BFD0
BF5B
BF1B
BF4F
3F5A
3F7B
3FCF
BF48
3F4F
C081
4029
3F5F
C013
BE0F
BF5E
C00C
4034
C00E
BD20
BE75
400E
C080
4034
3EE2
C011
3F9A
3EBD
3E8D
4017
BF8B
4077
3DD4
4060
C095
C034
BFF8
3ED8
C001
BEBF
3F67
3FF4
BEC4
3F52
3FB0
C086
3F1E
3EC1
4084
3FA7
C0CD
BFC1
3F84
C03E
C002
3D28
BE75
3EC4
3FB8
BF5F
BF2F
BF53
4098
BFAC
3F48
40DA
BF20
BFAB
4046
C04F
BF6F
3FDD
3FC8
3FC5
BF3E
4045
3E4A
BFD8
BFCB
4054
BE57
4101
40BD
3EA8
400A
3FB0
BD97
C026
C002
BFCA
3E96
3FF1
3FD2
3E9A
BFF6
402C
BEF9
408B
40C0
BF71
3FA5
3F96
402C
3F7E
BF3A
BD04
4042
3FB3
3C48
402B
BE82
3FD0
BE5D
BDC1
BF0F
BF26
4042
4036
BFA5
C072
4050
C01A
BED6
3F0B
3F9F
C05B
3FF9
C024
BFA4
4058
C038
3E5C
BF93
3F90
4003
408C
3F83
BF9B
3F34
BF2D
BE47
C01D
3E5B
C009
BFC6
BFD7
3C04
3FA1
BE40
BFE1
3F04
BFCB
3FC8
3FFC
3F8E
BE1E
C011
3F2B
C027
BF47
BEE2
BE92
3E34
4065
40A4
BFAE
4087
BFCF
BFFA
401E
3F0E
409E
3FBA
3EF0
BF8B
4081
3F08
BEBB
C02A
401D
BFB7
BF8E
404C
C034
400B
BF92
BF40
BD7A
BEC5
C0CE
BFD0
3F9A
BF68
4090
C090
BECA
BF72
BE8B
BFEA
BF8C
BF8E
C03A
BF1B
C087
3FDA
3FE8
BFD3
3D3A
4039
C0C7
C007
BF9F
3F41
BEFA
402A
3E2F
C017
4058
BFD1
3E73
BFE1
BF7B
BE3B
C016
4018
BF0E
BF30
401C
BF94
3EBE
4015
3DF1
BF72
C033
3FC5
3FA3
3E9C
3FF0
BE69
C0BB
3F5C
3FA7
3F18
BF57
400F
BFA5
3EE2
C0DB
3EFB
4014
BF28
4001
3F6F
BF9D
3EE3
404F
4042
3FE7
3F33
BEE4
C0BE
4035
3FC8
C003
4026
C08E
3F5D
3FF1
3F64
BFAA
3F16
3F9F
3ED9
BF97
C011
4070
C062
BF2D
BFDF
4067
BEC4
BF48
3F2F
C062
C000
BEEC
3E17
4042
C082
C064
BE8B
BED9
C01C
C05A
4088
C09B
BE47
3F12
4039
C061
3F67
BF8F
3F0A
3E02
4004
3F97
4073
C001
BF06
400E
BE6F
404A
BF2B
40A3
BEAF
BF6E
BFA4
3FC2
3EDB
C046
4063
BFC6
4008
4014
3F7D
BF73
BEA5
3EF5
3F12
3F52
C04C
BE1C
3F01
4006
4019
3F52
3FEF
C031
C025
3F6C
400C
40A8
4044
BFEE
3E38
3FE2
BFBC
BF87
3FCF
BE38
4095
BFBC
405C
3FEE
3FF5
C03B
BF1D
3FCB
C014
BF60
BED0
4050
3F95
3F2E
3FE8
C043
BFD4
3FD5
BF96
C063
407B
4016
BE03
3F1E
BF10
C0A3
3D37
3EA3
C004
BF2B
3FF0
3EE7
3FD3
BFC9
BFFB
BFCF
3FF4
BF82
C030
BF8B
3F8C
3F54
BF8C
407C
C046
4070
3FB8
BEE5
BE97
C03D
4009
C029
4004
4042
3F75
BFC2
3EA2
4058
C0C0
BFEE
C067
3FAD
3F2B
409B
BFCE
3F88
BF84
BF15
4056
3F25
4031
3FD3
C011
C019
4049
BFAE
BE6E
405D
3F99
C018
BE09
C03C
BFE5
3F82
3FF8
3F12
BFF8
C056
C026
3FB5
BF26
BFC0
BEEB
C064
3FE1
3FCC
C008
C05F
3F80
BFE3
BF79
405E
C079
3F18
C022
3E88
BDB1
BF86
C080
3ECA
C002
3FB4
3FAC
BF5E
C078
4043
BF68
3EA2
C090
BF5B
C00F
3FE9
3EC5
4063
BFFC
3E8A
C029
BECF
3F04
3F99
BFD9
BFBE
4055
BF2A
BD81
C041
BDE9
3FB0
BF41
3D75
BFF9
3FC2
3EA9
BF1C
BF1F
40B7
3F2D
406E
401F
3ED5
405D
3E04
BEF3
3F30
BEB0
3D80
3E1F
4017
3F9C
C02F
BF9D
408D
3F2B
C094
C01D
4039
3FBE
402B
BF7D
BEB8
4046
3F96
3E66
C01B
C0A0
3F8E
BF96
BFAD
C001
BF96
4076
3F92
402A
4094
BFBD
401F
C0A7
C014
3E0B
BEA7
BE01
40A1
3F1F
3F88
3D34
BFA4
C094
3F6C
3F12
3FC9
3F69
3D3C
3FC9
3FEA
404D
3E47
4010
3FA4
C054
C012
3F55
402E
4001
C001
C024
C083
BDC9
3F70
3E7B
3F60
BEEC
3FBB
BF5F
C015
C0D2
3E96
BF91
C08D
4061
402F
3F14
402B
3E85
BFD4
405F
BF8A
3DCB
BC0F
BFA1
4032
3ECB
BE15
4088
4015
BFF9
404F
4086
BFA1
4005
3F5F
3FA8
3EA2
3E20
4017
3FE1
BE6A
BF5E
BFE0
3FFD
3F83
C01E
3FA5
3F8D
BF02
40CB
BFC2
BFA3
4035
3EFE
BDFC
C005
BF88
3FC1
BF8F
3FAB
4028
4112
404B
407C
C08E
BF3F
401B
BF91
BF61
BFA0
C031
4019
BFE8
BDE9
C056
C014
3FD1
3FC3
4019
3FA7
406E
BF13
C004
4005
3F94
BFAA
BFE8
BF0B
BEA4
3F91
C028
4039
BF8B
BFBB
404A
405F
3F4C
BF50
BFE4
BCED
3F72
BF71
4084
4011
3E98
3CF4
BFF5
BFC0
3F8B
BD73
BF4B
C053
BFF3
C040
4055
BF30
405F
BFD2
BE15
3EC0
C002
4049
404A
3F50
409C
40BC
C04B
3FCF
4089
C056
BFB9
4086
4003
4017
3ECF
3FB0
3E92
3FA9
BF43
C001
3F96
BF88
3ECA
BF56
3F87
40A6
BF58
BF3B
C08E
3E12
3F1C
BE60
BF82
406B
BE2F
3FBF
3F06
4015
C07B
3F32
3F43
3FB6
3F77
BE7B
3FCC
4061
C081
BFF1
C043
400D
BEE3
C07E
3FC0
BF83
C08D
BDE4
3FA7
C086
C080
BF54
3F27
C00D
3F98
4007
BFE0
BEA4
3FEC
BF21
4002
3E97
3F80
BFC3
BF12
4050
4013
4099
3F5B
BE20
3FF9
4034
BF47
BF50
BCDB
3FFD
3EC5
C02B
3FC1
BFD5
4002
BFF5
3F32
BF9C
3FE3
3F89
4011
BFE8
3FB6
BE8D
4017
BF8B
BEFB
3F94
401E
3FB1
4095
BFAD
3FE2
C00A
C00F
C024
3F26
3F51
BFB0
3F02
BFB8
BF42
3F44
C015
BF63
4013
BF60
408F
3FF4
3FC4
BDFF
3E53
BF04
4011
3FB1
BED0
BF7A
4016
3FE3
BEAA
C02C
3E97
BFC8
BE1A
3F29
4056
4013
3E8E
3F86
BF9B
40A4
C072
C036
BFD9
4086
C017
BF3A
BFBD
BCA7
3E12
C02A
4085
BF8C
BFF0
BE51
C0EA
C034
3E11
3CAB
3F13
BED8
404F
3F73
3F05
BFEE
C054
3FCA
3FA2
4041
3FD1
3FFF
3FF6
3FFF
4085
C049
401A
C03D
4069
3FDA
3E85
3DA3
C002
404A
C079
3E8C
BFA7
C033
BF3B
3E20
BC23
BEA1
BE5F
C028
BF91
3EA7
4083
BEEB
C07F
401D
40A7
401A
BE68
4070
BF4D
BFBF
BFA0
4010
BFD4
BF31
BF49
BF54
3D4A
3FBE
BF57
BF10
3FB0
BED9
C071
BFFA
BED7
40BC
BFA2
3FB2
BFAC
BEB8
C057
BE99
C017
C05A
407E
BF0B
BDA0
BEDC
BD6E
BE50
BF8D
BA0A
3F64
BFE2
3F38
4000
4012
4029
BFB1
C071
3E57
BF02
BF95
3E36
BFC8
400A
BFB1
BE6B
C036
400C
3FDA
BFD3
3FB1
3FAA
BFD5
BFA7
40A3
3FD7
4020
BF01
4015
BEC3
C002
BF38
BED4
4094
406E
3E07
3EAE
3E9D
C005
4044
BF1B
BF5B
BF99
3FA5
BF19
4044
3EC2
3FEF
BF00
3FC8
4050
BE95
3F7D
BF52
3E68
3FD5
C08F
3FA3
BC68
3FCB
BFB4
3FE2
3DE0
4012
C028
4028
BE86
3FF5
C05C
BF57
3FEC
C03F
C01B
3F39
3F9D
3FCE
C01F
401A
C017
C003
4002
BFF6
3DC1
C067
402B
4091
3FBB
3F0B
BFE3
BFB2
3E26
40EE
BF87
C02B
4078
3F68
3F7F
BF34
BFB6
3F70
BC5A
BE31
BFF2
3EA8
3E94
C007
BFC8
3FF7
3E2A
3F9E
3DDA
C039
4021
4071
3F02
BFF2
C01E
BF47
C00E
3FF5
C0AC
BF97
3FBF
BEB1
C047
C007
401F
C02D
4010
3F70
BF04
BCA9
C04F
BFBB
3DD2
3FE1
BDFB
BF26
4005
BF53
4009
3F98
C061
3FEC
BC8B
BFCF
3DA4
3F85
BF0B
BEF0
BE60
3FF5
C008
BF90
C015
BFDD
3FD3
BF01
3FDE
C041
C035
BEA0
3EC8
4001
3C5F
404A
3F9C
3E32
C0CE
BFEF
C08E
3EB1
C030
3EF3
BE90
4040
C0A8
4027
3E58
C016
3F92
C02C
40C1
BDF6
BE54
C093
BFC8
3FCE
C029
BF20
4023
BF76
3F05
3F36
406D
C0D7
C046
3EFB
BF99
3F15
BF56
C041
3FB2
4092
3F13
C00B
3FC4
BF3F
3FE5
BF41
3F4D
4001
3F22
BE1F
4078
40C2
3FD7
4054
BE78
3F1A
BEEA
BFAC
BFF4
40A2
40A4
3FC3
BFCF
BF9F
BF06
BFEF
BFF1
BC3B
BE74
BF40
3F98
3FB0
C0B5
BF15
402F
BFE8
BF00
BF3F
3FDE
4060
BF40
40A0
BEBA
BDDB
BFCE
3F21
3F19
C007
BF26
407A
BEFE
BF51
3EC0
BFB8
BF61
BF00
C062
BE8B
4070
3FAA
BE4C
BF44
C03E
3F94
4003
BFC6
BF8C
3F45
3E4C
BF59
BFEC
3F81
3FED
C054
3F3C
C009
C02A
3F7D
BF06
BF34
BFF5
BED3
400B
3F0B
C04C
BFBB
3F25
3E49
C06A
407C
C03B
4069
3F9A
3DDE
C0E0
BD9A
BFE1
3F0E
C093
BD31
BE0F
409A
40C3
3EF5
C026
3EA0
3D18
402C
405E
3FB5
C04F
BCE8
3FBB
BFAC
BFD3
403A
C004
BFBA
3F87
3EBE
400F
C004
3FA8
BFEE
BE8B
3F27
3D93
3F6F
3DCB
BE10
BF30
C06D
3F32
401B
BE14
BFE3
BFB3
C00E
BFB6
4040
4003
4024
3F08
3ECA
3EBF
3F73
3F64
3FAF
4001
C016
C07F
BF35
C014
40AD
4008
3FE6
BFD7
BFD7
C081
405B
C012
BFB5
402E
3F0A
C01C
4012
C030
C063
3FB8
3F1C
BF73
4026
3FBD
3E8D
3F31
3F7A
C083
4027
3F89
C025
3F66
3F8B
BFA1
BEB1
3D7B
BEDA
3F9B
3FE1
4032
BFAF
C0C0
4017
BF1F
3B0A
3F8A
BF83
BFF6
3EAA
3F29
C089
409B
C026
3F96
3F90
3F97
BFA8
BFA5
C049
BF15
3FD5
3F1A
BF62
3F26
40A6
3ED1
BE44
3F67
C09A
3F08
BEE0
3FA7
3FE6
3E0D
C068
BF87
BF05
3DDC
BFE0
BD23
BEB7
BF05
3FB0
C00E
BFB6
4029
3FBB
C08B
C096
BF13
4048
403E
4089
BFED
3FC0
3FCE
4026
3F8C
4009
3F91
BF06
3FE9
3FE9
3F16
BF38
BFA8
C081
BF7D
BFB1
C004
402B
BF13
BE1B
BE4D
C054
C0AF
4031
C062
BE13
3F89
BF6F
3FFE
4018
3F1A
BD04
C125
3FC2
BF50
3F41
4076
BF96
BD6C
3F2A
BFE5
BF6D
BF44
4028
3FBF
BFB0
3D68
3F38
BEC4
BF2E
BFD9
BFED
BF32
C03A
3F9C
C01B
BD59
BF52
BF7B
BF85
BEF2
BF43
3DBA
40CB
BED9
4009
C004
BF9B
BE36
C004
3E85
C096
BFC1
BF15
BFAF
40D8
3ED8
3FB3
4057
C017
C007
407F
3E8B
3EF1
4072
4019
BEE1
3EDE
4083
3F37
C019
C069
BF9B
BF0D
3F09
C009
C037
BF74
4012
BFDC
405F
BF8F
C039
BFAB
BFA5
C03B
BFA7
4035
BFEF
401B
408F
3ECF
4013
3F9F
3FD7
C02A
BFDD
3FAE
3F83
3E91
3FBA
BFDF
BED4
3FE5
BF98
C091
BDBB
C073
BF85
3FB8
4002
C05E
BF9A
400A
C026
3FE1
C005
BE38
BFC7
C03E
3FEF
3FE8
3E5F
3FC7
C072
4088
BFF0
3FA4
3F31
3F61
BE7D
BFF6
403E
C027
BF67
3F9B
4031
BE7A
BF07
403B
BEE9
BFF8
C02A
BFFE
3FBE
3F64
3F45
3FA3
3F02
3E8A
C08B
3FE3
BFA8
3F93
BFCF
C07E
C0C7
C009
BB26
3F9A
4098
4096
C062
BF5E
BE2C
3DA7
BFC1
BF4D
3FB5
C022
3FA0
BF84
BFB4
400D
BF6C
BFB7
BF30
4033
3F4A
C090
BF88
3D53
BF2A
3DBA
3F89
4006
3F27
3F8E
3F1B
BFC1
3FA7
3FAF
BF94
3FA3
C0B0
3FEE
C015
3E9E
4016
BF0A
3F8F
BEC2
BF0E
BEC4
3FAB
3E19
3F33
3F0E
BFDE
4015
BED4
BFCD
4072
3F6F
BF95
BD3A
BFF6
4093
4002
404C
3F42
3F01
3F86
3FE9
BF94
4051
BF18
4041
3F15
3F1F
BE43
BD97
BF59
BEAA
3F1E
402B
3EC3
BEE6
BFCC
BF8C
BE39
3E1E
400E
BFD3
3FD4
BF3C
BF6C
3F3F
BEEC
3E42
BBF2
3F34
4092
BF91
3E5E
C06E
3E84
BF84
BFC5
3FAD
4042
3F60
C061
C05D
4062
C003
406C
BF89
4014
3D87
4031
BFF8
BFCC
3F77
BF34
4050
3F6A
BF8D
3F73
3FA5
BFB4
BF23
C005
4046
3F09
BFDC
BF2D
BFDD
BF0E
BE1B
BF6E
C0C3
BE47
403C
C0CD
3F57
C009
BFA3
3FC5
3F70
BF44
BFB4
C072
C081
BE00
400C
4072
404C
409D
4025
3FF4
BFF0
BFC0
3FC7
3F09
BFE4
3EDD
C033
C01F
4081
3E5D
4031
4031
4034
4030
4030
3F4F
4015
405C
BE5A
3FF2
4030
BC94
C06B
BFBB
401A
BD88
BF21
C0E8
BCC2
BF45
4008
BD93
3F03
3F89
BF69
403B
BEAB
3FCE
3F28
404E
BF41
404E
3FB4
3E56
BD07
BFAC
C02A
BF68
BECF
BE13
BFB7
4074
3EC4
BFB4
BFAB
3E75
4052
C040
3FC4
3F15
400E
BF6A
C057
4040
3F79
3FFF
BFA4
BF90
3DBE
403E
4008
BFB4
4060
3F01
3E8D
4042
C014
BFE9
BF94
BF0F
C053
3FB7
40B7
BF0D
3F2A
4090
BF84
C045
3FB1
4048
BF62
BF9D
BFDC
C057
4014
4066
BFA9
4019
4042
3FF9
3F38
3FC8
3F8C
BEFF
BD2D
BF96
C025
3F9F
3F6F
BF18
3FB7
4042
3FBF
3E50
3F2D
BF8C
3F1C
BECE
3E63
3F9A
4017
4017
C01E
BFA8
3E8B
BFF6
BC8E
3F8F
BF60
4012
3FD5
3F32
C070
C0EB
BF03
BCBA
4056
C04D
C078
C00E
BFCB
3E11
3FA5
BEDD
3FFD
3FA1
4062
4024
BFA7
3E69
C03F
BFD3
C029
C015
BDB2
406E
3E26
BE6D
3F21
BD80
BF79
3FC6
4034
3FB3
400A
BFCD
4027
4023
BD7D
3FF1
C04A
C0AD
BFA3
BBD2
BFA7
3FED
BFB1
3E8F
3FB6
BDDE
C01E
3F84
BF17
C065
BFC5
3F97
4082
3D39
BFA8
BF71
3F86
3F1B
BFBE
3F47
3F60
3FC5
4080
BEB8
3FFC
3E88
3F8F
3FDD
3FFD
404E
3FF6
3F07
3FE1
BE13
BEFB
C096
3F09
BFC4
BF8A
3F8D
BF2F
BF26
BFC4
BCDC
4003
3E76
3EBF
3FE3
C08D
BEBC
BFE8
4083
BFC1
C0D9
3FB3
C00C
BFBE
BF96
C007
401D
3FCB
3FEA
3FC2
C082
3F33
BFAC
402F
3FD6
3FF7
C08C
3F28
BEFD
C085
3F18
4014
4023
BFD4
3FAD
BFE2
C092
3FB3
406D
4038
BEE1
BF33
BFCA
BFF4
BFB4
BF86
3F52
40F3
C00C
3FA7
3F4E
3EF6
C01B
BF2E
BEEE
3E7E
3F89
BF84
3F9D
C039
3E9F
BF93
BF50
C036
BF47
4036
BF13
C01A
C0BD
BFA2
40AA
BF1D
BE05
BE20
BFF7
BEC7
C004
3FCB
3FFB
BFA2
407F
3F24
C027
3FD3
3F5D
C005
BFA6
BE84
3FE8
BF85
C060
C07A
C007
BF99
3EA1
BF57
BF8D
BFC7
C02E
BFDB
3EBE
C068
BFDB
4050
3FDB
BF5A
BFCD
BF05
BF1C
3EE9
3F9D
C005
4071
403D
C065
3F67
3F15
3F21
3F29
3FFB
BFB9
3E56
BCAB
4037
C006
3D22
BF4E
3E5B
C099
4080
C05B
3F26
BCAD
BF98
3C36
3E18
BFD0
4013
3FAA
3F74
C02C
3FFA
4074
C081
C022
3E19
406D
3FB6
BF77
40DE
C03A
4027
C009
C078
3F13
BFE0
BF94
BF93
C021
BE06
BD13
3EE6
3F9B
C01E
BF29
BFEA
3FBD
401E
3E86
BEA0
BFBD
BF13
C0AE
C000
BFC9
BF93
3EB8
3FE5
C097
40B6
C079
3FF9
3F4B
400A
BFAE
3F13
3FAD
3F9E
4024
BFEF
4003
BF82
C092
C06D
403E
3E4F
C01B
C054
3F54
BF1D
3E3E
BF35
3FAD
BDF6
3F75
3E5B
3FF9
4005
403E
4023
3F9B
BFC6
3EB2
C031
4053
3F25
BF13
3FBC
C03C
C06A
4007
3F0D
BF62
4005
C018
3FAB
C008
3FBC
BFC9
BFDA
40DF
C007
3E81
3FF9
403D
3F66
3F63
404C
4085
BDED
3F9C
C00E
C0F6
3FD1
BF1E
401A
C085
BEC9
BEFE
BFEF
BF91
C05A
3D59
BF81
3E7F
4048
C0B4
3FCF
3E80
3F48
3F9B
3FBE
BFBC
3E48
C031
BF58
3EF7
4041
BF99
C091
BFE5
C003
BF00
3DA0
3FFE
3F4A
BFC1
BF69
3E17
BFC3
3FDB
BFB8
BFAC
40BA
4058
C04E
3D98
3F6A
3FC6
4001
406A
3F36
C0A9
BF8D
C00C
3FBA
BF77
3F6C
BFE7
C00D
3E94
C004
3F92
BFCD
C06E
4047
40C0
BF81
BEA8
BF0E
C0C1
3E07
400B
3FA6
C0A8
BFAA
3F2F
3FB5
C068
C02F
BECF
3F88
C0C6
3FFF
3F85
4042
C072
3F9E
3D87
BE8C
3D84
BFAD
3FB8
3FB5
4044
C00A
BFDD
3F86
BF16
BE3C
3F0D
BE99
BFF8
3F8B
4006
3EEF
3FA7
4091
3E47
C06F
3FDF
3F20
3ECB
C013
3F97
3F34
3FD0
40A1
BF38
C00D
4024
3F2F
BFBB
403F
C026
4058
BFCD
3E6F
BDAD
3F8F
BFE9
C006
BF88
3FC4
BF18
C017
406A
BDE2
3E3F
C0BE
3D61
3FDB
BEF5
BDEB
3F24
3DF5
BFD5
3D47
3EB7
4019
BFFA
3D00
C0A2
4048
3FDD
3F37
BFD9
3ED9
C018
3FB6
400D
3DC6
BF22
BF87
403F
3FDC
BF70
4011
C0AD
BF02
BF38
3F4B
BF5F
BF5A
4087
BF84
C039
BED6
C016
BFA0
3F61
C024
BE74
C076
3F11
C039
3E3D
3F2C
BF59
3F2D
3F03
400C
C02E
BFF5
40DC
4015
BFE0
BFA3
3F9F
4045
3FBB
4038
4010
4024
C0C7
4078
402F
C03B
C09A
4077
BFF6
4080
BFB4
3CA7
4014
4017
BF6F
BFDF
BCD5
BF0F
BFB1
C091
3F7A
3F18
BFB9
C007
4033
BFF5
BF5A
408B
C064
4056
3F82
C093
BFD7
407B
BEED
3F1B
3FF8
3FCA
4057
BF63
3FB8
3FB1
4008
3F82
3EB5
3E99
C058
4008
BFF8
C05F
406A
3E41
4073
BE8E
BF27
3FED
C072
BFD7
3FAB
402D
BF9B
3F37
3F9B
3E7E
BF7B
3F96
BFD4
C045
BEFC
BCFD
BFA7
3E73
BF84
3F6C
3FE3
402A
C04F
BFEC
BE2F
406E
C0C4
3FFB
3E9A
40B3
C00A
BDE5
C009
3F51
BF7E
BEE4
BF87
C060
402C
4011
3EB6
406A
3FC1
3F3A
C098
C071
3D85
BF61
401A
3EE3
401D
404F
BFE9
3FF4
404A
3F86
BFDE
BF21
BFAD
BF0B
BF8B
4063
4038
4099
C05B
BE2D
4007
BF16
3D8F
BFA4
3F4F
3F89
3F59
406F
402D
3F64
C097
BF76
3ED5
4092
3EFB
3F82
3EAC
C073
4081
40DF
BFC8
C051
BE5A
3F85
40A2
3FAD
BF70
3F31
3ED7
BF8E
3F7B
BDBA
BF1C
3F69
C018
C07B
C001
3FBD
3F88
3F91
4091
3E98
BE60
3F03
BF97
3D84
4081
BECA
C040
BEED
4040
405A
BFE2
3F65
BF2F
400D
BF9F
4052
C07D
4041
4009
3F35
BFBC
3F1A
BF49
404C
3F92
C0AF
BFE6
BDCB
400A
3FCC
BFD8
3F2B
40BD
BED5
3F6B
3F2E
BE56
BED0
4084
BF6E
3F97
C03C
3FAF
3F6F
400C
4069
3FAA
3F6A
BD78
4097
C001
3EBF
BF64
BEE5
3FB2
3F08
40FC
3FD2
BFC1
C006
BEB8
4034
3FC2
BE26
3FB8
3FC4
BFD7
3F87
C086
3F0A
BF22
BFC2
3F22
40E5
3FCD
BF40
4002
3FCB
4037
3F4D
401A
BEB9
BFF1
BFF9
3D74
BDA3
BED0
C02A
3FF6
3C0A
4064
BFAF
BFF6
BFAA
3EA2
BF00
BF7D
3FC1
3FC6
4039
404F
4001
3E1E
BE59
400B
3E59
C02E
BF76
3F6B
3F64
C083
BFA0
3DC3
4072
3F0A
400C
BE21
BF0D
C001
BF42
3D69
3F97
C062
C066
3FB0
4056
BF9F
406C
3F0F
40AE
C072
3FAE
3F36
3FF7
40C9
3E45
BFCF
3F19
BF34
BFD0
3E20
C054
3F86
3F40
3F9A
C099
3D6E
C034
402D
401F
BFE5
C025
3F3A
BED4
C01B
40A6
BF5C
3E33
3FBA
4049
4093
4004
3FBF
4074
BFC4
C013
BF87
BFA5
C077
BFDF
BF5F
3FBD
4052
3FA0
C0AF
BEED
BF41
C032
3E51
BF5C
BDAD
40A3
400E
3F82
3DA8
BFCA
BEB8
BE5A
BFE7
BF7C
4063
4054
BEA0
3ED7
3E87
3F43
3EEC
BF84
3FDD
C0A6
3E5E
3D73
4033
3F35
C028
BFDE
3F95
401F
4085
BFA9
3F85
BFCC
3F25
3FF6
3F2B
3FC8
C01B
BFAE
C0B6
BF52
BC44
BF4A
BF83
3F2A
3FAC
3F76
407A
BFC6
3F65
3FF3
BFA1
4076
BF5B
3FEB
3FE3
3FC1
BF22
C020
4075
403E
400E
3F8C
3F19
4020
405D
BFC1
C093
BE63
3E12
BFB9
BE01
BF08
C023
C01C
4049
400B
C01A
4008
3FB8
BFCF
405E
3FBC
BEAB
BFFA
C003
BF9C
3F7D
C08F
4017
402D
3F99
3F54
C01B
3FDE
3F5E
BDB4
BFF7
BE82
3E63
BFA6
C094
BFC9
3E3C
3ED8
3FC6
C0A2
BE7C
BF60
3FCB
BF8B
3FAA
BE91
C029
BFE4
BFAA
4054
403D
BE9F
C02A
BFFB
C026
408C
40A3
BF96
4045
BE06
C033
BF97
C097
C08D
4077
C06E
BFCE
3FAC
3F29
3F23
3F9F
3F99
BF9F
404B
BCCF
C05F
C00D
BF4D
BFD5
BEC8
C029
C015
BFDC
C011
406D
BF69
C09B
3F56
BFC7
BF9D
3EE8
4014
408B
407B
BF14
3FC8
C075
BD66
3F47
3FCE
3EF4
3FB2
3F21
C016
3D48
BF8A
BF02
3F73
BED6
C04D
3F65
3F19
4038
BD23
4046
BF73
4006
3FE4
3F41
BFC2
3FD9
40A6
BEE2
BFEB
BFCD
BF02
404C
BE86
C05A
C016
3FE1
3FD2
4005
C030
C028
BFC2
C00A
BF83
BF9E
3F93
3FA6
C08B
3FB7
3F9F
4055
BFC7
BF6D
BF5E
3D4C
3F90
BF17
3F67
BFB0
401B
BFDC
4012
3E7C
BFA7
3F3F
BF7E
BFCE
BF05
C086
3FA2
3F52
4073
4016
3F60
BF9E
BF73
3FF9
3F2C
3FB4
BF16
3FB9
3F54
BFFB
3EFB
3FE4
BFB0
402C
BEFD
BE7C
3EF5
BF61
C00D
C00A
BF9D
BFCE
BF4A
C018
BE75
BFB1
C04F
BF79
4048
4090
C082
3FDE
C076
BFD0
4064
BF23
4004
C06D
C032
3EC1
3EDD
BE2D
BF2D
BF2D
BE6B
BEA9
BF92
3F69
BEBC
C00A
C013
400A
405B
3ED4
3F08
C08E
3FBA
C07B
4028
C0D7
BF49
BF80
3F88
3F80
BF94
BFE7
C030
C07E
3F35
3F85
BF86
3F0F
BE9B
C05A
BF33
C030
C041
BF3F
4042
3F9D
3FA7
4035
4032
3F64
3F31
BEEF
BDE8
C038
3FA4
3F48
C062
BFFF
C067
3EF3
404F
BF8B
3E82
4045
40A6
3F90
4006
3F8B
3F46
3F87
404B
C036
C002
3F5E
4001
3E08
BF94
4024
4002
3E80
C076
BE04
3F71
C07E
BFD9
4021
BF0C
3F45
BFE5
BFD3
4019
BFDA
C028
3F9A
3DAD
C003
C031
BD8A
3F0B
C044
BF03
BF3A
3E45
3F5E
BF2E
BF0E
3FC6
BFAE
4010
BFFA
BF1B
BF6F
3FDD
3CA1
C082
3F37
4067
BF72
4060
BEB9
3DE4
3FDA
BFE1
BF97
BD78
BEE6
BE37
3F94
4021
BFD9
BF7F
3DCC
4005
BEC0
BF00
C01E
BC04
BFCE
3F5D
C00B
C012
3F5D
C032
BE1B
3DF5
BFA4
C0A0
BE8D
BF1B
BF90
4087
3EBD
BF49
4041
4019
3F80
3F87
C014
3F9A
3F11
BBF3
BF57
BE07
3EE2
BEFF
C086
C019
3F1B
409D
3F8F
3F3C
BFA7
C047
C005
3FE2
BEF7
BF8D
3F89
BEA1
C006
3E6E
BEC5
BF83
C066
3F99
3FD6
4019
BF84
BF29
C022
3D98
4055
4020
3E91
400C
C06A
4012
C021
BFFF
4002
BFE0
C047
3EA8
408D
3F81
BFBA
3FCA
3F4E
3FDF
3FD9
3CB5
BE10
BB64
3FCF
3F95
BF8A
BDB4
3FA6
BF7A
C030
BFD1
C002
C007
3FAA
BE7D
403F
4001
3F80
3FAB
BFBA
3EA0
C02B
409E
4031
3FB2
BEEF
3EF8
3E9B
BED1
3D6C
4020
3ED5
BF79
4030
BFFC
BF1B
BECC
BF8E
3FE0
BF84
3F1F
C036
3F31
BFC0
3FA8
BF39
4001
C00C
BED9
C08B
3FF2
BE09
BF2B
3EF1
408D
3FD0
4064
4028
BB98
BFEE
401C
3E22
3F53
BFB9
BE4E
BF07
407B
C02F
4050
4015
3FFD
3FF1
3F17
400C
409C
400C
3F33
3F95
3F52
BE23
BFD5
C048
4040
3F15
407F
406F
3F47
3F57
3FE0
3FE5
BD00
C047
C024
3EDB
3D9E
3FA2
3EE7
4081
3FDB
4093
C088
BF99
BE91
C09E
BF01
BBB3
BFB9
3F1F
3F45
3F72
3F32
BE13
C000
BEDF
C06E
3F7A
3FEB
3EA8
3F83
BF6C
3F32
400B
BFAD
C05D
3EA0
BE0D
BF8A
402A
3FD9
3FB6
4089
4084
C081
402A
4003
BEBD
C014
BC14
401C
BF58
406D
BE18
BF78
4023
3FD5
3F9B
4020
3FF9
3FEC
BDDD
3FB9
C057
3EB6
3F25
BFFE
3FF5
C09A
4006
3F9E
C00E
3EB4
C03F
BF92
3F88
C016
3F94
C00A
BE52
3F25
40A6
3FDD
BF58
4089
BFA0
BF89
3EEF
3FBD
BECF
C040
3FCD
3FB9
3F51
BF00
C04E
3E9A
C09C
BF55
4052
40C7
3F4C
C004
C000
BFC0
BF82
BE75
BFDD
BF8D
3FE6
BFDA
C039
3E95
BF23
4002
3FDE
BF65
3FC0
3FD2
BF10
3FD6
C022
3F86
C040
BEDB
3FFC
3E99
3F06
BDC3
BF44
BF12
BC0F
C07F
BF2A
3FB3
C004
3EAB
3FB6
C071
C008
C053
C09D
C00D
402B
BF27
C008
BFC2
3F86
3F36
3F0A
BFA7
BF30
3F93
C0B1
BFD8
BE7F
4014
BE84
BF76
3F34
BE1A
3FEF
3EA4
BE92
BE99
BE26
3F7F
3FF8
BE5B
BDDC
3F92
C01B
C062
BF3B
4009
3FF6
4065
400A
BF3B
C03C
3F18
C014
3F8D
BFB4
3FE5
BFBF
C00D
C084
BDD5
3EB1
BE11
3F1A
4088
4033
3F69
40BA
BF5C
C093
3E84
BEFE
BEBC
3EA5
BF08
4012
C011
C015
BFEC
BF1F
C073
3FD8
C001
BFBD
3ED6
C0B5
3FF7
400A
BEBF
3FA8
4067
401E
3FC6
4009
C01B
4036
3FDD
3F4E
40A1
3F97
4043
C010
3F81
C022
C01E
BFBB
C018
BECC
BF08
C020
3FD5
3E74
3F10
BF47
3F65
C025
BFBE
3E8C
3F2B
3F5D
BF92
3FC5
C087
3F05
C09B
4032
406E
C0A9
C028
3F1F
BFBC
3FB4
C0B1
C019
BF90
4098
4038
BE11
3F4F
BEDE
BFF3
3FD9
3EE7
3EA2
C015
BF4B
40DB
3F0B
3FAC
C081
3F59
C025
C01C
3FB1
BF42
BEB4
BFE4
BFB8
BEA4
3DA8
C087
4088
BFAB
3F15
3F2E
C01B
3F69
BE65
BFE6
BF36
3FD7
40D6
400F
3F45
3F88
BF1A
3FCB
BF01
BF7A
401E
3F55
3FE7
BE3A
4062
4001
BF34
BF43
3DE2
4015
BEDF
3F97
3F1D
3E3D
BF68
C00A
3FDA
3FA0
C0A3
3EE7
C02E
4026
3EB2
4042
BFEB
3FD2
408D
4007
3FFA
4001
C11E
404F
BFEE
C063
3FF3
BF88
C03A
3EB6
4038
3F83
C036
3CB2
3FB7
3E60
BE93
BE28
3F9C
3EEE
3E1D
3F91
C027
BE39
3F96
BF1B
BF8E
BF52
4005
BFCE
4053
C105
3F8F
C084
3F77
4034
BE56
3F58
BF8D
BE9D
3FF6
BFF3
BED9
3FDD
C09F
4096
3FCE
C015
C025
BF88
BFE2
BFC0
4007
3F2F
3F86
BF10
4043
BFD8
3F59
3FBA
3EF9
C0BB
3E0B
BFCA
401F
C01A
3FD5
BE0C
3F26
4029
4003
3E95
C058
3F7A
C038
4003
BD4D
BFA6
BFC1
C0B1
C04C
BF08
40AF
3D11
BFB0
BCC9
C02C
3F93
BF3D
3F6D
3F8F
C055
3F66
BC91
408D
3DDD
C048
C02C
BE46
3F82
4098
BFE0
C014
BFE3
C03F
3E81
BE9E
4016
BF4B
406B
3F8F
3E01
3F0F
3F85
BF28
BF6F
3F2E
3F97
C023
3F4A
BF93
3FE9
4013
C01A
BDDB
3E98
4023
C099
BF31
BF4C
3F4B
BFF1
4007
3E79
BFFC
401C
3F13
C00C
4019
3F3C
4004
3F8E
BFAC
3F48
C0CA
3F0C
BFAB
3F8D
C06F
BE81
4061
3FA5
BF5A
C02B
3D6F
3FF5
3FE3
3FB6
C060
BF8F
4051
4003
3FE1
4055
4001
BEEE
4059
3F85
3C82
C03F
401D
C003
403C
BFF9
C0E6
BFF0
3FDC
4046
3FCF
3F9C
C023
C08B
3FA9
BE64
BF7B
BF68
BF11
3F32
BEA6
3FA8
3FC4
BF29
3F6C
3DAA
BFE8
BF72
BF9C
BFAF
C0BF
4010
BE17
C061
BF21
BEDB
BD9A
BF92
4060
BFA3
3FDC
3FC5
4048
C04E
401C
BF46
C011
3F9B
4018
C068
BEFD
3ECD
403C
3FEF
BF97
BFA4
C040
4063
4021
4061
405E
3F84
3E91
BFAA
BD4A
3DC5
C048
BD54
3FCC
C03F
BF2E
C013
3ED7
3FBE
3F22
BE21
BF5A
406E
3FEF
3FB7
BFF3
BFF0
3E93
3F5E
3FCF
BDFE
3E22
BED2
BE80
3F0A
BF12
3F84
4077
C014
3FC7
3E5D
3FF7
3F95
3F90
BF96
3F10
BFFB
BF83
BF22
BE33
BF6E
BFD2
BF8F
3ECE
3ED1
BFFF
3FD9
BF8A
4069
BEAC
BFB3
BF8C
C07F
40CC
C00D
C02E
BD78
3FC1
BF99
BEE9
3F22
C015
40B1
40B2
3F31
C06C
C006
400C
40B1
C037
4084
3F64
3DA5
C03D
BFD5
4005
BFD0
BFC2
BEB4
BF1D
4092
3E78
3E0D
BF17
3FB8
4030
BFC8
BEF1
4085
400C
3FE4
BF73
BED6
C012
3ED3
3E89
3FD5
4003
3E76
3FE1
BF48
3F75
3FEC
3F2E
3FB4
C04E
BDB2
3F82
BFA8
C084
C017
BF66
BFDF
BFA7
BF91
BF64
BFFF
4012
BF66
3FF6
4037
3F09
C01E
3E98
3EAF
3FF7
BEE4
BE23
BF31
BE7F
3FF3
C033
3F27
3F05
BED3
406D
402B
C076
3FFB
BDE2
4041
3F11
4048
BDC1
40BE
3EEB
C00E
C001
BF8A
C027
3FCD
BF9C
4004
3DF3
4015
BF22
4018
3FF8
3D0B
3C5A
BFB1
BF02
C01D
3F1B
C020
4094
4021
3E76
C10B
BFEB
3F78
3E41
3FC6
BFE2
3F82
3EF3
4082
C055
3E83
3FAF
C01B
3F88
3F54
C04A
BFCF
BF8D
3FD4
3F0D
403D
3F00
3FF8
C033
C01E
BFF4
C0BD
BF59
3FDF
3F46
BFCF
BF86
40B3
403D
C09A
BFD2
3F62
C0D3
4072
BE88
BFF1
C020
BF90
BF79
3E2D
C010
3F44
4057
C071
4078
C01F
3F4B
3FAE
C006
BF80
3F6C
BF64
3FF4
BF73
C00B
4003
3FB5
BF44
BF08
402A
3E43
407D
4034
405D
3FFF
BEDA
3F77
C01E
BC9B
C019
BEA3
C03C
3F09
4067
3F1B
BE9B
C057
3FAE
4051
C03D
BFEF
BF39
3F8F
BF83
3EAF
C032
3DAB
3EB6
3FBB
3E96
BF0D
BFBA
3FD0
3F7B
4023
BFCE
3F14
3F9D
3BC2
403B
3E54
BF30
3F92
4098
BD8D
3F8A
4071
BE8B
4023
3F46
C011
40A6
3FF3
BE5D
400C
3E0F
3F4F
3FCB
3EF5
C037
3F97
3E09
BEF6
3F11
BFC8
BF80
3FC5
C027
BF2A
3E08
BFD9
3FD7
BF49
3FD4
BEC8
BF9D
402C
BFCA
BE99
C028
410E
BFC9
C051
C01F
400B
BE6B
BFA6
C026
3F80
3FFA
3EC0
3F16
BFA5
4052
3EAD
404F
3E33
402A
BF20
3F4C
C073
BFA6
4009
4031
40A9
4039
3F73
BF88
402D
4038
3F2C
4086
4048
3FE9
BEBA
3EAC
4022
4035
3F32
C000
3FA8
4015
3FE8
BFE0
C085
3FE1
BF32
3E99
BE12
3F3C
40CA
4030
3FF8
3EB2
BF8C
C02F
BFF9
3D7A
BF79
C00E
BFEE
3D56
3F61
3EB4
401A
401B
BF0C
4007
4009
BEBF
4034
3F88
C0A9
3EC4
4080
C03F
BF68
BFAE
3FC9
C033
BEBE
BD95
4052
3EA7
BFE3
40CF
BF05
BD48
BFA1
BF31
4004
4031
BFDF
C024
3F92
BF9B
BFF5
3F49
BFB8
3E5E
4091
3EBE
BE90
BFB0
C043
BF5B
3F8A
3ECA
3FB0
4054
C081
3F68
3F3D
BF10
BF7A
3F35
BF17
3EEA
4025
BFB1
3FDB
BFB7
BFAB
400B
401B
BE98
3FC7
BF94
C0A1
3F96
BF5E
BD32
BFD0
3F5E
BFF9
3F86
C0A5
C006
3F6D
3FC6
3F8C
BF7B
BFB6
3F9C
3F83
3FF1
3FD2
BF93
3DC9
400F
C078
BF38
BE91
BF88
C002
3E90
C0C5
3F72
3EAD
3F81
3FE5
C0AB
C003
BFB2
3E29
3F8E
C06A
BED5
3F81
BF90
4086
BF50
4011
C031
3BFF
C04A
C026
C01D
BF36
3F51
3F60
C02C
3EF1
3EF5
3F3A
3DD8
C01F
BF8C
BFDD
3F07
3D75
3FBF
BFB9
3F9A
3DD6
BF89
C001
3F03
3FF3
4001
BDCB
BF44
3ED6
3F65
C083
BF85
4023
3FE4
BFE4
C023
BFD8
3EC6
BF59
3E2E
3EF7
BFE7
BF4F
401B
BECA
C0CC
3F96
C099
BFE7
BF31
BF16
BFC2
3FBC
403F
BE88
4018
3FDC
C02B
BF4D
BE6A
BF9C
3EB4
BDC4
BF5C
BF97
BF8A
4067
BC9B
C094
3FBD
BF36
C009
3F44
BFAD
BFAA
4064
BFB3
BFB1
40A2
C009
4051
3F74
3E5F
3F62
C135
BFCC
BFA6
3F23
3F18
402C
3EA8
C07F
4054
BFB4
3FDD
C09E
3ED1
3FFB
BFEE
C01F
3F14
BFA0
BED9
3FED
3F64
BFBC
BF1D
BFFC
BF83
C005
C105
C000
3FF1
3F32
3E87
C038
C027
3F00
3E4A
3FD6
3D55
4038
3F83
410A
3F4F
BFEE
C043
BF97
BEF0
BFE2
BECA
3F2A
40AA
C09C
BDA7
BEC8
4002
BD77
BF34
3F81
3EE3
BFF2
4024
BFC1
C0B3
C024
4056
3F83
BF31
BFBC
BD8D
BF97
C112
401B
BE30
BFF9
3F33
401C
C003
3F97
4036
C01D
3F76
C03A
4003
BE4B
3E94
4022
4023
BFBE
C034
C083
BEE8
BE40
BFF5
C045
BF55
BFD3
3FA9
BFFD
3F83
C04A
C096
4061
BF8E
406D
BFB7
3FFF
C098
BEED
BFD6
C062
3FB2
3DC2
BFD0
406B
4047
3E86
403E
3FBC
BF68
4054
BF49
BE7E
C060
C028
C0C0
BFA1
C0A6
C03C
3F70
C037
BF03
BFDD
3DFB
BFB1
C073
3F1E
BF98
BF9A
BF8A
3FCD
4024
BF92
C01F
BFCE
3FE3
404B
BD9C
BE6D
BFAE
3F85
4026
3F4C
BCBB
BEB5
BFDF
BEBF
4060
402B
BDA5
C017
BDAA
40BF
BFAB
3FE9
40BA
3F34
3FAE
3DE1
402C
402C
BF63
3F76
C08D
BF2F
BF9C
402A
BC1C
3FBB
3D7E
C054
3EE8
C092
BEC1
BF54
3EBD
3DC0
3F5D
BF39
BED8
BF99
4009
BFC3
C090
BFDC
3FF4
BF2F
C085
3FCB
3FF1
4054
C05A
C02E
BD63
BE83
BFB3
3EDE
BE7D
4008
3FC3
BFAD
3F8A
BF17
C0ED
4059
404D
C008
3E98
4089
C0B3
4091
C014
3F06
3DA9
3F0D
C03E
BEA3
BEBA
C002
BEF0
BF95
4006
BFF9
407A
400F
3F75
3E44
C03F
BFC1
BFA5
C066
C079
3E59
BDAB
4046
3FB2
3F5C
BFA1
3F37
3EB7
3F5A
3FA2
BF3F
3F86
3FED
C069
BF18
3DEE
BFF1
4021
3FDC
4002
BEA7
3EC6
3F72
BCDE
BF73
BFD6
C011
3F10
3F6D
3F5B
4060
BF8F
C07F
3FC7
3FCB
4061
C063
C003
BEFA
BCF8
404E
3F90
C010
400C
3FC9
405D
BFD9
3F92
3F01
3B8B
BE93
C066
BDA6
BF61
3F1B
3E8E
BF7B
BFC0
C0AB
BF83
3F50
C03C
3E05
BF18
3FAD
C017
BF06
3F76
BFAA
3F1A
400F
BF86
4009
4087
3FF3
3FB9
3FCC
3F3F
3FC0
3FAD
3F99
3E98
BF14
BD70
3F80
3FB4
4000
4056
BD19
BFE5
C0B8
3E4F
3F2D
BF2F
3D94
BEFD
4017
C00B
BF39
40A7
3FF2
C039
BD22
C04A
C082
C006
BE3D
BE63
C0A0
BEB1
3F8F
3F81
3ECA
BED0
400F
3F96
402B
BFD2
BFA5
C070
C001
BE69
3FD3
3FDF
4048
4110
3ED1
40D9
BFBD
3EB7
3FC8
3F89
BFC8
BF63
BFFE
3F09
4026
3F93
3F80
BE10
3F24
C10E
BF66
3F8B
BFE1
405B
BFE8
BEC9
3FFD
3FBD
3F18
C068
C069
BF3C
400A
407A
BE32
BFCE
C08C
C015
BF91
BE48
BF4A
BF1E
BF70
3F9D
3FDB
3FE3
3F7F
4022
BEFB
4005
3FB4
BEBF
C022
BF0C
BFD4
403C
BEA7
BF2D
BDDD
C008
BF8E
4002
406F
BE37
BD88
4007
BFC7
BEF0
3FC3
4018
BF90
3FB2
C00E
BFAF
4058
3FEF
3E29
BE8B
C00A
C009
3FF1
BF28
BFB3
4008
C02C
3F05
C024
BF99
3F98
3F06
C02F
3FC0
3EA6
3E01
409D
4007
3EA2
3FFE
3E23
BFED
3FC7
3F59
BF93
406A
4090
3F3C
BE6F
3F99
BF60
3F89
3EE3
3F6F
BFD5
BDAE
C087
BF29
3F21
3F76
BF16
C047
4044
BFBC
BFB6
C025
3F57
3FD9
C09C
C023
3FC7
3FA1
BEFD
C02B
3F4A
4050
3E84
3F9B
4006
BEA3
C08D
4098
BF2A
BE73
3E10
4067
BED8
3F66
C001
4061
BF10
C027
3FF5
3DD4
C087
BF88
4075
BF36
3FBF
BFAD
BFF3
3DDC
3F89
3FC3
4050
3FFC
BF54
BFC3
BE90
BF84
4047
3D24
3F0A
BFDB
3E8A
3FB1
BE89
3FE2
C062
C067
C05C
408F
407D
3FA3
BE1B
3F86
4063
C02F
3EEE
BFB5
3FA9
BF4E
BFE8
3F93
3FD4
3FFA
C022
BFA5
3F57
BFDD
3E15
BF99
BFAF
3F27
BDF6
BF88
BEC8
C053
C004
BF0F
3F3F
4065
3F2F
3E09
4093
C0C8
BF88
4009
3F2F
BE2B
3E99
3F78
3FC1
BF0C
BFF4
402B
BFC0
BFC5
4018
BF94
BE5B
4054
3E94
4003
3E21
C0BF
BF82
BF94
C006
3FC0
3F62
4063
4016
C09D
C042
C009
BEEB
3F90
C09C
4030
3E16
3FC4
400D
BF29
405C
3E89
BFA2
3EEC
BF2C
3EEF
3FF7
C083
4001
400C
3F28
C009
C005
BF88
3EBA
3FBA
BEB3
BF86
BED4
C017
3FCA
4058
3F89
C03A
BFCA
C053
3F68
401E
BF32
3D61
3FB9
4031
C089
C052
BFAC
3F3D
BEBB
3ED5
C053
C092
BFA0
BF1A
BF26
4018
3FBE
C036
BF45
405C
4001
4037
BF83
C0E7
409B
3ED7
3EC0
C0A3
BFA5
BFAE
BFC3
3FC3
3E2C
C016
BFD2
3EF3
3F37
4009
BE87
BF6D
C00E
4089
BEF3
3FC1
3FA9
C097
BF11
BFC6
3F0A
BF62
3F97
3DC8
BF0F
4072
C09C
409B
4026
BF75
404B
3F3E
400B
3ED5
3FDA
3E8A
BFD6
3F92
3FF5
BF21
3F6D
BE28
BF97
BF4A
4039
4020
4034
BFEC
3FB5
BFB2
3F99
C01C
BF2D
BFD9
3F4C
3E99
3FC2
4087
3E3F
BE82
BFCE
4047
3EF8
C045
4078
3E0C
3FEB
4010
BFBE
BDA1
BFFA
3E46
403E
C00F
4016
3EC7
C01B
C07A
BF93
3FB2
BF5F
3F3A
400D
BF59
3EBE
4038
C03A
BFF8
BF71
4089
40A2
BFC3
3EEA
C123
4096
3F3C
BEA6
3F36
40D8
BF81
3F3B
BF6F
3F11
BEC9
C04D
C024
BDC6
3FCF
3EDD
3FDA
3EA3
BEF9
3F94
C031
BFAC
4078
BFA2
3F3B
BF21
3F7C
3F53
3F48
3FA0
BF94
BE75
BFA1
403C
4056
3E05
BF71
BD13
3F43
BFBD
401B
4075
4009
3BA8
3D8B
BFCB
BFA6
3DFF
BFAD
C083
BEB0
3F02
40D9
BF89
3FA3
3FD2
402F
3F87
3D00
402C
408B
C031
3FD0
3ADC
3FC6
3FC3
3F8C
402F
400D
BF4D
3F41
BDC9
BFCA
C011
BFD3
BF4A
3FD2
C0D0
BFF1
BFB4
3FB9
BD3D
BF00
BF99
BF44
BFD4
BEEA
BF3C
BDBD
BF3E
BD4B
C041
BEFE
C021
BFF6
3DED
4059
BFB1
3FB1
3E5B
BF84
BFD4
3F1B
3F1A
3F7E
4054
3F69
C062
C002
C084
C062
C04C
3EF6
3F96
BD18
3E3D
4052
3E4D
BFA7
BE78
C0B8
C012
BF4A
C01F
BFB6
C053
3FDF
C0C2
3EBF
C009
BFE2
3E93
3E83
BF70
403B
3FBD
3F11
BF58
BB8F
C000
BF9C
C03D
3F55
BFAC
BFAE
BF25
40DB
401C
BF45
BF9C
BF5C
C033
3E34
BFFE
3EB8
C006
4005
C05A
4084
3FC9
4044
3F99
BE60
BF8F
BF1B
3F9D
4007
C082
C030
40A4
BDA8
C091
4089
BF4B
4013
BF3E
3DB7
C00D
4056
BF80
4049
BFCE
BE8C
BDC7
BEBE
4013
BF1D
3F86
BDDC
BFB4
BF83
3E34
BFBB
BF85
BF9E
402B
401B
BF34
BEA8
3F4C
4063
C016
3ED5
3F9F
BE8A
3F7D
3F9D
3F8F
C023
BF2D
BF02
405C
BE2B
3F84
C0AF
4083
BFC5
3FCA
3FC4
C031
4028
BE42
BFA7
BF17
3ECE
C005
C049
3E9D
BF18
4043
C039
3F84
4067
3F9B
BFD1
C00A
4013
C015
C094
BEAB
BFF9
BEC2
3FFF
BF44
3FCB
4014
3FF8
3F9D
BF88
405E
3FD4
3F05
C0D9
BF8A
3E72
3EF0
BF14
3F0C
BFEE
C004
BFFC
BF80
C021
402A
BF77
401F
C0F9
3D41
3D71
404B
3DE7
4065
BFF0
BE18
BF5D
BB03
C000
3FE1
3E51
BF46
BFEE
BF39
3EB1
4094
BED3
3FBF
C001
3FD7
4037
BF66
3F12
C04F
C024
3FFC
BF44
4059
BF8C
C046
BDC7
BF49
401C
3FFC
3D9D
C094
BFB2
3FBA
3E08
3F70
40A9
405D
BF16
BEF4
C01B
BE8E
C06D
3CC5
BE70
BFDD
3F06
40AC
C0CF
3FD4
4013
3F0B
C032
3F2A
3F99
4021
BFE2
C040
C011
BD0C
BFF0
3F95
C013
BF7C
4004
BEEB
3D97
BDC5
BFFC
4035
3D82
BFEC
BF84
4016
BFBC
3E76
3F51
BF5A
3E05
BF91
C035
BFBF
C024
BF91
C001
4019
3F15
3FA4
3F97
BE11
3E6D
C075
BF78
BFA5
4060
C015
3F40
3F11
3F54
4085
3FC8
BE36
3F00
BFB5
C085
4013
BFB3
BE82
401D
4016
C010
3F5E
BE08
4011
BFA7
BF02
4020
3FA7
BC06
BF8B
3F59
BF5E
BDE9
BF47
BF97
BE82
40DA
BFB9
3EB8
4007
404A
405A
BF9B
C059
3FB5
3FDD
3F3A
BD98
4014
BFCE
3FDC
4038
C039
BFBC
40B8
3ECE
3FE0
3FBA
BEE9
C02E
3F36
3F8B
3F9D
3EDE
C005
40C0
4071
4017
C06C
3F5F
BF89
BF01
BF52
BFD6
3E60
4085
4056
404D
3F60
3F94
BF42
4046
BF90
C0A8
4026
BFBD
3F45
3FED
3E1E
3F87
C03F
3F51
3F7F
BE9B
BFEA
BFBA
C0C2
BF58
BF8F
C004
3F43
BF10
C017
C028
C025
BF22
4008
C050
C040
BFF3
3F14
C01F
3F35
C0E5
BF9D
4007
401F
C0A9
401A
3EFD
C064
C01C
C008
4047
BE43
BF78
BECA
BEF9
3F95
3FDC
40A6
BFA5
C00C
C07E
C040
3F3E
3F01
402C
4040
3F78
3E93
40B0
3F94
BEC8
3FB9
3FB5
C04F
BEBD
BE85
409F
4015
3CD4
BFAF
C042
4094
C030
C022
4039
4029
BEA7
BF28
BE20
BFA7
3E2C
403D
4002
BE88
4046
BF5F
4071
BEF4
BF84
3EE9
3F61
BFD4
3FB7
3FDB
BF61
3ED0
3FC4
BF04
C059
3FA8
4034
3FAD
3FD6
40E8
4027
C00F
BFFB
3EB4
408A
BFA6
4056
4080
3F65
3F58
400E
3D0A
4023
BE9E
3F66
BF35
C001
3F59
4063
3F92
BE97
BF39
3F3F
BFFB
4036
401C
3F19
BFC6
3FBF
3FB2
3FBB
3D80
4039
C051
3ED8
BC1B
BF0A
BEB0
4094
C061
3FF9
C021
C015
BF85
BFDE
4042
3EE7
BEA0
BF4F
4000
BF68
3FB1
C058
BFA9
402F
3EB3
BF26
3F9A
3F9B
BF88
4069
BF46
3F34
BFE1
BF9B
BED9
3F3E
408A
40C1
3EBA
3F94
3F57
401A
3F90
BE54
4052
C018
3FBA
4001
BFF3
3D7B
C04D
4002
3F12
BFC4
BFDC
3F24
BFD6
BF02
3F93
4032
4018
C05C
BDB3
BFAA
BE1E
3F65
C055
C02B
3FC4
3FE9
3F8D
C063
C004
BF4B
3F97
BFAF
3FC8
3FCD
C009
4086
4085
3D91
3F0D
401B
3F65
409A
3F15
4011
3DE1
BEBB
408D
BE65
C0CC
402A
3B6D
4087
3FD9
BFD3
C03F
3E8E
3EA9
BF08
BFD4
BF68
3FA1
BFD5
BE1F
C032
3FA7
C072
3CE1
C02D
3F8D
BFD6
3F98
BF4B
BBCC
3FC7
BF40
3F16
3FAD
4057
C045
BF86
3F38
BEC1
40DA
BFA8
BE1A
3E35
3FAC
C01D
3F86
3F93
BF74
4077
3E2B
4050
BFFB
3EB6
3E9C
3F4D
40E2
3ED4
BFE4
C05D
C03F
3FDF
BF19
BE5C
BF35
400F
C04E
C001
BFD6
C096
403E
BE56
3FBC
3EE9
3FC1
C053
BF45
4059
BE0E
C10A
BFAB
BEF4
4003
BEF7
BFA7
BEF7
BEF2
BF88
3FFA
C07B
BCAD
3F1B
C0A1
3FD6
400E
BE15
3F92
C00E
BCAA
BEA3
3F85
C001
BEE2
BF04
3FD8
3FAC
3F26
3ED6
3E81
BFE8
BF24
4042
BF33
C014
3F21
BFB8
BF1B
C018
4068
3F8C
C057
3EF0
BFF6
BF0E
BF45
BF80
BF2F
402C
3FCC
BF1B
BFCC
3F89
400C
C04F
BFF8
BFCF
BF37
3F65
BFCF
C089
C026
BE6F
BF78
3FBB
BFBE
3FEB
3EFD
BFBA
BDA8
3FA1
BF1A
3EE2
BED1
BF70
C01B
C059
BEF9
3EB9
BF02
C015
BF34
BF94
3FB3
C022
C087
C047
BFBD
4073
C059
3FF9
3F87
402E
4016
C03A
401F
3E9F
409E
3FEB
BF99
3F19
BE16
3F8F
BEEE
3F48
4064
BFAE
C02E
4000
3F92
BFFE
BEF0
C079
408D
C08E
3D91
3D36
BE25
C087
BFFB
C03B
BEA1
C035
3FC9
C005
4027
C014
3F71
3FCA
BFE4
402E
3BC7
C007
3EE9
BF90
C004
BFA2
3FBF
3DC7
BFF0
BFC0
BFA0
3DE5
3E75
C02F
BE20
3F89
3F39
4033
BFD7
401B
3DDD
BFE1
C089
C029
BF3E
BF3C
3C86
3F11
BFF1
BFBD
C069
C020
4036
BF05
402D
C002
BFC8
3F46
3C74
C005
BF3E
401D
BFB6
BFB9
3FFC
BFAE
3F2F
